Id,MedHouseVal
37137,1.642290100000001
37138,2.5716701000000004
37139,3.9870824000000002
37140,1.6296001000000009
37141,2.3999599999999988
37142,1.491970100000001
37143,0.9692802000000014
37144,1.7355507000000003
37145,1.6024500000000006
37146,2.8094420000000015
37147,2.0260901999999987
37148,2.0484914
37149,1.9442502999999989
37150,2.402810100000001
37151,3.7742445999999954
37152,2.0235906000000004
37153,1.4096099999999998
37154,1.5172300000000005
37155,1.6942999999999997
37156,1.7139699999999995
37157,1.687720099999999
37158,1.7025899999999994
37159,1.6323701
37160,1.9129900000000006
37161,2.2674008999999997
37162,3.076580900000002
37163,1.4389700000000005
37164,2.042400000000001
37165,1.788299999999999
37166,2.0622602999999984
37167,4.400434399999997
37168,4.89836969999999
37169,1.7822600999999991
37170,1.79292
37171,1.8051204000000007
37172,3.8197932999999966
37173,2.3824602999999995
37174,1.5880001000000008
37175,2.13548
37176,1.7878299999999994
37177,1.3421900000000004
37178,1.2777101999999991
37179,2.1536802999999987
37180,2.3414500000000014
37181,2.699570600000001
37182,1.4173000000000004
37183,2.8037601000000025
37184,1.65121
37185,1.7064301
37186,2.182099999999999
37187,1.6023199999999995
37188,1.1892099999999999
37189,1.3870901000000004
37190,2.1321005000000004
37191,1.1220500999999998
37192,2.3702204
37193,2.631450599999999
37194,1.6074199999999998
37195,3.4274915999999997
37196,1.51047
37197,2.1815200999999997
37198,2.0791699999999995
37199,1.6302306000000002
37200,2.751531
37201,2.0821907000000017
37202,2.776060100000001
37203,1.9381800000000005
37204,2.245360099999999
37205,2.0380636666666665
37206,1.8162101000000002
37207,2.338080100000003
37208,1.2874699999999997
37209,3.0114206000000006
37210,4.059382999999998
37211,2.8753900999999984
37212,1.9035200000000005
37213,2.494790000000001
37214,1.7390700000000001
37215,1.6377999999999997
37216,1.8721400000000008
37217,3.0399536999999985
37218,1.5167000000000002
37219,1.7194310000000002
37220,2.471890900000002
37221,1.8543100000000003
37222,2.573719999999997
37223,1.9746306000000013
37224,3.514131000000002
37225,1.64823
37226,4.789098099999992
37227,1.4029599999999993
37228,1.66564
37229,2.5017909
37230,1.8917000000000008
37231,1.6143700000000003
37232,2.718831899999998
37233,1.81877
37234,1.2372299999999996
37235,1.6938199999999997
37236,3.2704106
37237,1.993880099999999
37238,2.5372902000000024
37239,2.326939999999999
37240,1.9634500000000006
37241,3.2242002999999992
37242,1.5956500000000005
37243,2.9771930999999983
37244,1.8622799999999995
37245,3.691024499999997
37246,1.703650000000001
37247,1.5626899999999997
37248,1.9484805
37249,1.8610899999999992
37250,1.90803
37251,1.4347099999999995
37252,1.4665500000000002
37253,1.5618900000000013
37254,2.7524
37255,1.3581999999999996
37256,2.2863501999999998
37257,4.160474299999997
37258,1.8322701000000006
37259,2.610679999999998
37260,1.686389999999999
37261,1.1718400000000002
37262,1.2227899999999996
37263,1.7690300000000008
37264,1.5604000999999987
37265,2.4883204000000005
37266,1.3386603999999998
37267,2.482749999999999
37268,2.005560000000001
37269,1.6945100000000002
37270,1.4517501000000002
37271,1.9290602000000008
37272,1.3499901000000007
37273,1.6976804000000003
37274,1.9894711000000007
37275,2.7320420000000003
37276,1.4576599999999997
37277,1.3811800000000012
37278,2.4153104000000014
37279,3.105500199999999
37280,1.7885500000000016
37281,1.460970000000001
37282,1.9777999999999993
37283,1.5680799999999988
37284,4.814507999999992
37285,1.522899999999999
37286,1.5659803000000003
37287,2.296470099999999
37288,2.1112300999999998
37289,1.49286
37290,1.847820099999999
37291,1.7617100000000008
37292,2.184400099999998
37293,2.2181219999999993
37294,1.620060500000001
37295,2.9993513000000003
37296,1.0703399999999994
37297,1.6980501
37298,2.0251101000000005
37299,1.6578099999999996
37300,2.1952500999999995
37301,2.1311601000000007
37302,1.741360000000001
37303,1.8670200000000008
37304,2.8923002999999987
37305,1.8114904
37306,1.5507699999999993
37307,1.6621700999999995
37308,4.88000939999999
37309,2.430736798809524
37310,1.72355
37311,3.3526500000000015
37312,1.5322099999999992
37313,1.8408800000000005
37314,1.6366000000000012
37315,1.8522409000000002
37316,1.3470299999999995
37317,4.384535899999994
37318,1.5906303000000006
37319,2.2649516999999997
37320,2.1574100999999986
37321,1.7520001000000005
37322,1.5035899999999995
37323,1.8687800000000008
37324,1.5323600000000002
37325,1.8938800000000002
37326,1.4066402000000002
37327,2.7692405999999994
37328,1.6850602000000003
37329,2.7293999999999996
37330,2.2412704000000008
37331,1.80835
37332,1.5849903
37333,2.51608
37334,2.0856800000000018
37335,2.0777400000000013
37336,1.63542
37337,1.9743601000000006
37338,2.345591300000002
37339,1.6919999999999995
37340,1.2992399999999997
37341,1.7946599999999993
37342,1.6566301000000008
37343,2.2481000999999985
37344,1.5478899999999993
37345,3.822783399999999
37346,2.1766400000000004
37347,1.3452401999999992
37348,2.304729999999999
37349,1.3577302000000007
37350,2.0569911000000007
37351,1.2729100000000004
37352,1.8318899999999987
37353,1.5443401000000008
37354,1.7126200000000005
37355,1.4724700000000002
37356,2.1645300000000005
37357,3.9335014999999953
37358,3.6027801999999984
37359,4.640795699999995
37360,1.9640102999999995
37361,1.8819999999999992
37362,1.6921407000000004
37363,1.6091999999999986
37364,2.742330000000001
37365,2.7348100000000004
37366,1.5762500000000006
37367,1.6477601000000006
37368,2.1403200000000004
37369,1.7680101000000008
37370,1.58904
37371,1.9943504999999997
37372,1.495880199999999
37373,1.5189567666666657
37374,1.7175599999999982
37375,1.80138
37376,1.4118901
37377,3.272810000000001
37378,2.5281305
37379,1.2637299999999998
37380,1.3817001
37381,1.2672400000000004
37382,1.6828199999999993
37383,2.6554404000000016
37384,2.603470100000001
37385,2.183290000000001
37386,2.024480000000001
37387,1.720339999999999
37388,3.4283721000000003
37389,2.4838199999999993
37390,1.7161000000000006
37391,1.4299301000000006
37392,1.0772600000000003
37393,4.461825899999994
37394,1.9336000000000015
37395,3.649882900000001
37396,2.0330708
37397,1.9117604999999998
37398,2.0390601
37399,1.7164999999999997
37400,1.25982
37401,1.7062599999999994
37402,2.083690299999999
37403,0.929900000000001
37404,1.28722
37405,1.6103199999999998
37406,2.4258900000000008
37407,2.03224
37408,1.6110599999999993
37409,2.8979005999999994
37410,2.0475504999999994
37411,1.95168
37412,2.1904703000000003
37413,4.718716799999995
37414,2.6468700999999974
37415,1.9723564000000007
37416,2.253791100000001
37417,3.9637928
37418,1.6592901000000004
37419,3.988073499999999
37420,2.285599999999998
37421,1.2326399999999997
37422,2.103821000000001
37423,2.0210101999999988
37424,1.7843601000000004
37425,1.841930500000001
37426,1.67419
37427,1.068789999999999
37428,1.482220100000001
37429,1.3713800000000007
37430,2.0739600000000014
37431,2.249020900000002
37432,1.50983
37433,4.445305899999995
37434,2.3578102999999997
37435,1.9878112999999997
37436,1.8139100000000008
37437,1.4654203000000001
37438,2.630890200000002
37439,1.6417399999999998
37440,1.5097301
37441,2.9126299999999996
37442,2.201900199999999
37443,1.4514700000000003
37444,2.165330099999999
37445,2.0284299999999997
37446,1.6440000999999993
37447,2.0074000000000005
37448,1.7581799999999996
37449,1.2002599999999999
37450,1.7523907000000005
37451,1.2943399999999996
37452,3.6223117999999976
37453,2.110639999999999
37454,1.9001402999999986
37455,1.6702800000000004
37456,1.9045100000000001
37457,1.6925100000000004
37458,2.7521417999999986
37459,1.9009201999999998
37460,1.9559801
37461,1.6754999999999995
37462,2.0058199999999995
37463,1.9367100999999982
37464,1.7993500000000002
37465,1.6857001000000003
37466,1.5609499999999996
37467,2.0723805
37468,3.319173199999997
37469,2.4693306999999987
37470,2.5473007000000005
37471,1.7119499999999999
37472,2.737660000000001
37473,1.8968402999999998
37474,1.1255999999999997
37475,1.8248200000000012
37476,1.8388400000000003
37477,1.9559501000000008
37478,1.4568400999999997
37479,1.7823200000000012
37480,2.1438200000000007
37481,2.18533
37482,1.1419
37483,4.819727699999992
37484,1.8164299999999995
37485,3.5609642999999984
37486,2.1819899999999985
37487,3.527450500000001
37488,1.9624104999999992
37489,1.758870199999999
37490,2.125851000000002
37491,1.8258400000000001
37492,1.5593999999999997
37493,1.8395999999999992
37494,1.1981399999999995
37495,2.121089999999999
37496,4.032090099999998
37497,1.94711
37498,1.5571301000000006
37499,1.71205
37500,2.0776702
37501,1.4109301000000003
37502,1.6589399999999992
37503,1.5078300000000004
37504,3.1740802999999995
37505,1.9400402000000003
37506,3.406221
37507,2.1704305
37508,3.8538106
37509,1.7021701999999999
37510,1.8642499999999997
37511,1.4843302000000003
37512,2.664110100000002
37513,1.3085500000000012
37514,1.8701302000000004
37515,3.648611299999999
37516,1.37155
37517,4.652235899999995
37518,1.1086899999999997
37519,1.8808300000000002
37520,1.5353299999999996
37521,1.7329702000000007
37522,4.0341634999999965
37523,2.213570500000001
37524,1.891640000000001
37525,1.9559300000000013
37526,1.5088200000000007
37527,3.6068435999999995
37528,1.9706005999999996
37529,1.7294304000000005
37530,1.5239799999999997
37531,2.020920100000001
37532,2.1794014
37533,3.287040499999999
37534,2.171660399999999
37535,1.9204101999999992
37536,1.93538
37537,1.25526
37538,2.0662911
37539,1.7276902000000007
37540,2.6778505000000012
37541,1.9198800999999996
37542,1.6653600000000008
37543,2.604709999999999
37544,1.9893401000000008
37545,1.3633701000000005
37546,1.9714303000000002
37547,2.2446302000000014
37548,3.026673999999998
37549,2.030249999999998
37550,1.747349699999999
37551,1.4652902
37552,1.8056701999999996
37553,1.2172301000000012
37554,1.6683602999999996
37555,2.0733599999999996
37556,1.5979400000000004
37557,1.89583
37558,2.093910300000001
37559,2.720510000000002
37560,2.1520799999999998
37561,1.7817200999999998
37562,1.6891300999999999
37563,2.467490100000001
37564,2.0624099999999985
37565,2.9847101000000027
37566,2.1100802999999986
37567,1.9725699999999997
37568,2.7230904
37569,2.2532599999999996
37570,1.9034301999999987
37571,2.447660099999999
37572,3.7414415999999977
37573,1.4692100000000006
37574,2.410370000000001
37575,1.9290399999999988
37576,1.9320997999999998
37577,1.9315300000000013
37578,1.7776004000000016
37579,2.1477600000000017
37580,1.7515105000000002
37581,1.4698301000000003
37582,1.878409999999999
37583,1.7565099999999998
37584,1.6101899999999998
37585,2.2820639999999996
37586,2.3255809999999997
37587,2.7061306000000007
37588,2.0669
37589,2.219710899999999
37590,2.1207209000000007
37591,2.339680000000001
37592,1.7029299999999998
37593,3.699292099999999
37594,1.4828200000000016
37595,1.8708899999999997
37596,3.2235114
37597,1.4349601000000005
37598,1.4685800000000009
37599,1.8925001000000001
37600,2.1377103999999996
37601,2.1601900000000036
37602,1.7649200999999997
37603,1.5741403000000012
37604,1.6305801000000002
37605,2.0205499999999996
37606,3.0989001
37607,2.7828009999999996
37608,3.775141399999997
37609,1.7551700000000003
37610,1.456019999999999
37611,2.160300399999999
37612,2.277040000000001
37613,1.6259900000000007
37614,1.4779599999999997
37615,2.2093200000000013
37616,1.8237
37617,1.740340000000001
37618,2.0684699999999996
37619,2.1346806999999974
37620,1.3444999999999998
37621,3.5978121999999986
37622,1.7125399999999988
37623,1.6318100000000002
37624,4.611056699999994
37625,2.099050199999999
37626,1.8225303999999993
37627,1.3843501000000002
37628,1.8635603999999992
37629,1.6776708000000005
37630,2.1219000999999995
37631,1.67366
37632,1.7758200000000008
37633,1.503870399999999
37634,1.9671100999999995
37635,3.179860799999999
37636,2.5333915000000014
37637,2.8252699999999997
37638,1.6289100000000003
37639,1.36691
37640,1.9855199999999993
37641,1.4236000000000004
37642,1.4619999999999993
37643,1.8710200000000008
37644,1.4879799999999992
37645,1.4227601000000005
37646,2.6111211000000014
37647,1.963490000000001
37648,1.3778001000000004
37649,4.142473799999996
37650,2.1661502999999986
37651,3.0725917999999974
37652,2.20737
37653,2.2828901999999984
37654,2.0795699999999995
37655,1.27571
37656,1.553940000000001
37657,1.5618100999999998
37658,2.1088999999999993
37659,3.188050499999999
37660,1.28818
37661,1.6733099999999985
37662,1.8348301000000018
37663,1.7307204
37664,2.3150205
37665,1.4539100000000007
37666,1.51057
37667,2.9716303999999987
37668,1.4932601000000005
37669,1.807869999999999
37670,2.2410999999999994
37671,1.5243800000000007
37672,2.8960713000000005
37673,1.8376300999999995
37674,1.4737299999999995
37675,1.9060102000000005
37676,1.8447899999999995
37677,2.0865602000000005
37678,1.626980099999999
37679,1.489470000000001
37680,2.3415703000000003
37681,1.7541799999999999
37682,1.6489305000000007
37683,1.2038799999999998
37684,1.7268200000000005
37685,1.3954200000000005
37686,2.4940899999999986
37687,3.5328418999999998
37688,2.14941
37689,1.3517699999999997
37690,3.0543313
37691,3.1457412
37692,2.7656111999999973
37693,1.3741100000000004
37694,1.8506900000000013
37695,1.3917602
37696,1.9921402999999998
37697,2.3732803
37698,1.1072199999999994
37699,1.8412199999999996
37700,1.7017199999999997
37701,2.0448106999999993
37702,2.505760199999999
37703,1.833929999999998
37704,2.0002602000000014
37705,2.3413901999999975
37706,3.854744399999996
37707,1.55067
37708,1.8337604000000005
37709,4.187033699999994
37710,4.103165199999995
37711,2.576850100000002
37712,2.35569
37713,1.7042099999999993
37714,1.6551999999999998
37715,3.0530202000000006
37716,1.8395899999999994
37717,1.6555999999999989
37718,1.7625999999999988
37719,1.7232600000000011
37720,1.8654700000000002
37721,1.6243804000000006
37722,2.4090210999999995
37723,1.7028499999999998
37724,1.671359999999999
37725,3.500092699999999
37726,2.4149201999999987
37727,4.037784699999996
37728,1.6459000000000013
37729,4.416517099999994
37730,1.5245701
37731,1.6355099999999998
37732,1.1608600000000002
37733,1.7700605000000007
37734,2.0031201000000003
37735,1.0129899999999992
37736,1.9394003999999994
37737,2.564970199999999
37738,2.198690800000001
37739,1.9304999999999994
37740,1.4478001999999992
37741,1.34738
37742,2.531451199999998
37743,1.5483300000000002
37744,1.6497799999999991
37745,1.5838603000000004
37746,1.5196199999999993
37747,1.6276800000000002
37748,1.2663199999999992
37749,1.9394100999999992
37750,1.6017299999999997
37751,4.033304999999995
37752,1.639030000000001
37753,1.5278208999999998
37754,3.0223511999999992
37755,2.203260499999999
37756,3.1700800000000013
37757,2.060760000000001
37758,1.9225099999999997
37759,1.8773704000000009
37760,1.9468000000000012
37761,1.8096599999999992
37762,1.83621
37763,1.7071208999999994
37764,4.725998599999991
37765,3.1790019000000003
37766,1.6776899999999992
37767,1.8991401
37768,1.3719099999999977
37769,1.9822404
37770,2.009459999999999
37771,1.9915408999999995
37772,1.2040999999999988
37773,2.4170201000000007
37774,4.006502000000001
37775,1.33885
37776,1.8576904000000005
37777,2.0461800000000006
37778,2.21587
37779,3.995884599999999
37780,2.7487102000000005
37781,2.0269404000000013
37782,3.7924419000000005
37783,4.047172800000001
37784,2.1840001000000004
37785,2.2124299999999995
37786,1.9515799999999996
37787,2.4865299999999984
37788,2.6603899999999983
37789,3.3082706
37790,3.8531729999999995
37791,4.694566199999994
37792,1.5744601000000003
37793,1.8754001999999985
37794,1.3230099999999994
37795,2.1039699999999995
37796,2.1281400000000006
37797,2.0906800000000003
37798,2.0200099999999974
37799,1.6302400000000006
37800,1.5795102000000005
37801,1.7627599999999999
37802,2.509980399999998
37803,2.5572102000000005
37804,1.6355799999999996
37805,2.21288
37806,1.9962399999999976
37807,1.7047701999999998
37808,2.1542199999999996
37809,1.4404099999999989
37810,4.271313499999995
37811,1.3850166666666666
37812,1.8196999999999994
37813,2.0369101
37814,1.3407899999999997
37815,1.5553599999999994
37816,2.782850099999997
37817,1.6302799999999988
37818,1.5421699999999998
37819,2.724922400000001
37820,1.4735100000000003
37821,2.133360299999999
37822,1.6714901000000004
37823,3.021551000000002
37824,0.9297402000000007
37825,1.97479
37826,1.7870508
37827,1.7787699999999993
37828,2.6380928
37829,1.8548799999999988
37830,1.963130000000001
37831,2.10959
37832,1.5666900000000006
37833,3.851303299999996
37834,1.7636099999999981
37835,2.9704008000000006
37836,2.820060199999998
37837,1.4929299999999992
37838,1.7022207000000011
37839,2.3878899999999983
37840,1.9371201999999998
37841,1.9946600999999982
37842,1.4455200000000001
37843,4.6322371999999925
37844,2.0055601999999997
37845,1.7244699999999995
37846,1.7084700000000002
37847,1.409400100000001
37848,2.2349300000000016
37849,1.95347
37850,2.8988300999999996
37851,1.5104301
37852,1.9448300999999995
37853,3.8523638999999963
37854,2.685859999999999
37855,2.2795999999999985
37856,1.877039999999999
37857,1.4873099999999997
37858,1.4588299999999987
37859,1.4206499999999986
37860,3.488291699999999
37861,3.7565741999999984
37862,2.0917004
37863,2.21785
37864,1.903159999999999
37865,1.6844404999999996
37866,2.0925899999999995
37867,1.5925100000000003
37868,2.0889201999999987
37869,3.6833307000000026
37870,2.2028001999999987
37871,1.8065000000000009
37872,2.1970000999999995
37873,1.8919804999999992
37874,2.0648509999999995
37875,1.1697500000000003
37876,1.4278499999999987
37877,4.679688399999992
37878,1.7236199999999982
37879,1.3661900000000011
37880,1.812630199999998
37881,2.1663209000000005
37882,2.1385404
37883,2.10828
37884,1.9617700000000007
37885,1.6623507000000006
37886,2.1309006000000004
37887,1.3650200000000001
37888,1.88255
37889,3.4636431
37890,1.6756299999999993
37891,2.56373
37892,1.222640000000002
37893,3.0103012000000007
37894,4.323334999999996
37895,1.1682300000000003
37896,2.380650000000001
37897,2.225490000000001
37898,1.6096603000000005
37899,2.4866100999999996
37900,3.421671899999999
37901,1.6977300000000006
37902,1.4261699999999997
37903,3.723733099999998
37904,1.501900099999999
37905,3.688582199999999
37906,2.482470000000001
37907,1.3386900000000008
37908,2.423929999999999
37909,1.3733500000000003
37910,2.8543203000000017
37911,3.5096911999999985
37912,2.392620400000002
37913,1.7447803000000004
37914,2.2946999999999997
37915,1.76764
37916,2.0262004
37917,1.4930900000000011
37918,2.11749
37919,1.7257799999999994
37920,4.577607299999993
37921,2.0752100000000016
37922,2.5197999999999983
37923,1.8269801000000003
37924,1.48417
37925,2.8527108999999977
37926,2.13202
37927,1.9408400000000008
37928,1.1606099999999997
37929,1.9481802999999978
37930,0.8364500000000001
37931,1.3176501999999999
37932,3.339910200000002
37933,1.6944999999999988
37934,4.614826899999993
37935,1.8737199999999987
37936,1.8575806999999995
37937,1.8867200000000002
37938,1.6678099999999987
37939,2.413281400000001
37940,3.0954204000000005
37941,2.0017499999999995
37942,1.3247699999999996
37943,1.9465499999999991
37944,2.910020000000003
37945,2.0719801999999996
37946,1.8166800999999992
37947,1.6039100000000008
37948,1.7337502
37949,2.471000699999998
37950,1.4796599999999995
37951,2.472759999999999
37952,2.6381831000000004
37953,2.7216608000000018
37954,2.2478802000000013
37955,2.1633400999999983
37956,1.8551699999999993
37957,1.3399299999999996
37958,1.8217401999999996
37959,1.6585499999999993
37960,1.7374703000000011
37961,1.4128399999999994
37962,1.2641901
37963,4.0811532999999995
37964,1.5918300000000005
37965,1.8218399999999988
37966,2.7638199999999995
37967,3.8728244999999966
37968,3.108451299999999
37969,1.6997204999999993
37970,1.63947
37971,2.626510200000001
37972,1.5584299999999993
37973,2.1659100999999983
37974,1.7457000000000005
37975,1.7984208000000002
37976,1.5293704
37977,3.6617926999999977
37978,2.6288423
37979,2.246330200000001
37980,1.8659800000000002
37981,1.375990000000001
37982,2.1368199999999993
37983,1.6123000000000003
37984,2.0766301
37985,2.3559802000000007
37986,2.0283499999999988
37987,1.0175899999999996
37988,2.9026700000000023
37989,2.058600199999998
37990,1.9840701
37991,2.086600199999999
37992,1.817799999999999
37993,1.8909506999999997
37994,1.7329200000000011
37995,1.6242900000000007
37996,2.399590099999999
37997,2.5180402999999987
37998,1.6064100000000001
37999,2.0310110000000012
38000,1.4724799999999996
38001,3.7884632999999996
38002,3.056310299999999
38003,1.59918
38004,3.9170016999999966
38005,1.7306595999999994
38006,1.4378507000000003
38007,1.9730800999999998
38008,1.0904600000000002
38009,1.5786106000000006
38010,3.2133209000000016
38011,3.4583306000000027
38012,1.7107500999999998
38013,4.052592200000001
38014,3.4738914999999997
38015,1.7585899999999992
38016,1.6971999999999996
38017,1.9834403999999994
38018,2.8421917999999966
38019,3.0805001999999977
38020,1.924309999999999
38021,1.5053599999999998
38022,1.7424001000000005
38023,2.26458
38024,3.961923999999999
38025,1.7861406000000004
38026,2.548700500000001
38027,1.6736607000000003
38028,1.5223099999999996
38029,2.5213199999999993
38030,2.0280199999999993
38031,2.2190904999999996
38032,1.9245007999999997
38033,1.6365906000000008
38034,1.9285302000000006
38035,2.0679501000000013
38036,1.46448
38037,3.5910005999999988
38038,1.7757299999999987
38039,1.5951999999999993
38040,1.7208599999999998
38041,1.8653201999999995
38042,1.6587401000000002
38043,2.1127901999999996
38044,2.519390000000002
38045,1.8000801000000002
38046,1.72975
38047,1.6802102999999997
38048,1.5882700000000005
38049,2.2754300000000014
38050,1.5383999999999998
38051,1.774480399999999
38052,1.5366300000000004
38053,1.6256706000000005
38054,1.7544199999999992
38055,1.39155
38056,1.2732101
38057,2.0679599999999994
38058,1.9298100000000005
38059,2.229990000000002
38060,1.8908401000000021
38061,2.3639600000000023
38062,2.741040200000001
38063,1.6970599999999993
38064,2.215339999999999
38065,1.8397999999999985
38066,1.8667301999999992
38067,1.8946300000000005
38068,1.6706299999999987
38069,1.9435700000000011
38070,1.7090700000000003
38071,1.7290400000000004
38072,2.4186700000000014
38073,2.230230800000001
38074,2.2910709000000007
38075,2.290589999999999
38076,1.6713699999999998
38077,1.8810999999999996
38078,2.3970904000000015
38079,3.6856117000000013
38080,3.2423128
38081,2.125420500000002
38082,3.195240000000001
38083,1.3950399999999998
38084,3.0026100000000024
38085,1.6916204999999997
38086,1.2987099999999996
38087,1.6197199999999998
38088,1.2542900000000003
38089,3.3640633999999965
38090,2.6927850999999987
38091,1.9533710000000004
38092,2.57842
38093,3.097651899999999
38094,2.5802200000000006
38095,1.897180099999999
38096,4.375404399999999
38097,1.3716400999999998
38098,3.028881099999998
38099,3.2945711999999996
38100,2.092040000000001
38101,4.135762599999996
38102,1.3680900000000003
38103,1.8617299999999994
38104,1.4527900999999994
38105,1.7773400999999998
38106,2.4883000000000006
38107,1.800817499999999
38108,2.2343604999999975
38109,1.3986800000000001
38110,2.1315702
38111,1.4221599999999999
38112,3.771612599999999
38113,3.603663599999997
38114,3.5760110000000007
38115,2.517011100000001
38116,2.2704500000000003
38117,3.557392999999999
38118,2.4028200000000015
38119,1.593030100000001
38120,2.104050100000002
38121,1.2276703000000004
38122,2.3194099999999978
38123,2.6415399999999982
38124,2.1918703999999996
38125,1.3854300000000004
38126,1.8204301999999992
38127,1.5959299999999996
38128,2.3493405000000016
38129,2.7086420999999996
38130,2.1626
38131,1.5529807000000004
38132,1.472450199999999
38133,1.51545
38134,3.0464201999999996
38135,1.9184200999999999
38136,2.4371901000000005
38137,2.1956303000000013
38138,1.4945599999999992
38139,1.5083902000000007
38140,3.106770899999998
38141,2.1712105000000013
38142,1.0351300000000008
38143,1.8724802000000005
38144,2.29378
38145,1.8935000000000002
38146,2.770540200000001
38147,1.4504499999999998
38148,1.4951801999999992
38149,1.6081101999999998
38150,2.0967899999999995
38151,2.7681600999999993
38152,1.7483101000000003
38153,2.9479703999999987
38154,1.9192408000000003
38155,3.7504535999999957
38156,1.7540800000000005
38157,1.7081099999999996
38158,1.5398599999999991
38159,1.42703
38160,1.6437909000000008
38161,2.3593504999999997
38162,2.5244813000000006
38163,1.4773600000000007
38164,1.3346801999999998
38165,2.801196966666667
38166,1.9242799999999982
38167,1.6437099999999985
38168,1.6025804000000008
38169,2.0076799999999992
38170,2.03909
38171,1.24624
38172,2.0833657666666663
38173,3.044230400000001
38174,2.594160199999999
38175,1.80839
38176,1.78574
38177,2.671069999999999
38178,2.4087704000000003
38179,2.015179999999999
38180,2.0109200000000014
38181,1.1983499999999994
38182,1.6792806000000011
38183,1.7657200999999998
38184,1.4334199999999993
38185,2.5815902
38186,3.980366199999996
38187,2.2248506
38188,1.3167499999999996
38189,1.6592801000000006
38190,1.8111500999999999
38191,1.4145001
38192,2.0750009999999994
38193,1.9154500000000005
38194,1.4856400000000003
38195,2.349710200000001
38196,2.155520000000001
38197,2.3198804999999982
38198,4.2585745999999975
38199,2.5448036000000016
38200,1.5348801999999995
38201,1.7004000000000001
38202,1.3743102000000005
38203,1.3858103999999998
38204,2.739179999999999
38205,1.7130800999999993
38206,2.2829804
38207,2.037540800000001
38208,1.8687400000000005
38209,1.5553002999999996
38210,2.3076102999999994
38211,2.172029999999999
38212,3.0532613000000004
38213,2.1033799999999996
38214,1.753619999999999
38215,2.086050000000001
38216,1.507219999999999
38217,2.9614624
38218,1.797320099999999
38219,2.090110000000001
38220,1.70546
38221,1.7907204
38222,1.7938699999999992
38223,1.6517299999999993
38224,4.237411500000002
38225,1.4491700000000005
38226,1.0308406999999997
38227,2.786250399999999
38228,2.099
38229,2.2921900999999987
38230,1.3018499999999997
38231,2.453930000000001
38232,1.3841199999999998
38233,1.0451299999999994
38234,2.4195804999999995
38235,1.7875105999999996
38236,1.5751999999999993
38237,2.293970000000001
38238,1.6397100999999983
38239,3.1282001999999993
38240,3.7558322999999985
38241,1.3631701000000005
38242,1.7573902000000006
38243,2.4977804000000017
38244,2.1065600000000004
38245,3.0732014000000007
38246,1.7042302000000005
38247,2.435430000000001
38248,4.6220077999999925
38249,1.6283600000000005
38250,3.7569304999999993
38251,1.0874499999999994
38252,2.4465899999999996
38253,2.0158000000000005
38254,1.3933003
38255,1.463799999999999
38256,1.7062601000000004
38257,1.7042700000000013
38258,3.141611599999999
38259,1.4548599999999998
38260,1.5503299999999995
38261,2.6966505999999995
38262,1.9924506000000002
38263,2.64526
38264,2.01871
38265,1.5734003
38266,3.320782
38267,1.8559802000000003
38268,1.4386899999999994
38269,1.280220299999999
38270,1.7722199999999995
38271,3.7169122999999966
38272,2.175910899999999
38273,2.146171199999999
38274,2.7788501
38275,2.209109999999998
38276,2.22876
38277,1.6288500000000001
38278,1.4483301000000004
38279,2.2526305000000004
38280,1.6582309000000008
38281,1.8750400000000005
38282,2.14707
38283,1.2183800000000005
38284,1.3885100000000004
38285,1.6157200999999994
38286,1.8996300999999982
38287,2.33283
38288,2.7380637333333326
38289,2.1067600000000004
38290,4.0735942999999954
38291,2.351489999999997
38292,1.3411799999999994
38293,2.737479999999999
38294,1.5064804999999992
38295,2.6649801999999987
38296,1.8774200999999997
38297,2.2390809000000003
38298,1.6536108000000014
38299,1.8805099999999983
38300,2.0198300000000007
38301,2.5011899999999985
38302,1.7419500000000008
38303,1.7888800999999999
38304,1.8376302000000022
38305,1.9162400000000002
38306,2.3764117
38307,2.236900399999999
38308,1.45341
38309,1.812719999999999
38310,2.548860600000001
38311,2.8102801000000004
38312,1.8038099999999997
38313,1.6294099999999998
38314,2.1773006000000006
38315,1.2033000000000011
38316,2.0781002
38317,2.923362899999997
38318,1.7760399999999996
38319,1.5640001000000006
38320,2.323170699999999
38321,1.3515601000000002
38322,2.5176300999999985
38323,2.296160199999999
38324,1.5366503000000002
38325,1.6938506000000002
38326,1.9796399999999996
38327,2.899501599999998
38328,1.5979301000000012
38329,1.857399999999999
38330,1.5619
38331,2.486640000000001
38332,3.2068804
38333,1.5941800000000004
38334,2.271100199999998
38335,1.8092703000000006
38336,2.279310099999999
38337,2.2521403
38338,1.8859299999999997
38339,1.4044301999999995
38340,1.5170600999999997
38341,1.5975700000000004
38342,1.8460301999999995
38343,1.6227299999999991
38344,1.839430500000001
38345,1.6560806
38346,1.7973302999999996
38347,2.10392
38348,2.4433202999999986
38349,2.3129202999999996
38350,2.1056006
38351,1.315920000000001
38352,2.1032004
38353,2.271979999999999
38354,1.2561402
38355,1.1115799999999998
38356,1.769650000000002
38357,3.548670499999998
38358,2.518170300000001
38359,1.8459601999999997
38360,2.432420599999998
38361,1.4160099999999998
38362,1.69327
38363,1.777390000000001
38364,2.5535214999999987
38365,4.081841900000001
38366,1.9227
38367,1.9357399999999987
38368,1.7864999999999998
38369,1.2661300000000002
38370,2.5143400000000007
38371,1.9114800000000003
38372,2.168532200000001
38373,1.2077400000000005
38374,2.0215799999999997
38375,2.6145224000000002
38376,1.5863699999999994
38377,3.211010599999997
38378,1.4727199999999998
38379,1.8281501
38380,1.4606799999999995
38381,2.1247510000000016
38382,1.4813600000000002
38383,1.7356302000000001
38384,1.64965
38385,1.6965874999999988
38386,2.6699803
38387,3.0746610999999975
38388,2.6009022000000006
38389,1.5527003999999998
38390,4.491675799999995
38391,4.605105699999993
38392,1.6750999999999994
38393,1.727006866666667
38394,1.5808999999999997
38395,1.7171604
38396,1.9158199999999996
38397,1.7708304000000004
38398,2.9753199999999986
38399,2.15873
38400,2.0752607
38401,1.1926101000000002
38402,1.80367
38403,1.9208400000000005
38404,4.0497425
38405,1.9080901000000003
38406,2.1736999999999984
38407,2.227762299999999
38408,1.7151199999999995
38409,3.075471100000001
38410,1.8337801000000007
38411,3.547361599999997
38412,1.3996300000000002
38413,1.876270000000001
38414,1.9976100999999995
38415,4.159474699999996
38416,2.476440100000002
38417,1.7862502000000005
38418,1.81817
38419,1.5959610000000004
38420,1.4544200000000007
38421,1.8576999999999986
38422,1.9362401999999992
38423,0.9167000000000002
38424,2.7858421
38425,2.798
38426,1.8623699999999992
38427,1.7994499999999995
38428,2.075639999999998
38429,2.5559401
38430,1.579030099999999
38431,2.8756608
38432,1.5569499999999996
38433,3.1163009999999995
38434,2.247850599999999
38435,1.5999500000000004
38436,1.8919699999999986
38437,1.8600999999999994
38438,1.6654200000000003
38439,2.505161100000001
38440,1.8783809000000011
38441,3.9690129999999977
38442,1.728570099999999
38443,1.9353799999999999
38444,2.2381503000000014
38445,3.4760109000000035
38446,2.1128600000000004
38447,2.1217999999999986
38448,1.5826199999999997
38449,2.0210605999999998
38450,2.0649203
38451,1.2684400999999992
38452,2.0289812000000023
38453,1.7944099999999994
38454,1.8634806000000004
38455,2.5493107000000013
38456,1.9215203000000005
38457,1.3468999999999993
38458,3.263091499999999
38459,2.0952900999999993
38460,1.4323100000000009
38461,1.6385800999999998
38462,2.188960499999999
38463,1.6911601999999997
38464,1.2454100000000006
38465,1.8124299999999998
38466,2.0642302999999984
38467,2.2656802000000003
38468,2.5732211999999994
38469,1.5062900000000006
38470,1.7319199999999986
38471,0.9852100000000005
38472,0.9678701000000011
38473,1.5637900999999998
38474,1.9759803000000007
38475,1.4306
38476,1.30713
38477,1.698669999999999
38478,1.7657602000000006
38479,1.6296300999999993
38480,1.915680700000002
38481,1.4799299999999997
38482,1.7144600000000003
38483,2.161170000000001
38484,1.7188692999999995
38485,2.5521999999999996
38486,2.1154004000000004
38487,2.0096909000000003
38488,1.9349200999999994
38489,1.8973100000000007
38490,1.7042800000000002
38491,1.2509500000000002
38492,1.8704899999999993
38493,2.285169999999998
38494,1.6153307000000012
38495,4.1002035
38496,3.2446641000000005
38497,1.8686102000000002
38498,1.6421399999999997
38499,1.3732800000000003
38500,1.769699999999999
38501,1.5853799999999998
38502,1.6716300000000004
38503,2.1203099999999977
38504,1.7500901000000004
38505,1.5588299999999997
38506,3.8947807000000005
38507,1.9116400000000013
38508,1.90709
38509,1.83655
38510,1.7655399999999997
38511,2.072382699999998
38512,1.7557299999999996
38513,1.9112500000000003
38514,0.9659700000000006
38515,1.604209999999999
38516,2.1419100999999983
38517,1.2751299999999999
38518,2.3956301
38519,2.9409100000000006
38520,3.057340100000002
38521,1.5264299999999997
38522,2.3691401000000005
38523,2.7584599999999995
38524,2.8402805000000004
38525,2.7904117999999993
38526,4.484685699999993
38527,3.8343099999999994
38528,2.173780000000002
38529,2.0823108999999995
38530,1.5356007000000005
38531,1.5329901999999997
38532,2.6375314000000007
38533,2.636080299999999
38534,1.3546800000000019
38535,2.18603
38536,3.801922699999999
38537,2.8483314
38538,3.2562100999999974
38539,1.795250000000001
38540,2.389599999999999
38541,2.070099999999999
38542,1.6372500000000003
38543,1.7611399999999997
38544,1.4354899999999997
38545,1.6507399999999997
38546,2.1722205999999997
38547,2.848121000000001
38548,1.864219999999999
38549,1.9196805000000001
38550,1.7660001
38551,4.673966799999992
38552,1.8419204999999996
38553,1.4522799999999998
38554,1.5330500000000007
38555,2.1633799999999987
38556,1.60636
38557,2.4736099999999994
38558,1.6301402999999999
38559,3.421212199999999
38560,1.8660299999999999
38561,1.5584999999999993
38562,2.321770600000001
38563,1.741189999999999
38564,1.1865100000000006
38565,1.795800000000001
38566,1.35556
38567,1.4817499999999992
38568,2.9192906999999972
38569,1.9836099999999997
38570,2.5608804000000016
38571,2.0468899999999994
38572,2.0484506
38573,2.8571204999999997
38574,1.458149999999999
38575,1.3001900000000015
38576,1.1235300000000015
38577,2.5730603
38578,1.7804103999999998
38579,1.2312600000000002
38580,2.23576
38581,2.3750299999999984
38582,1.830680000000001
38583,1.4858300000000007
38584,2.114630200000001
38585,1.6390701000000019
38586,4.985009899999989
38587,1.6551000999999996
38588,2.2916600000000003
38589,1.8355000000000001
38590,3.1521735999999994
38591,1.7755108000000004
38592,4.451683199999993
38593,1.4719099999999994
38594,3.1445611999999996
38595,2.875280600000001
38596,2.313001400000002
38597,3.3770821999999985
38598,1.1779100999999996
38599,1.6332600000000006
38600,1.7390401000000002
38601,1.3458300000000003
38602,1.3647499999999995
38603,1.6902300000000006
38604,1.595330000000001
38605,1.8702201000000007
38606,1.805270000000001
38607,1.5977401999999998
38608,1.5976305000000002
38609,1.9276999999999993
38610,1.571479999999999
38611,1.4957199999999993
38612,1.4783902999999998
38613,1.6855700000000005
38614,2.141779999999999
38615,2.7808303
38616,2.1304499999999997
38617,2.1320299999999994
38618,2.9906314000000003
38619,2.837631499999999
38620,2.011130099999999
38621,1.916340099999999
38622,2.2618100999999986
38623,2.057380800000001
38624,1.5723807000000003
38625,2.7898300999999996
38626,1.5976900000000007
38627,1.6695401
38628,1.3151
38629,1.9507099999999988
38630,2.42155
38631,1.5862700000000003
38632,2.099810300000001
38633,1.6731801000000006
38634,2.4153504000000012
38635,1.8216801999999992
38636,1.892190299999999
38637,2.0759102
38638,2.7989915
38639,1.9870199999999993
38640,2.3289004000000015
38641,3.7612924999999975
38642,3.7201836999999967
38643,3.1071212
38644,2.525180000000002
38645,1.2895500000000002
38646,1.1880299999999995
38647,1.275239999999999
38648,1.3199399999999994
38649,1.8271000000000002
38650,2.264270399999999
38651,3.6014642999999955
38652,1.4783000000000004
38653,2.7693625999999996
38654,1.933150000000001
38655,1.7257200999999998
38656,1.5642999999999996
38657,1.6817706
38658,2.505640299999999
38659,2.2060802000000006
38660,2.2928900999999997
38661,2.1167100000000008
38662,1.6354799999999994
38663,2.188220399999999
38664,2.2834507
38665,2.199008600000001
38666,2.492890299999999
38667,2.740001500000001
38668,1.752510000000001
38669,1.6176801000000012
38670,2.437640499999999
38671,1.0958400000000004
38672,1.84582
38673,1.9883500000000012
38674,1.7026699999999986
38675,2.7049608000000003
38676,2.3402830000000017
38677,1.6767100000000006
38678,1.80201
38679,3.2252405
38680,1.5502599999999986
38681,3.007431599999998
38682,1.6265400000000012
38683,1.5158203000000003
38684,2.611579999999999
38685,2.7171901000000003
38686,1.995430000000001
38687,2.178220100000002
38688,1.8606603999999984
38689,1.9009303
38690,1.34541
38691,2.469723300000001
38692,1.742010100000001
38693,2.0412801000000003
38694,1.7380600000000006
38695,1.596700200000001
38696,1.6906999999999996
38697,1.7593303000000018
38698,1.8486599999999997
38699,1.861750000000001
38700,1.8200409000000004
38701,1.5443508
38702,1.5120903999999995
38703,1.6293705999999997
38704,1.2281300000000008
38705,1.5617707
38706,2.1382507000000017
38707,1.9312501999999991
38708,1.5436900000000007
38709,1.6181103
38710,2.6554602000000016
38711,2.471351000000001
38712,1.7732702000000011
38713,2.6500212
38714,1.44065
38715,2.3122100000000003
38716,1.6152800000000003
38717,1.5031701000000002
38718,1.8327099999999998
38719,1.5121600000000006
38720,2.1523801
38721,1.8429701999999986
38722,1.9032903000000005
38723,1.265200000000001
38724,1.4407000999999995
38725,1.7237299999999993
38726,1.439
38727,1.8137199999999996
38728,2.2856104000000004
38729,1.9683299999999988
38730,1.9450503000000006
38731,3.065739999999997
38732,2.063952199999999
38733,1.6725105999999987
38734,1.97372
38735,4.327845099999994
38736,1.94343
38737,2.0713500000000007
38738,2.7369313000000006
38739,2.126560100000001
38740,1.605430000000001
38741,2.3874708000000013
38742,4.007215899999995
38743,1.4535300000000004
38744,2.521460000000002
38745,1.4172801
38746,1.9318004000000004
38747,1.1828499999999993
38748,2.3110400000000006
38749,1.3712799999999998
38750,1.9623700000000006
38751,1.7293300000000005
38752,1.605319999999999
38753,2.4528300000000005
38754,2.5162500999999993
38755,2.05089
38756,1.4283100000000002
38757,1.9244614999999998
38758,1.8773899999999994
38759,1.3302
38760,4.303335999999993
38761,2.10252
38762,1.7467201000000008
38763,1.75419
38764,1.5364701999999997
38765,2.4428200000000007
38766,1.6246300000000007
38767,1.2951900000000003
38768,1.5577804
38769,1.7050500000000002
38770,3.2805518999999985
38771,2.1078400999999976
38772,1.8626799999999997
38773,1.5008499999999998
38774,1.7200300000000004
38775,2.0753403000000006
38776,2.0155204999999983
38777,1.2309900000000014
38778,1.3602601999999997
38779,2.0383600000000017
38780,2.6725699999999986
38781,1.3812900000000006
38782,2.0642
38783,3.6664029999999985
38784,1.5754400000000002
38785,1.6974001
38786,2.166931300000001
38787,1.8017100999999998
38788,2.3645200000000015
38789,1.2717199999999993
38790,1.0588800000000007
38791,1.6183799999999986
38792,2.066190000000002
38793,2.610061100000001
38794,1.6885999999999992
38795,1.9777406
38796,1.8990202000000018
38797,2.2858500000000013
38798,1.4220999999999997
38799,2.6552304
38800,1.4645499999999996
38801,1.379850200000002
38802,1.6097200000000016
38803,2.1534799999999983
38804,1.2640300000000004
38805,2.292350299999999
38806,2.526850799999998
38807,2.3485101
38808,1.5301200000000006
38809,2.9626305999999993
38810,1.6956499999999983
38811,1.9750599999999994
38812,2.183989999999999
38813,2.213620000000001
38814,2.111670000000001
38815,2.1566103000000005
38816,1.3621500000000004
38817,2.729010100000001
38818,2.0743000000000023
38819,2.339380000000002
38820,2.5906599999999975
38821,1.3978501000000003
38822,1.6828512999999998
38823,1.7534610000000002
38824,2.2571000000000008
38825,1.9805200000000003
38826,2.5605024000000003
38827,1.6738805000000008
38828,1.8923099999999986
38829,1.8943300999999988
38830,2.0218309999999993
38831,1.4608599999999996
38832,1.4235300000000002
38833,1.53772
38834,2.6142301999999966
38835,1.4793800000000001
38836,2.1538299999999997
38837,1.5265600000000004
38838,4.1261464999999955
38839,1.6480700000000001
38840,1.37101
38841,1.9094200000000001
38842,2.4377999999999997
38843,1.2169803000000003
38844,3.0970011999999993
38845,1.670950200000001
38846,2.687669999999999
38847,2.0850500000000007
38848,1.6784100000000004
38849,1.8091100000000007
38850,3.389942500000002
38851,1.68196
38852,1.7979200000000009
38853,2.1726300999999992
38854,2.7975600999999988
38855,1.7593301000000008
38856,1.7812707999999995
38857,2.8742501999999983
38858,2.9662005999999987
38859,1.3575499999999996
38860,1.7895700000000003
38861,1.800010000000001
38862,1.2927999999999986
38863,1.44446
38864,1.5027300000000006
38865,1.8320999999999983
38866,3.782111000000001
38867,2.9997226000000006
38868,1.4440500000000003
38869,1.52769
38870,2.184730199999999
38871,2.4347100000000004
38872,2.1087002
38873,1.8833199999999999
38874,1.3333799999999996
38875,1.65988
38876,2.0078401
38877,2.1427300000000007
38878,2.1086015000000007
38879,1.8516903000000011
38880,2.3290900999999997
38881,1.9551301
38882,1.8626800000000001
38883,2.2627599999999988
38884,2.309080000000001
38885,1.63735
38886,2.101540299999999
38887,1.9001699999999997
38888,3.9346326999999985
38889,2.0665499999999986
38890,2.789510499999999
38891,1.749059999999999
38892,2.718430299999998
38893,1.9413700000000012
38894,1.8375599999999996
38895,2.0052700000000003
38896,2.2160399999999996
38897,1.7855601999999993
38898,4.890218299999991
38899,3.1088817000000004
38900,1.55988
38901,2.7957911
38902,1.4572800000000001
38903,1.7260600000000008
38904,1.8929700999999997
38905,1.2783901999999991
38906,1.4949401000000002
38907,3.1749103000000014
38908,1.7439099999999987
38909,2.205560000000002
38910,1.8046801000000001
38911,1.7321699999999993
38912,2.1426300999999994
38913,1.9781002999999993
38914,1.9775707
38915,3.055981
38916,1.6642400000000004
38917,2.2879203
38918,1.7952802000000003
38919,1.3638399999999995
38920,2.3960600000000003
38921,1.5911400000000007
38922,2.2795199999999998
38923,1.7370399999999993
38924,1.34234
38925,3.0526508999999997
38926,2.016020000000001
38927,2.060990200000001
38928,2.1984102000000005
38929,0.9608300000000007
38930,2.321051500000001
38931,2.0462300000000018
38932,1.6093700000000006
38933,1.7552600000000005
38934,1.6318400999999991
38935,1.6122509
38936,2.2563699999999987
38937,1.9872299999999996
38938,2.3416207
38939,2.1634299999999995
38940,1.5857700999999997
38941,1.7106602000000002
38942,2.2855900999999985
38943,1.2145700000000001
38944,3.1791639
38945,2.052210099999999
38946,2.1270400999999985
38947,1.4233501999999996
38948,2.2785199999999968
38949,1.8103099999999992
38950,1.7245900000000003
38951,1.1440599999999999
38952,2.3810002
38953,1.4282200000000003
38954,1.5957001000000008
38955,1.8047804000000005
38956,3.280540399999999
38957,1.5103700000000009
38958,1.7622002999999997
38959,2.2224300000000006
38960,3.2159617
38961,2.1575800000000007
38962,2.468770000000001
38963,2.322780300000001
38964,1.4404199999999994
38965,1.7817505000000011
38966,1.3076699999999999
38967,1.7653305999999993
38968,2.7606108000000007
38969,2.1189900000000006
38970,1.9923900999999997
38971,3.8211119999999994
38972,1.4527699999999992
38973,2.952830100000002
38974,1.5825999999999987
38975,2.8677499999999982
38976,2.3394004999999995
38977,1.5414
38978,1.8155000000000012
38979,1.5822099999999997
38980,1.5182902000000007
38981,2.016710099999998
38982,1.6538001000000009
38983,2.7216008000000005
38984,1.8753400000000013
38985,1.6181102000000007
38986,3.035240700000001
38987,2.1914099999999994
38988,1.701390100000001
38989,4.727756699999995
38990,1.3153899999999998
38991,3.1413105000000003
38992,1.4432899999999995
38993,1.2196809999999991
38994,1.7375807000000012
38995,1.8184900000000013
38996,1.6265100000000003
38997,1.9450404000000001
38998,1.6000801000000004
38999,4.456990900000005
39000,1.6443201000000014
39001,1.9479801000000005
39002,1.4331300000000002
39003,2.276840999999999
39004,1.5200700000000003
39005,1.2325502000000004
39006,2.309989999999999
39007,1.8163899999999993
39008,2.4306705
39009,1.0400699999999987
39010,1.5238099999999997
39011,2.6679717
39012,3.680213499999997
39013,2.3085518000000014
39014,1.6984100000000006
39015,1.3804801999999998
39016,2.4712406000000002
39017,1.3360799999999997
39018,1.6359899999999987
39019,1.9236408000000011
39020,1.5988999999999998
39021,2.547040000000001
39022,2.6536207000000007
39023,3.704590199999999
39024,1.4499900000000003
39025,1.7989299999999997
39026,2.9465200999999994
39027,1.59042
39028,2.4346200000000016
39029,2.9567614999999976
39030,1.9457904000000017
39031,1.5150600000000003
39032,1.53607
39033,1.6399199999999996
39034,1.5078
39035,1.6629500000000008
39036,3.174600000000002
39037,3.5017116000000015
39038,2.133959999999999
39039,1.5547499999999992
39040,2.8979514
39041,1.2432299999999998
39042,1.9879400999999999
39043,2.7147704999999998
39044,3.7485330999999964
39045,1.8770609000000023
39046,2.017900000000001
39047,1.7671906999999996
39048,2.1885800000000004
39049,2.124349999999999
39050,1.810470099999999
39051,1.6373601000000004
39052,3.2608526999999974
39053,1.1514500000000003
39054,4.259227399999995
39055,2.8912600999999962
39056,1.5685002999999986
39057,3.7323436999999977
39058,2.4683699999999997
39059,3.379950199999999
39060,2.4533701999999993
39061,1.676790700000001
39062,1.7349601000000008
39063,1.7756500000000006
39064,1.228709999999999
39065,2.8263800000000017
39066,1.6088800000000003
39067,2.1765800000000004
39068,2.077480000000001
39069,1.2398403000000002
39070,1.9514999999999991
39071,1.607670200000001
39072,1.7709700000000004
39073,1.3845
39074,1.5162600000000004
39075,1.6396499999999998
39076,1.9147205
39077,1.599959999999999
39078,1.5748499
39079,1.7585100000000011
39080,1.799419999999999
39081,1.5437799999999995
39082,2.6352201000000006
39083,2.096549999999999
39084,1.5973599999999988
39085,2.4004700000000017
39086,4.104524699999996
39087,1.6673899999999986
39088,3.1453116999999993
39089,2.3171600000000017
39090,1.43783
39091,1.5953833333333336
39092,1.6628502
39093,2.238600099999999
39094,2.2653399999999992
39095,3.2599311999999974
39096,1.7179602999999988
39097,2.09384
39098,2.0541400000000003
39099,3.300403199999999
39100,2.0611907
39101,1.4101299999999997
39102,1.8522500000000002
39103,1.6546399999999992
39104,2.038740600000002
39105,1.8355711
39106,2.1315313
39107,1.6442101999999985
39108,2.1012899999999988
39109,1.7718499999999997
39110,1.6931399999999996
39111,1.6506399999999999
39112,2.3463499999999997
39113,0.9028700000000007
39114,2.488801
39115,2.448591000000001
39116,1.8447703000000002
39117,1.5763899999999997
39118,1.4098601000000002
39119,2.2670600999999992
39120,2.0342802000000013
39121,1.7485599999999994
39122,1.6124700999999988
39123,1.7808899999999994
39124,2.7967608000000017
39125,1.6129701000000012
39126,1.5885700000000011
39127,1.90466
39128,1.8756908000000008
39129,1.6250700000000007
39130,2.642730000000002
39131,1.3452600000000006
39132,1.90998
39133,2.0129900999999997
39134,1.8561400000000012
39135,1.959090000000001
39136,1.6167899999999995
39137,1.73691
39138,1.3656
39139,1.7904899999999992
39140,0.9199300000000009
39141,1.33783
39142,2.236810000000001
39143,1.6082404000000003
39144,1.4238299999999995
39145,1.7021701000000002
39146,1.4775400000000005
39147,1.8496099999999993
39148,1.3910199999999995
39149,1.5900100000000006
39150,1.4869299999999996
39151,1.2235399999999996
39152,2.7920205
39153,3.0492312000000004
39154,2.0349701000000002
39155,2.3847799999999997
39156,1.3462900000000002
39157,1.5689500000000007
39158,2.070900599999999
39159,1.7335400999999997
39160,1.8044699999999998
39161,1.8424100000000003
39162,1.452769999999999
39163,3.1169704000000036
39164,1.9822199999999983
39165,1.7249099999999995
39166,2.1674799999999994
39167,1.712180099999999
39168,1.918550099999998
39169,1.7445300000000017
39170,2.602701600000002
39171,1.9254899999999993
39172,1.8334099999999989
39173,1.9315600000000013
39174,1.806580000000001
39175,1.6767607999999996
39176,1.6508399999999996
39177,2.2871000000000006
39178,1.94766
39179,3.948653999999998
39180,1.5647599999999995
39181,2.8583300999999994
39182,1.5521700000000007
39183,1.0566001000000005
39184,2.4455315
39185,1.7028099999999997
39186,1.9480810000000002
39187,1.9318500000000003
39188,2.258170400000001
39189,3.221521199999998
39190,2.18013
39191,2.0870699999999998
39192,2.988671199999997
39193,2.2891902
39194,1.8976101000000003
39195,2.5409999999999986
39196,1.2861100999999988
39197,4.169022199999999
39198,1.80214
39199,1.5615001999999998
39200,1.8538300999999995
39201,1.6589603
39202,1.431510100000001
39203,2.2405503000000024
39204,1.2680499999999986
39205,2.2351200999999996
39206,1.5512299999999997
39207,2.8851399999999967
39208,1.8881999999999999
39209,1.8488600000000002
39210,1.6037500000000002
39211,3.545103699999999
39212,1.38427
39213,2.102220000000001
39214,1.7546303
39215,2.1812504000000006
39216,1.5994500000000003
39217,4.110046899999996
39218,2.1043600000000002
39219,3.403914699999996
39220,1.4757199999999993
39221,1.9696600000000002
39222,1.5311899999999994
39223,2.2744102999999987
39224,3.687823
39225,2.2600900999999998
39226,1.2602901
39227,2.5268002000000003
39228,3.0167213999999984
39229,2.142270399999999
39230,1.992580100000001
39231,2.1798101
39232,1.8462300999999999
39233,2.080850100000002
39234,3.968483499999996
39235,2.1648301000000014
39236,1.5006501999999997
39237,1.6079000000000008
39238,3.2438702
39239,2.221210000000003
39240,1.6913700000000005
39241,1.3638200000000003
39242,1.5592799999999993
39243,1.3869702000000002
39244,2.8810104999999986
39245,1.9334803
39246,3.064130699999999
39247,2.4463400999999974
39248,1.90475
39249,2.0806300000000006
39250,2.7741404000000016
39251,1.7620800999999997
39252,2.987091099999997
39253,1.6056700000000006
39254,2.389669999999999
39255,1.6996599999999984
39256,2.909160199999997
39257,3.746171599999995
39258,1.7616399999999997
39259,1.7714810000000007
39260,1.6471400999999992
39261,1.9181409000000016
39262,1.9515702000000001
39263,2.033319999999999
39264,1.9488699999999997
39265,2.8685906000000005
39266,1.8478697999999991
39267,2.3416103999999995
39268,1.6910900000000004
39269,1.5654100999999998
39270,2.8615810999999978
39271,2.12732
39272,2.1577599999999997
39273,3.782025899999997
39274,2.147170099999997
39275,1.7080800000000005
39276,1.6995399999999998
39277,1.7936801
39278,2.1855400000000023
39279,1.9647100000000017
39280,1.291780000000001
39281,1.3096499999999995
39282,1.0883100000000006
39283,1.8780900000000003
39284,1.2240799999999998
39285,1.8026299999999993
39286,1.9804403
39287,1.5455903999999991
39288,1.4174500000000005
39289,2.489610299999998
39290,1.3174699999999995
39291,1.6774100000000007
39292,1.5318499999999993
39293,1.289560000000001
39294,2.5951402000000003
39295,2.6965614999999996
39296,1.6818502999999994
39297,1.9698104999999992
39298,2.904410400000001
39299,1.9362303000000005
39300,2.025610100000001
39301,1.7970000000000015
39302,2.6268001000000014
39303,3.2034216000000004
39304,1.779185
39305,1.5077902000000005
39306,1.481260000000001
39307,1.6340701999999994
39308,2.2012699999999996
39309,2.5634304000000014
39310,2.6896100433333343
39311,2.15587
39312,2.191110100000001
39313,3.072272000000001
39314,2.7960107000000005
39315,3.6676715000000035
39316,2.186971200000001
39317,2.698319999999998
39318,1.8802714999999999
39319,2.1689703
39320,1.0500201000000002
39321,2.093180100000001
39322,1.6144000999999992
39323,1.6216505000000005
39324,1.5994800000000005
39325,1.102639999999999
39326,1.9394803999999999
39327,2.3954099999999996
39328,1.4839200000000006
39329,2.8834301000000004
39330,1.2193700000000016
39331,3.2229817999999972
39332,1.892550499999999
39333,1.4778500000000006
39334,1.338609999999999
39335,2.2348105999999976
39336,3.0540303999999985
39337,3.1391824999999987
39338,3.1987613999999978
39339,3.289781999999997
39340,1.6363601999999997
39341,2.2025102999999997
39342,1.2884299999999993
39343,1.7706501999999997
39344,2.26831
39345,2.2671301
39346,2.371631500000001
39347,1.8423108999999993
39348,4.211432700000001
39349,1.5219002000000006
39350,2.0093911000000015
39351,1.4170000000000003
39352,1.7316007999999996
39353,2.0876713000000002
39354,3.0164010999999995
39355,1.504020000000001
39356,1.9860599999999997
39357,1.3953001
39358,3.850615399999997
39359,2.1354100000000007
39360,1.3715604000000006
39361,1.4276900000000001
39362,1.9305000000000003
39363,2.3947899999999986
39364,1.507839999999999
39365,1.6758400999999998
39366,1.7593801999999992
39367,1.3769899999999995
39368,2.372371300000002
39369,2.142000000000001
39370,2.21822
39371,2.52711
39372,4.590753299999998
39373,2.2796800999999984
39374,2.9682006999999966
39375,1.5430200000000005
39376,1.885630700000002
39377,1.3030800000000005
39378,1.9599699999999995
39379,1.8167
39380,1.7326201000000003
39381,1.7261701000000005
39382,2.3771905
39383,1.5584999999999989
39384,4.837796599999993
39385,1.7846902999999998
39386,2.818322
39387,1.9796499999999995
39388,1.8922001
39389,2.1734900000000015
39390,1.9378399999999996
39391,4.2065837999999935
39392,1.6971300000000011
39393,1.7833201000000003
39394,1.8007999999999997
39395,1.5164200000000003
39396,2.8675801999999986
39397,2.2333620000000005
39398,1.8928400000000003
39399,4.495537199999992
39400,2.261810000000002
39401,2.0710803000000007
39402,1.5471500999999994
39403,1.409440199999999
39404,1.9596904000000017
39405,2.2910306000000005
39406,1.8074101999999996
39407,1.638960399999999
39408,1.8608001999999997
39409,3.0258302999999973
39410,2.330691000000001
39411,1.1665800000000004
39412,1.6014711000000004
39413,3.4902916999999962
39414,1.7344500000000005
39415,1.884710300000001
39416,2.9491009000000012
39417,1.5846399999999992
39418,2.0925699999999985
39419,1.2358499999999986
39420,1.7784574999999985
39421,1.7057000000000009
39422,1.8348100000000003
39423,1.9712710999999996
39424,2.540960500000001
39425,2.0306099999999994
39426,1.873410200000002
39427,2.2138199999999992
39428,4.939168299999991
39429,2.2428512000000005
39430,2.55553
39431,2.4449001000000004
39432,2.4307000000000016
39433,3.1651213999999994
39434,1.1962099999999996
39435,1.9905900000000003
39436,2.1186200000000004
39437,2.1653702
39438,1.4248501999999998
39439,1.242329999999999
39440,1.3399499999999995
39441,2.8989427
39442,1.7256000000000007
39443,1.4309409000000004
39444,2.2280613
39445,2.7115813000000015
39446,0.8784100000000004
39447,1.1371901
39448,2.04258
39449,2.8777801000000007
39450,1.878060000000001
39451,3.8442621999999984
39452,2.0772600000000017
39453,2.22501
39454,2.4346200000000016
39455,2.2638499999999984
39456,3.359990699999999
39457,1.9182900000000007
39458,1.2932299999999992
39459,2.2429404000000015
39460,1.675230000000001
39461,2.0921000000000003
39462,1.8570901999999998
39463,2.3819805999999986
39464,1.7020199999999985
39465,2.7054902
39466,1.7546299999999995
39467,1.1713700000000005
39468,2.3141599999999984
39469,2.31159
39470,1.5513700000000004
39471,2.2692612000000008
39472,2.015920100000001
39473,2.107490599999999
39474,1.6016299999999988
39475,1.50273
39476,1.5816502000000006
39477,3.921602799999997
39478,1.4566400000000004
39479,1.809470200000001
39480,1.9543913000000013
39481,2.7986711999999994
39482,2.0725207
39483,1.759940000000001
39484,4.164094499999994
39485,1.8112300000000008
39486,1.5464799999999996
39487,1.8014100000000002
39488,2.7020104000000003
39489,3.0882699999999996
39490,1.713399999999999
39491,2.8930908
39492,1.23477
39493,1.9111199999999995
39494,0.8717099999999995
39495,1.5163099999999998
39496,1.910260899999999
39497,1.6500900000000016
39498,1.884730200000002
39499,1.573460100000001
39500,1.5651200999999995
39501,2.0569303999999975
39502,2.0709700999999994
39503,1.983960600000001
39504,2.130379999999999
39505,1.2970300000000003
39506,1.9333000999999999
39507,1.6593103000000002
39508,2.990720399999999
39509,2.5872701
39510,1.4896999999999994
39511,2.3796115
39512,1.7610000000000008
39513,1.50738
39514,2.0930501000000006
39515,1.764580000000001
39516,1.12045
39517,1.3473601000000002
39518,1.9484299999999992
39519,2.138780600000001
39520,1.7757000000000005
39521,1.5512599999999994
39522,2.195280099999999
39523,1.4891399999999992
39524,3.2291006999999983
39525,1.853689999999999
39526,1.8782000000000008
39527,2.1351299999999993
39528,4.227873199999997
39529,1.9699800000000023
39530,3.2113305
39531,1.5165003000000008
39532,4.634267399999992
39533,1.941401000000001
39534,1.7020100000000007
39535,2.4858101000000006
39536,1.648130000000001
39537,3.939570699999998
39538,1.5611600000000008
39539,1.5110166666666671
39540,1.931241700000001
39541,2.0359813000000018
39542,3.663046299999997
39543,1.8199599999999976
39544,1.9665699999999995
39545,2.2238401000000003
39546,1.3903301000000008
39547,2.4363505000000005
39548,3.1654101999999993
39549,1.6783800000000004
39550,1.653330000000001
39551,2.380791200000001
39552,3.5407222999999988
39553,1.2967799999999994
39554,1.9824602000000007
39555,1.8753499999999985
39556,2.3117400999999997
39557,1.23723
39558,1.5271104999999994
39559,2.9622602999999996
39560,1.78386
39561,1.7692900000000003
39562,1.571929999999999
39563,1.5112900000000005
39564,1.6483499999999995
39565,1.887600000000001
39566,2.9114907999999984
39567,1.7779700000000005
39568,1.7496200000000013
39569,1.6422700000000006
39570,2.42188
39571,2.2653801
39572,1.8302099999999997
39573,1.1350500000000003
39574,1.4713799999999997
39575,2.6753906000000005
39576,3.816630499999997
39577,3.459431300000001
39578,1.620340099999999
39579,1.9286999999999992
39580,2.1704302
39581,1.772369999999998
39582,2.2136603999999993
39583,1.5603999999999985
39584,3.2277417999999978
39585,2.3763008999999986
39586,1.5801199999999995
39587,1.676730700000001
39588,1.1432499999999997
39589,1.4015700000000004
39590,1.5405600000000002
39591,1.8641299999999998
39592,1.5384899999999992
39593,1.901680000000001
39594,1.6585799999999997
39595,1.6831700999999988
39596,1.4803105000000005
39597,1.9621601999999996
39598,2.3284206999999992
39599,2.2767306000000014
39600,2.7786801000000008
39601,1.9174999999999998
39602,1.4974003999999996
39603,1.83554
39604,1.4297900000000001
39605,1.69444
39606,3.058239999999999
39607,3.001322800000001
39608,3.8423802000000022
39609,1.5629302
39610,1.7126800000000002
39611,1.8594599999999988
39612,2.11564
39613,1.5893202999999998
39614,1.360550199999999
39615,1.9756101999999998
39616,2.0954801000000014
39617,2.5399300999999994
39618,1.5925501000000002
39619,1.4479799999999992
39620,1.1183899999999998
39621,2.225809999999999
39622,1.85967
39623,1.8331903000000014
39624,2.461440000000001
39625,1.8756099999999991
39626,1.6894199999999986
39627,1.8768299999999993
39628,1.7156301000000007
39629,1.4474901
39630,2.64448
39631,2.8572312999999996
39632,1.4049599999999993
39633,1.8401700000000005
39634,4.405177199999994
39635,2.0536901000000025
39636,2.1337902000000013
39637,1.820840000000001
39638,1.8767302000000015
39639,1.6432706000000017
39640,1.6998599999999997
39641,3.813603199999997
39642,1.2744399999999998
39643,4.0714339999999964
39644,1.83502
39645,2.3052100000000006
39646,3.751544499999998
39647,1.5137900999999994
39648,2.0815799999999998
39649,2.6634019999999996
39650,1.6861400000000009
39651,1.5364499999999994
39652,1.8335100999999998
39653,1.8676899999999983
39654,1.4660099999999998
39655,2.381931300000001
39656,1.2155199999999993
39657,1.8954699999999998
39658,1.9221799999999987
39659,1.603170399999999
39660,1.934960200000001
39661,1.4097400000000002
39662,2.1625999999999994
39663,1.5179900000000006
39664,1.9290299999999996
39665,1.3121700000000007
39666,2.571510799999999
39667,2.3420201000000014
39668,2.4381925999999994
39669,2.2066104999999974
39670,1.985360000000001
39671,1.7329199999999998
39672,2.378599999999998
39673,1.9469800000000004
39674,2.968960499999997
39675,3.394883699999998
39676,1.5838301000000004
39677,2.362119999999999
39678,1.6328605000000003
39679,1.19888
39680,1.994319999999999
39681,1.3863999999999999
39682,1.3798499999999998
39683,1.4155701000000005
39684,2.067410000000001
39685,1.8227103000000004
39686,2.5134000000000007
39687,2.2277214000000014
39688,1.6554400000000007
39689,1.857020499999999
39690,2.2602900000000012
39691,2.3289911999999986
39692,2.4443311000000003
39693,2.6870699999999994
39694,1.6229300000000004
39695,1.867779999999999
39696,2.2496251000000003
39697,1.6317300999999995
39698,2.1733801
39699,1.7618202999999995
39700,1.8626703999999996
39701,2.878870100000002
39702,1.6928200000000002
39703,2.524680000000001
39704,2.6863124000000016
39705,1.4412905000000003
39706,0.9582500000000003
39707,2.0133900000000016
39708,2.3499000999999984
39709,2.6766899999999962
39710,1.6539400000000006
39711,1.6131602999999992
39712,3.0148614000000005
39713,1.7764500000000012
39714,1.5744399999999994
39715,1.9875000000000012
39716,1.3408699999999998
39717,1.7856200000000007
39718,3.352301799999999
39719,1.72291
39720,1.6941401000000003
39721,2.0112004000000003
39722,1.6558900000000005
39723,2.17901
39724,1.5631808
39725,3.9433154999999953
39726,1.7488499999999987
39727,3.7632001999999996
39728,2.2431605000000006
39729,1.8207807
39730,1.8923905000000005
39731,2.326449633333335
39732,1.795970099999999
39733,1.27164
39734,3.3400299999999974
39735,3.7700821000000007
39736,2.28257
39737,1.9691901000000005
39738,4.134262899999999
39739,2.1897403
39740,1.9066200999999998
39741,1.2147099999999993
39742,2.8873301999999983
39743,1.7601400000000016
39744,2.2137200999999997
39745,1.8746899999999993
39746,2.0013314
39747,2.2273503999999993
39748,1.649699999999999
39749,2.6753708000000005
39750,1.630179999999999
39751,1.6300199999999996
39752,1.9426002000000002
39753,1.6330110000000002
39754,1.5078400000000003
39755,1.6676601999999996
39756,1.3324200000000004
39757,1.35732
39758,2.103319999999999
39759,1.5587099999999998
39760,2.0412800000000004
39761,2.344080199999999
39762,2.0576099999999995
39763,3.2356301999999992
39764,1.754739999999999
39765,1.62419
39766,1.6040099999999995
39767,3.421912499999999
39768,1.6807903999999996
39769,1.7503000999999991
39770,1.73914
39771,1.832260100000001
39772,2.2740002999999995
39773,1.9567304000000008
39774,2.0801517000000014
39775,2.858720000000001
39776,2.8768102
39777,1.7884799999999998
39778,1.876950800000001
39779,2.5751612999999995
39780,2.0455001999999993
39781,1.6884899999999996
39782,2.0360799999999997
39783,1.48215
39784,4.208283799999995
39785,1.58494
39786,3.0679208000000013
39787,1.60102
39788,2.2551303999999996
39789,1.6534404
39790,1.6299700000000004
39791,3.5559205999999985
39792,2.3335003999999993
39793,2.4171910000000016
39794,3.1641800999999994
39795,3.837591799999995
39796,1.7529400999999996
39797,1.9492901000000016
39798,2.6088301000000023
39799,2.371640000000002
39800,2.0448701000000007
39801,1.476760000000001
39802,2.8170601000000004
39803,1.4902504999999997
39804,1.8006
39805,1.8959199999999996
39806,1.902379999999999
39807,1.30148
39808,1.6807600000000003
39809,2.060340500000002
39810,1.7023
39811,1.9110900000000004
39812,1.3744100000000001
39813,2.2339609999999994
39814,2.040700199999999
39815,4.0517235
39816,2.5655818999999984
39817,1.6861299999999988
39818,1.8805499999999995
39819,4.479424599999997
39820,4.801368799999991
39821,1.8920516000000014
39822,2.0600499999999995
39823,1.8120199999999986
39824,1.8897733333333335
39825,2.2652702000000002
39826,1.2493599999999991
39827,3.6198836999999964
39828,3.6692645999999978
39829,2.838600100000001
39830,2.4894111
39831,4.322405199999994
39832,3.5075612000000005
39833,2.0101100000000014
39834,2.4748805000000003
39835,2.4036802999999995
39836,1.6124700000000005
39837,2.0170201
39838,1.46545
39839,1.328619999999999
39840,1.3429700000000002
39841,2.568300200000002
39842,2.6798300999999993
39843,2.5881809000000016
39844,1.8168201999999996
39845,2.1257099999999998
39846,1.8014000000000003
39847,2.0771200000000003
39848,3.2133399999999956
39849,2.4868211000000007
39850,2.3073104000000004
39851,1.8312501999999995
39852,1.73458
39853,1.6411304999999996
39854,1.3932899999999995
39855,1.7455699999999998
39856,1.7035200000000004
39857,2.0828404999999997
39858,2.1147600000000004
39859,4.292165799999995
39860,2.171670300000001
39861,1.5985001000000016
39862,1.6764903000000018
39863,3.2342308999999987
39864,3.874454999999998
39865,2.3214601
39866,2.9359902
39867,1.3796900000000003
39868,1.8302299999999994
39869,1.9490902000000008
39870,1.8856201000000004
39871,1.9299799999999991
39872,1.0994500000000003
39873,1.5360002000000015
39874,3.0555999999999996
39875,1.7202699999999993
39876,1.746600300000001
39877,3.6244211999999965
39878,2.6232100000000003
39879,2.5914401000000016
39880,1.7941800000000014
39881,2.7258301000000005
39882,1.8768102000000002
39883,1.2685700000000002
39884,2.0038300999999996
39885,2.00702
39886,2.92017
39887,1.8189204000000003
39888,2.39803
39889,1.43204
39890,1.9970100000000004
39891,2.225956333333334
39892,1.712430100000001
39893,1.2286299999999994
39894,1.3182999999999987
39895,2.191960499999999
39896,2.046330000000001
39897,3.8440625999999996
39898,2.330740899999999
39899,2.3894403000000004
39900,2.260370999999999
39901,1.6429099999999994
39902,4.209003799999997
39903,1.8515150000000005
39904,2.154550800000001
39905,3.2101309999999983
39906,2.1186406999999994
39907,2.5314500000000026
39908,3.6270713999999997
39909,1.6000300000000005
39910,2.0435602000000013
39911,1.7298399999999996
39912,1.2894899999999996
39913,1.5427801999999997
39914,1.4304601
39915,1.6431497999999993
39916,2.4029905999999976
39917,3.235001199999998
39918,1.9971002999999996
39919,1.8734802999999993
39920,2.0373000000000014
39921,1.929560699999999
39922,1.8558101000000007
39923,1.3395803000000004
39924,2.0516608000000005
39925,2.901811200000001
39926,1.7043800000000002
39927,1.2689302000000002
39928,2.1299404000000015
39929,1.6126799999999994
39930,1.8449904000000004
39931,1.6201701999999998
39932,1.4405500000000004
39933,2.4398801000000008
39934,1.8025105999999997
39935,2.154629999999999
39936,1.3235799999999998
39937,1.9212802999999987
39938,1.2718900000000004
39939,2.6240202999999984
39940,2.7249201000000016
39941,2.974732499999999
39942,3.656222099999998
39943,2.386929999999999
39944,1.5459399999999999
39945,1.8176301999999998
39946,1.61061
39947,1.5113400000000008
39948,1.9743900000000003
39949,1.9687600000000014
39950,1.3690200000000001
39951,1.9418107999999987
39952,1.7512000000000003
39953,2.7471805000000007
39954,2.4162202999999995
39955,2.0603908000000013
39956,1.6677999999999988
39957,1.4409199999999998
39958,2.002340699999998
39959,1.3632601999999998
39960,1.5386900000000012
39961,2.318380000000001
39962,3.091140000000001
39963,2.5172804000000006
39964,1.3497700999999995
39965,4.495127299999994
39966,1.9606401999999985
39967,4.213536299999996
39968,1.6475000000000006
39969,2.657230300000001
39970,2.4530200000000013
39971,1.9834512000000004
39972,2.3909074999999995
39973,1.60574
39974,2.0522700000000005
39975,1.6019703000000007
39976,2.6985510000000006
39977,1.7345200999999997
39978,1.9405979999999987
39979,1.3563400000000003
39980,4.9133093999999895
39981,1.8518302
39982,1.88499
39983,1.0428799999999991
39984,1.4668901000000005
39985,2.6455615000000012
39986,3.0900508999999965
39987,2.4026603000000004
39988,3.756412099999998
39989,1.171939999999999
39990,3.2906031000000002
39991,4.496615899999994
39992,0.9220900000000012
39993,2.0997400000000006
39994,2.4861000000000013
39995,1.5760400000000003
39996,1.5959900000000011
39997,1.2212000000000003
39998,2.04859
39999,1.9703599999999994
40000,1.699970100000001
40001,1.3267704
40002,2.246879999999999
40003,1.4050699999999994
40004,1.9048900999999996
40005,1.9638202000000007
40006,1.6497700000000006
40007,4.323695799999996
40008,2.7399058333333324
40009,1.5880599999999998
40010,1.8886499999999997
40011,1.3708800000000005
40012,1.9317700000000004
40013,1.6561599999999992
40014,2.262750199999999
40015,2.331049999999999
40016,1.6905198
40017,3.303660699999999
40018,1.494580000000001
40019,1.7262299999999997
40020,1.39785
40021,2.6088609000000003
40022,2.6156309000000006
40023,3.708250199999996
40024,1.6192999999999995
40025,3.1976401000000028
40026,2.0272502000000014
40027,2.179649999999999
40028,2.0514700000000006
40029,3.4792113000000002
40030,1.7903699999999996
40031,2.765559999999999
40032,1.5359400000000007
40033,2.8969617999999993
40034,3.356170300000002
40035,1.784670100000001
40036,2.362331
40037,2.114029999999999
40038,1.0725699999999991
40039,2.043180000000001
40040,2.0389799999999996
40041,1.8506000000000014
40042,1.4823502
40043,1.6697500000000012
40044,2.11095
40045,1.8934004000000006
40046,1.59769
40047,1.59792
40048,2.447519999999998
40049,2.3643802000000025
40050,2.407890399999999
40051,1.6577203
40052,2.221000499999999
40053,1.5697699999999992
40054,1.7842901000000004
40055,2.710670000000001
40056,1.8197999999999994
40057,1.5694200999999994
40058,2.078610399999999
40059,2.4405699999999992
40060,1.4247699999999994
40061,1.7264102999999997
40062,2.2056400999999983
40063,2.250630299999999
40064,2.0030715000000017
40065,4.833478999999992
40066,1.8175201
40067,1.7216800000000003
40068,1.7567000999999995
40069,1.712560599999999
40070,2.2869000000000015
40071,1.1947701999999998
40072,3.791061200000001
40073,2.9020512000000007
40074,3.8243925999999973
40075,1.7278604000000002
40076,2.706260200000001
40077,1.9752607
40078,1.6663499999999993
40079,2.0724301
40080,1.5539200000000006
40081,2.918440299999999
40082,1.9231600000000006
40083,3.890591899999998
40084,1.9939600000000004
40085,2.2122020000000004
40086,4.2166920999999995
40087,1.4314399999999994
40088,2.31461
40089,2.2910700000000013
40090,1.9672302000000002
40091,1.4112799999999999
40092,2.545069999999999
40093,1.5513399999999995
40094,2.780740699999999
40095,1.4266699999999997
40096,2.0978610000000013
40097,1.7596599999999998
40098,1.3721203999999994
40099,1.5076400000000003
40100,0.9784601000000004
40101,1.7274601999999988
40102,2.8376501999999992
40103,1.58976
40104,2.4687010000000007
40105,2.6134009000000007
40106,1.7317100000000003
40107,1.57384
40108,1.5560601000000005
40109,2.5705929999999997
40110,1.1924400000000015
40111,1.4269500000000002
40112,2.5195500999999982
40113,1.2861100999999988
40114,2.0299402999999994
40115,1.6740601999999998
40116,3.0980099999999995
40117,1.9566500000000004
40118,1.5441699999999998
40119,2.001850700000001
40120,1.9293907999999993
40121,1.3054301000000001
40122,1.8952105999999997
40123,2.1731909000000016
40124,1.8347202999999985
40125,1.9559100000000003
40126,1.3227002000000005
40127,1.4128300000000007
40128,2.452490700000001
40129,3.6183522999999975
40130,2.023580100000001
40131,1.4274700000000002
40132,2.036971199999998
40133,4.040123799999997
40134,1.3075400000000008
40135,1.6603407
40136,2.5205200000000008
40137,2.4374501999999985
40138,1.8438900999999992
40139,1.5493600999999995
40140,1.4349201000000003
40141,2.498000199999999
40142,1.9669800000000002
40143,2.6157017999999983
40144,2.6636124
40145,1.5509800000000005
40146,2.270499999999999
40147,2.6909000000000005
40148,1.6031899999999997
40149,1.62
40150,2.1998301000000002
40151,3.1355212999999997
40152,1.8355402000000007
40153,3.6779511
40154,2.4466200999999987
40155,2.5957310000000002
40156,1.7968199999999996
40157,1.2479299999999995
40158,2.1655603000000014
40159,1.6902901000000006
40160,1.9118702999999995
40161,3.0949499999999994
40162,1.7365099999999989
40163,2.063310000000001
40164,2.324700399999999
40165,1.7648900000000003
40166,1.8509600000000008
40167,1.8189703
40168,2.0323604000000004
40169,1.1013300000000001
40170,3.2994729999999994
40171,1.674489999999999
40172,2.9640199999999974
40173,1.3324100000000012
40174,2.18729
40175,1.7107300000000003
40176,2.1103308000000003
40177,2.153790100000001
40178,3.5490500999999983
40179,1.5998500000000007
40180,4.110621899999999
40181,1.3455999999999997
40182,2.0813504
40183,3.3516700999999984
40184,2.0305000000000004
40185,4.151873699999997
40186,1.4672099999999988
40187,2.5993102000000006
40188,2.7211526000000017
40189,3.910552500000001
40190,3.1511904000000004
40191,2.0271500000000002
40192,2.5429410000000017
40193,2.0960099999999993
40194,1.9912200999999998
40195,1.9332702
40196,4.7599973999999925
40197,3.2587306999999988
40198,4.420754499999995
40199,2.867810100000002
40200,4.347014099999995
40201,1.6698600000000012
40202,1.8896700999999991
40203,2.1251502999999996
40204,2.6500900000000005
40205,1.9800400000000005
40206,1.7954500000000004
40207,1.3873501000000004
40208,4.657788399999993
40209,3.0977499999999987
40210,1.7730800999999994
40211,2.2362306000000003
40212,2.4692401999999993
40213,1.1962400000000004
40214,1.9752499999999995
40215,1.8569600000000006
40216,1.3924299999999996
40217,1.6580104000000002
40218,2.3909801000000006
40219,2.306620099999999
40220,1.9913401000000004
40221,2.026320199999999
40222,1.5518699999999996
40223,1.7479399999999987
40224,2.2848902000000004
40225,1.85779
40226,2.150040199999998
40227,1.9483800000000002
40228,1.9514999999999998
40229,2.726500100000001
40230,2.3711509999999993
40231,2.2839706
40232,1.8920800000000007
40233,1.7027399999999988
40234,1.5410199999999994
40235,1.9527804999999998
40236,1.4764900000000003
40237,1.8932599999999997
40238,2.289750099999998
40239,2.633860699999999
40240,2.6340413000000007
40241,1.87422
40242,1.7058905000000015
40243,1.6598300000000008
40244,2.118199999999999
40245,3.8771802999999982
40246,1.7469500000000016
40247,1.6312299999999995
40248,2.1156400999999985
40249,1.87592
40250,1.4003900999999985
40251,1.1786399999999997
40252,2.6236308000000004
40253,1.5364000999999998
40254,1.5293400000000004
40255,2.437909999999997
40256,3.007240400000001
40257,3.0279400999999995
40258,2.8369700000000004
40259,1.363500099999999
40260,1.51517
40261,2.845670099999997
40262,1.5028202000000002
40263,1.46584
40264,1.4320400000000004
40265,1.7687404000000004
40266,2.0960099999999993
40267,1.6509100000000003
40268,1.7922400999999997
40269,1.7290800000000002
40270,2.395699999999999
40271,1.9499600000000012
40272,2.0987700000000014
40273,2.918449999999999
40274,1.4698600000000002
40275,1.5551004000000008
40276,2.364179999999999
40277,1.7053599999999998
40278,4.070690799999995
40279,1.70934
40280,1.4875000000000005
40281,1.4847000000000008
40282,4.678605699999994
40283,1.5434604000000007
40284,1.6990801999999996
40285,4.466144899999994
40286,2.2357799999999988
40287,1.8787301000000003
40288,1.48229
40289,1.5069899999999998
40290,2.2935400000000006
40291,1.87967
40292,2.0500317000000017
40293,1.7479599999999997
40294,1.6169299999999995
40295,3.1843513999999993
40296,1.7770000000000004
40297,1.7291900000000007
40298,2.925339999999999
40299,1.779190000000001
40300,1.5547099999999998
40301,1.8215303999999992
40302,2.6989513000000005
40303,1.9297701
40304,3.472391599999998
40305,2.1693701999999986
40306,1.5468300000000001
40307,3.0520522
40308,2.1865602000000006
40309,2.207601100000002
40310,1.4780601999999998
40311,2.07256
40312,1.9869005000000002
40313,4.343606599999994
40314,2.4374200000000013
40315,3.401802899999998
40316,1.5812899999999996
40317,1.7172900000000004
40318,1.8869499999999995
40319,1.7766404
40320,2.8886210999999986
40321,2.5055199999999993
40322,1.7663503999999994
40323,4.5247172999999945
40324,1.6023800000000017
40325,1.5856000000000001
40326,2.434180999999998
40327,2.1021599999999983
40328,2.2463700000000006
40329,2.10911
40330,3.3137808000000013
40331,2.32605
40332,1.4004103000000006
40333,2.785119999999998
40334,1.300329999999999
40335,1.7011600000000002
40336,2.761840099999999
40337,1.2947501
40338,2.0247101000000005
40339,1.5457501000000002
40340,1.0844999999999991
40341,1.9717299999999995
40342,4.0372727
40343,1.7272800000000001
40344,1.86553
40345,1.7182003000000006
40346,1.833330000000001
40347,1.6337199999999998
40348,1.2246299999999999
40349,1.5549701000000007
40350,1.1654300000000004
40351,3.9741705000000036
40352,3.038450000000002
40353,2.3497000999999997
40354,2.2102600999999997
40355,2.4867799999999987
40356,0.8550000000000005
40357,1.7285199999999987
40358,1.9741005000000007
40359,2.3288601999999994
40360,2.4735106999999994
40361,1.8375
40362,2.5257101000000004
40363,1.766600000000002
40364,1.4245700000000006
40365,1.3563900999999996
40366,2.1667200000000006
40367,1.9681099999999978
40368,4.617595899999997
40369,3.7001927999999986
40370,2.269050099999999
40371,2.0512800999999996
40372,1.327830800000002
40373,1.6408702000000006
40374,1.4381600999999995
40375,1.7016200999999986
40376,1.950390900000001
40377,2.994290100000001
40378,1.9471299999999987
40379,1.6477001000000013
40380,1.4882100000000014
40381,2.0030200000000007
40382,1.7419100999999995
40383,3.4327726999999997
40384,2.5251499999999982
40385,1.7483601
40386,1.6698200000000003
40387,1.7541899999999995
40388,1.7307701000000006
40389,2.0752801
40390,1.6087299999999993
40391,1.64468
40392,1.4433099999999999
40393,1.8563001999999995
40394,1.0512800000000004
40395,2.0378499999999993
40396,2.452879999999999
40397,2.629661400000001
40398,1.833130000000001
40399,2.5053301000000006
40400,1.898459999999998
40401,4.185135199999994
40402,1.7524800999999997
40403,2.383470399999998
40404,1.9950751666666668
40405,1.978580099999999
40406,2.0490400999999987
40407,2.3710406000000006
40408,1.2053299999999993
40409,2.2015901999999996
40410,3.079851399999999
40411,1.2998299999999998
40412,1.8781701000000015
40413,1.7274699999999994
40414,2.1989502
40415,1.7215400000000005
40416,1.8933499999999992
40417,1.6278599999999992
40418,1.8789399999999994
40419,1.7786601999999994
40420,1.9913101000000004
40421,1.8114899999999985
40422,1.6482802
40423,2.15171
40424,2.534490599999997
40425,1.5316910000000008
40426,3.3610410999999965
40427,2.0490804999999983
40428,1.8470002000000005
40429,2.3209801000000003
40430,1.9821303000000001
40431,3.4415728999999975
40432,1.8868400000000007
40433,1.4808800000000009
40434,1.3935201000000004
40435,2.3372603999999995
40436,1.9878700000000016
40437,1.6122497999999994
40438,4.567037099999992
40439,1.598319999999999
40440,1.1561600999999997
40441,3.198252499999998
40442,1.585419999999999
40443,1.4598199999999997
40444,1.54472
40445,1.8053900000000005
40446,2.241980099999999
40447,2.388759999999998
40448,4.740297599999992
40449,1.98038
40450,1.5118899999999988
40451,2.0979503
40452,1.9475599999999995
40453,2.1239800000000018
40454,2.195810000000001
40455,2.8796111999999976
40456,2.29382
40457,4.86767859999999
40458,2.00863
40459,1.3696900000000007
40460,2.3705701999999995
40461,3.1917709999999992
40462,2.3887004999999975
40463,2.2835618999999996
40464,1.4113800000000003
40465,3.958485299999997
40466,1.1289400000000003
40467,1.850090000000001
40468,1.4817899999999995
40469,4.379086199999993
40470,1.3453999999999988
40471,3.227072099999999
40472,2.0995615000000005
40473,1.4681099999999991
40474,1.6808899999999998
40475,3.3105207999999995
40476,4.96056929999999
40477,1.7653202999999988
40478,1.4515202000000003
40479,2.0055699999999996
40480,1.9628699999999986
40481,1.8029900000000003
40482,1.4488699999999994
40483,1.799989999999999
40484,2.3435602000000006
40485,1.50554
40486,3.9711306000000013
40487,1.3961800000000002
40488,2.8924723999999986
40489,2.671081100000001
40490,1.8407099999999996
40491,1.7827003000000001
40492,2.8848799999999994
40493,1.0371199999999998
40494,1.5052199999999987
40495,1.7609300999999993
40496,1.7314599999999998
40497,1.1506799999999993
40498,1.534510199999999
40499,2.638670099999999
40500,1.6363699999999994
40501,1.6016900000000007
40502,1.8134100000000004
40503,4.172972499999997
40504,2.1501500999999994
40505,2.5818001000000015
40506,3.9276226000000003
40507,2.062830200000002
40508,1.6572201000000002
40509,2.6373999999999995
40510,1.360779999999999
40511,2.165320199999999
40512,3.7790832999999986
40513,1.42009
40514,2.1279909
40515,2.1510801000000006
40516,2.5148705
40517,2.1640413000000023
40518,2.2101600000000006
40519,1.5599506000000007
40520,1.4070000000000005
40521,1.615790000000001
40522,1.987580000000001
40523,1.9609802000000014
40524,2.3987000999999997
40525,2.556311900000001
40526,1.7559410999999998
40527,2.992480499999999
40528,2.2511021000000015
40529,1.6216500000000007
40530,2.420970199999999
40531,1.31157
40532,1.7498599999999993
40533,1.4917499999999995
40534,1.988740000000001
40535,1.6004501000000002
40536,1.5559201000000007
40537,1.7829700000000002
40538,2.2819001000000005
40539,3.683944499999999
40540,2.2507108999999996
40541,2.7369299999999996
40542,2.193590100000001
40543,2.119420199999999
40544,3.1789124
40545,1.9307200000000002
40546,1.65792
40547,1.6127499999999997
40548,2.722560200000001
40549,3.167791200000001
40550,2.037669999999999
40551,2.5291608
40552,1.9106405000000009
40553,2.8678608000000003
40554,1.9794700000000003
40555,3.339101
40556,1.9081803000000006
40557,1.7063699999999986
40558,1.6830800000000006
40559,1.374140499999999
40560,1.7857401999999996
40561,2.1903399999999986
40562,1.5051400000000004
40563,2.0074700999999995
40564,2.0589207000000003
40565,2.29209
40566,1.6608700000000005
40567,1.7107599999999987
40568,1.9826599999999994
40569,1.7834914999999993
40570,1.8397299999999992
40571,1.7845400000000005
40572,1.7946300000000006
40573,1.9596699999999982
40574,2.3650507999999997
40575,3.6398804999999994
40576,2.688620200000001
40577,1.2525900000000003
40578,1.5513006000000003
40579,1.8783400999999997
40580,1.5830499999999998
40581,1.7717400999999995
40582,4.042866999999994
40583,1.4757100000000003
40584,0.9473300999999998
40585,2.09302
40586,1.6139301999999993
40587,2.5111318999999988
40588,1.7868699999999995
40589,2.3336800000000015
40590,1.8854399999999998
40591,1.8678799999999995
40592,2.3331221000000006
40593,1.7519701000000003
40594,1.4051699999999996
40595,2.1126602
40596,2.0925101000000006
40597,1.8891700000000011
40598,4.286710800000002
40599,2.482992000000001
40600,2.223530099999999
40601,1.7265899999999996
40602,2.0395100999999998
40603,2.3971316000000007
40604,2.0341905000000007
40605,1.41939
40606,1.7501600000000002
40607,1.8543300999999992
40608,2.8035308000000008
40609,2.7396221
40610,2.319929999999999
40611,3.7153425999999983
40612,1.8546806000000005
40613,1.5122506000000004
40614,1.8056403999999988
40615,2.0256106999999997
40616,2.4569001999999993
40617,2.284470400000001
40618,3.4558720000000007
40619,2.06334
40620,1.3753001
40621,2.24138
40622,2.2435405000000017
40623,1.9027311
40624,1.5346300999999998
40625,2.2394400000000005
40626,2.227559999999999
40627,3.5205824999999993
40628,1.3601904000000002
40629,1.6169001000000005
40630,3.8579744999999974
40631,1.5200299999999998
40632,1.5952100000000002
40633,2.8326101999999986
40634,2.690611899999999
40635,1.855120400000001
40636,1.9394409000000008
40637,2.1494207999999997
40638,2.1084505
40639,1.6821400000000006
40640,4.97493929999999
40641,4.382654599999998
40642,2.315360200000001
40643,3.0935806999999977
40644,2.4740921000000013
40645,1.5044200000000003
40646,2.4056301999999996
40647,1.9204099999999982
40648,2.3194100000000017
40649,2.4102321000000004
40650,1.7963200999999998
40651,1.69866
40652,1.3634402
40653,2.6293304
40654,2.380289999999997
40655,3.808155199999993
40656,1.8051201999999997
40657,3.7151730999999986
40658,2.170059999999999
40659,2.908160900000001
40660,2.764120599999996
40661,2.377520299999999
40662,1.4149499999999997
40663,1.9691800000000013
40664,1.3133799999999995
40665,2.4584300999999975
40666,3.123092099999999
40667,2.1644101000000004
40668,1.531879999999999
40669,1.7309500999999992
40670,2.577199999999998
40671,1.4340209
40672,1.9679699999999993
40673,2.155510000000001
40674,1.5810201000000002
40675,2.699250100000001
40676,1.8907499999999997
40677,3.029292099999998
40678,1.5837900000000005
40679,2.0902700999999997
40680,1.6086200000000002
40681,1.5741500999999993
40682,1.5098901000000016
40683,2.1750200999999993
40684,2.770120299999998
40685,2.990231700000001
40686,2.5149601000000006
40687,1.7821301999999997
40688,1.9145101000000002
40689,1.7993305000000006
40690,2.482140399999999
40691,1.7963604000000004
40692,2.3413699999999995
40693,2.702520200000001
40694,1.7471100000000002
40695,1.4827799999999995
40696,1.5932702000000003
40697,3.1786614
40698,2.1579514999999985
40699,1.7755603
40700,4.834567999999991
40701,1.90161
40702,2.2496901
40703,1.8214699999999993
40704,1.9518402000000008
40705,2.1428201
40706,1.9923706999999988
40707,1.6972002999999998
40708,2.1463101
40709,2.4285305000000013
40710,1.705829999999999
40711,1.5069
40712,1.51031
40713,1.638190199999999
40714,3.1268022999999987
40715,1.8645900000000006
40716,1.6620400000000002
40717,1.8164807000000007
40718,1.6465300999999999
40719,1.706599999999999
40720,2.4437618000000008
40721,1.5570400000000006
40722,2.1912600000000015
40723,1.5570305999999994
40724,1.8195299999999996
40725,1.9811199999999989
40726,1.0326699999999993
40727,1.9203509999999977
40728,1.6628399999999994
40729,1.6507199999999989
40730,1.8178800999999996
40731,2.349460000000001
40732,2.7689903
40733,1.6479701000000002
40734,4.981549699999989
40735,1.8435900999999995
40736,1.7659200000000002
40737,1.5438901000000005
40738,1.6971402999999998
40739,2.3513900000000003
40740,1.6557700999999998
40741,3.0883299999999996
40742,2.418400099999998
40743,1.5324899999999995
40744,1.8238991666666673
40745,3.066520500000001
40746,2.0175200999999996
40747,1.8065900999999998
40748,1.936100000000002
40749,2.7177800000000003
40750,2.2651000000000003
40751,1.6029000999999996
40752,3.240573099999997
40753,2.1836502999999983
40754,1.8383801999999998
40755,2.771650599999999
40756,1.6539803000000006
40757,3.124290999999999
40758,2.0185801000000003
40759,1.6135303
40760,1.4711802000000005
40761,2.04695
40762,3.1414103000000018
40763,2.3797400000000004
40764,1.5223904
40765,2.201480100000002
40766,4.457577699999991
40767,1.7727499999999992
40768,2.8670004000000002
40769,1.9054999999999993
40770,1.834530100000001
40771,1.8022399999999996
40772,1.6851199999999986
40773,1.4251100000000008
40774,1.5033199999999995
40775,1.5363002000000008
40776,1.5569700000000004
40777,1.2829800000000007
40778,3.6739024999999996
40779,2.9974304000000003
40780,1.8730101999999993
40781,1.3059600999999998
40782,1.3286499999999999
40783,1.3469599999999995
40784,1.2158300000000006
40785,2.259809999999998
40786,1.3954799999999992
40787,3.9450052999999947
40788,2.3366926000000006
40789,2.0616000000000003
40790,1.5647700000000007
40791,2.489470099999999
40792,1.0825100000000012
40793,1.747659999999999
40794,2.4013316999999996
40795,2.8910422
40796,1.9084101000000004
40797,1.7382308
40798,4.302304599999995
40799,1.9193499999999997
40800,2.2867701
40801,1.8419906000000004
40802,2.0176107
40803,1.6612400000000007
40804,3.849832099999998
40805,1.6771599999999989
40806,2.2531329000000007
40807,1.62342
40808,1.5617399999999997
40809,2.4760101000000008
40810,1.7606207
40811,1.661940399999999
40812,2.70974
40813,2.1438612
40814,2.23053
40815,1.9754399999999992
40816,1.6943300000000008
40817,2.5942304000000003
40818,2.028550000000001
40819,1.2605700999999998
40820,2.761403399999998
40821,2.331049999999999
40822,1.5025500000000003
40823,1.4274616666666662
40824,2.051350199999999
40825,1.7605699999999993
40826,1.5531699999999995
40827,1.7715307999999994
40828,3.4510414000000003
40829,1.8688999999999987
40830,2.811260000000002
40831,2.1509699999999983
40832,1.68248
40833,1.9438499999999994
40834,2.291141400000001
40835,1.9125800000000002
40836,2.565170599999999
40837,2.4034511
40838,1.9840201999999993
40839,1.7460300000000013
40840,2.4418000000000006
40841,1.8690799999999994
40842,1.5300201000000002
40843,3.369391000000001
40844,1.2382600000000006
40845,1.9669199999999991
40846,1.3293499999999994
40847,2.186540099999999
40848,4.790728699999991
40849,1.3401401999999993
40850,1.3613605999999994
40851,1.7569299999999997
40852,2.3254599999999996
40853,1.8988701999999986
40854,1.8604299999999996
40855,1.6706505999999999
40856,1.6966700000000003
40857,1.8875305000000009
40858,1.5890700000000004
40859,2.339910000000001
40860,1.5402001
40861,1.5810900000000012
40862,1.8383801999999994
40863,1.735300300000001
40864,1.6240505000000007
40865,2.794872
40866,1.8192401999999999
40867,2.271629999999999
40868,1.9564399999999984
40869,1.9309599999999991
40870,2.2256499999999995
40871,4.072902299999998
40872,1.70488
40873,2.074249999999999
40874,1.6098001000000004
40875,1.68174
40876,4.463394399999998
40877,1.8798300999999995
40878,2.111230799999999
40879,2.5147399999999998
40880,4.190654099999995
40881,2.789236585000001
40882,1.5553199999999998
40883,1.4910200000000011
40884,3.592463399999997
40885,1.3367099999999996
40886,2.714622000000001
40887,4.466973999999996
40888,1.83947
40889,3.1822406999999986
40890,1.6963400000000004
40891,1.8993705999999992
40892,2.2655108000000013
40893,1.5793602000000007
40894,2.8558813000000005
40895,2.554042699999999
40896,1.6670701000000003
40897,1.6970899999999989
40898,1.945061200000001
40899,2.565651499999999
40900,2.7349411
40901,2.003661100000001
40902,2.5435800000000004
40903,2.1303100000000006
40904,1.8434709
40905,1.44916
40906,2.8659704
40907,3.1408509000000016
40908,1.3780800000000004
40909,2.900470099999996
40910,2.440990000000001
40911,3.1822507999999976
40912,2.1528706
40913,2.488251199999999
40914,1.4681200000000008
40915,4.6383064999999934
40916,2.8348816999999995
40917,2.2228916999999977
40918,1.3383401000000001
40919,1.9949011000000005
40920,2.1456401999999994
40921,1.5733250499999978
40922,1.8386500000000001
40923,1.3832101000000006
40924,3.169142399999999
40925,1.7251801
40926,1.77738
40927,1.607669999999999
40928,1.724040000000001
40929,1.2608499999999996
40930,1.8127000000000002
40931,4.125907599999996
40932,3.8878241999999967
40933,3.1166805000000024
40934,1.5343201000000002
40935,2.7124725999999986
40936,2.620191600000001
40937,2.7997003000000005
40938,1.7341199999999994
40939,2.9243505000000005
40940,1.440340000000001
40941,1.6931900000000002
40942,2.414680199999998
40943,1.2525200000000007
40944,1.1767599999999998
40945,1.7552801999999994
40946,1.7398000000000002
40947,3.2015331999999987
40948,1.63305
40949,1.45074
40950,1.5993000000000013
40951,2.8546903999999977
40952,2.047640000000001
40953,1.8980108000000009
40954,2.189070100000001
40955,2.0641299999999987
40956,2.9533405999999998
40957,2.2079899999999997
40958,1.7236200000000008
40959,1.6479199999999998
40960,2.208160100000001
40961,2.3015599999999985
40962,3.2440507999999992
40963,2.0462700000000007
40964,1.5940002999999996
40965,3.1311416
40966,1.9120104
40967,1.6119999999999992
40968,1.81634
40969,1.7911700000000002
40970,2.3126804000000014
40971,1.7515
40972,1.4271699999999998
40973,1.6980000000000002
40974,2.4199709999999994
40975,1.9717501999999998
40976,1.8233099
40977,1.3475999999999997
40978,2.3585506999999994
40979,1.8766204999999991
40980,1.9620501000000008
40981,1.8310101
40982,1.6888500000000009
40983,1.7323904000000008
40984,1.8158200000000013
40985,1.5857500000000004
40986,2.1869602999999995
40987,2.4470508999999985
40988,1.6410200999999993
40989,1.7823813000000002
40990,1.6241700999999997
40991,1.4639101999999997
40992,1.6781000999999998
40993,2.8384700999999994
40994,1.952386999999999
40995,1.7444899999999988
40996,3.9779726999999965
40997,3.0862500999999996
40998,1.6357202000000002
40999,1.6489399999999983
41000,4.676736199999994
41001,1.9672099999999997
41002,2.1127801
41003,1.3875800000000005
41004,2.5268300999999993
41005,2.3240299999999996
41006,2.563360199999999
41007,1.1791001
41008,1.6743700000000001
41009,1.3543200000000002
41010,1.8671699999999996
41011,1.9249600000000013
41012,1.9843204999999997
41013,2.4475399999999983
41014,1.4119399999999995
41015,1.6624303000000014
41016,2.0921003999999996
41017,2.4878801000000017
41018,1.4692200999999994
41019,2.7207509000000005
41020,1.5352200999999999
41021,1.6307511000000003
41022,1.8362600000000002
41023,2.1520200000000025
41024,1.88115
41025,2.639151099999998
41026,2.191640800000001
41027,1.2808601000000004
41028,3.5452820000000003
41029,2.1190800000000007
41030,1.835569999999999
41031,1.8107702999999997
41032,3.7710925999999967
41033,1.557760000000001
41034,2.055050000000001
41035,1.6109500000000019
41036,1.50362
41037,1.5461501000000002
41038,4.682006999999993
41039,1.7804900000000001
41040,2.186950800000001
41041,2.1003699999999994
41042,2.111240599999999
41043,2.0309302999999996
41044,2.9479208000000012
41045,1.3121600000000009
41046,1.6150699999999991
41047,2.066709999999999
41048,1.8183799999999994
41049,2.4290713999999998
41050,1.534919999999999
41051,1.8553800999999992
41052,2.46852
41053,2.9591023
41054,2.1478400000000017
41055,1.7442610000000014
41056,1.8238199999999989
41057,1.5203599999999997
41058,1.8442699999999996
41059,1.3641899999999998
41060,1.9443400999999993
41061,1.737820600000001
41062,1.6674704000000005
41063,1.2416400000000005
41064,2.0934404000000013
41065,3.1943014
41066,3.1053100000000016
41067,2.5096304000000003
41068,2.386869999999999
41069,1.4049403999999996
41070,2.289500000000001
41071,1.4596902000000005
41072,1.695509999999999
41073,1.6708304000000005
41074,2.1779702
41075,1.3720499999999998
41076,1.9602899999999996
41077,1.5331400000000002
41078,4.734168599999991
41079,3.030680600000001
41080,1.7412700999999986
41081,1.6715002
41082,2.234510100000001
41083,2.5312804000000004
41084,2.4640300000000015
41085,4.7392165999999945
41086,1.745751300000001
41087,1.5494000000000003
41088,1.7431001999999993
41089,1.7280200000000014
41090,1.3745800000000004
41091,2.2369299999999988
41092,1.9331603999999998
41093,2.6233317666666665
41094,2.22603
41095,1.7810904000000003
41096,1.1891999999999985
41097,1.4340000000000008
41098,3.8369116999999964
41099,2.8813521000000004
41100,2.0741699999999996
41101,2.02091
41102,2.465610200000001
41103,1.4047099999999997
41104,1.9159399999999993
41105,2.1765799999999977
41106,2.2257407000000002
41107,2.034990100000001
41108,1.6720801999999992
41109,2.2456004000000003
41110,2.2336
41111,2.3518401999999994
41112,1.7369600000000007
41113,1.0952300000000001
41114,1.466030499999999
41115,2.388710399999999
41116,1.7988299999999993
41117,1.8906500999999998
41118,1.4692200000000006
41119,1.4942901
41120,1.8681601000000023
41121,2.089890099999999
41122,1.7476299999999978
41123,1.6676700000000004
41124,1.21515
41125,3.800872399999997
41126,1.9439400000000004
41127,2.0951799999999996
41128,2.5664409999999998
41129,1.7012099999999994
41130,1.885049999999999
41131,1.5686000000000009
41132,1.6520300000000014
41133,2.0503600000000004
41134,1.6192599999999997
41135,1.6505700000000008
41136,1.9868002000000005
41137,2.0063799999999996
41138,1.4150500000000001
41139,1.5800899999999998
41140,1.2547899999999992
41141,1.6196402
41142,2.12906
41143,1.2966201000000002
41144,4.766488499999991
41145,1.7728300000000001
41146,2.1372302000000007
41147,1.6782400000000006
41148,1.8730600999999985
41149,2.1197102000000005
41150,1.5033699999999994
41151,0.9404701999999995
41152,2.0725800000000003
41153,2.7170704999999997
41154,1.3915400000000002
41155,1.8523701000000004
41156,1.8059411000000005
41157,1.4397000999999998
41158,2.3741501000000005
41159,1.6399800000000007
41160,2.0865902000000016
41161,2.593990000000001
41162,1.9956200999999978
41163,1.6572603999999995
41164,3.1880219999999997
41165,1.846641000000002
41166,1.6447200999999998
41167,1.8674100999999987
41168,2.0780699999999985
41169,1.5935000000000006
41170,1.3204403000000005
41171,2.037470000000001
41172,1.754690099999999
41173,2.446290500000001
41174,2.2684702999999993
41175,2.561299999999999
41176,1.7524900999999997
41177,1.9204299999999999
41178,2.39032
41179,4.547566199999993
41180,3.3051723999999982
41181,2.05004
41182,2.0569399999999987
41183,1.6092006000000012
41184,2.2003601999999973
41185,1.9564700999999998
41186,1.7913701000000006
41187,2.0484601000000002
41188,1.3748999999999996
41189,1.5760901999999992
41190,1.9478200999999993
41191,1.8358400000000006
41192,2.246440699999999
41193,1.573829999999999
41194,1.951490899999999
41195,1.4794400999999981
41196,2.5328799999999987
41197,3.0248306999999994
41198,2.2650404000000015
41199,2.4660002000000003
41200,0.9397699999999998
41201,1.2040900000000005
41202,1.1194799999999996
41203,4.225163899999998
41204,1.4650800000000006
41205,2.7945000999999996
41206,1.5762599999999996
41207,2.2175400999999972
41208,1.6620500000000005
41209,1.5548900999999995
41210,1.8864476999999997
41211,1.7461099999999998
41212,1.2970299999999988
41213,1.28833
41214,1.9267400000000003
41215,2.084730000000002
41216,1.8485700000000005
41217,1.8093900000000012
41218,1.4851800000000008
41219,1.6491600000000008
41220,2.796230499999999
41221,2.133920000000001
41222,2.2822899999999997
41223,1.8427801999999993
41224,1.5326400000000004
41225,1.5191699999999988
41226,4.450974699999997
41227,3.152021199999999
41228,1.7701599999999997
41229,1.9462701000000004
41230,1.1838164000000009
41231,1.8953000000000009
41232,1.8119801000000002
41233,2.218039999999998
41234,1.3477299999999994
41235,1.58745
41236,2.2694499999999986
41237,1.6069500000000003
41238,1.0330199999999996
41239,1.7627400000000009
41240,2.5437304999999992
41241,1.78488
41242,2.024739999999998
41243,1.5546800999999988
41244,1.9168101
41245,1.7178203999999988
41246,1.9000399999999993
41247,4.594207099999994
41248,3.1141331
41249,3.126801499999998
41250,1.8558401999999992
41251,4.1262734999999955
41252,2.545390099999999
41253,1.6234701000000005
41254,2.8478918999999987
41255,1.6655100000000005
41256,1.4068899999999982
41257,1.4601100000000002
41258,1.7059600000000001
41259,2.2506499999999967
41260,2.6497216000000012
41261,2.816630000000001
41262,1.9300805000000012
41263,2.7279200000000015
41264,1.9116300000000004
41265,3.5157817000000007
41266,2.3530109999999995
41267,2.098230300000001
41268,1.5069500000000002
41269,1.8748116666666663
41270,1.5550099999999998
41271,2.7898602000000015
41272,2.4615611000000017
41273,1.8231503999999998
41274,1.8303902000000007
41275,3.4692599999999993
41276,2.362010000000001
41277,1.7310000000000003
41278,1.1801300999999997
41279,3.3711208999999975
41280,2.395390299999998
41281,1.089169999999999
41282,2.3842000000000003
41283,1.8665399999999988
41284,1.7418400000000007
41285,3.0199700000000007
41286,1.8442301999999984
41287,1.5647107000000002
41288,2.223971
41289,2.9113721
41290,2.044919999999999
41291,1.2392399999999997
41292,1.9374306999999995
41293,2.5602701000000008
41294,1.524130399999999
41295,2.1242700999999986
41296,3.176530000000001
41297,1.9568000999999995
41298,3.668191799999999
41299,3.7544507999999985
41300,2.7089808000000004
41301,1.6367699999999996
41302,1.4847502000000006
41303,2.3079499999999986
41304,2.5240115000000003
41305,1.7732800000000004
41306,1.9825200000000007
41307,1.9994807999999993
41308,1.87488
41309,2.0380636666666665
41310,2.2099100000000003
41311,1.8404000000000007
41312,3.2835914999999978
41313,2.056860200000001
41314,2.461841900000001
41315,1.3977899999999999
41316,1.9464104999999998
41317,3.3299000999999997
41318,3.5284924
41319,3.18478
41320,1.6320904000000016
41321,1.2924299999999997
41322,1.8251201999999989
41323,1.2292400000000012
41324,1.7060600000000008
41325,2.657320000000003
41326,1.6745300000000003
41327,1.6753899999999995
41328,2.3961202
41329,1.5702699999999998
41330,2.429729999999999
41331,2.692451699999999
41332,1.6568
41333,1.906570499999999
41334,1.5249100000000007
41335,2.656012299999999
41336,2.9422407999999987
41337,1.6452302000000003
41338,2.551560099999998
41339,1.7354901999999999
41340,2.2380501000000006
41341,2.347999999999998
41342,1.8569200000000001
41343,1.3877099999999996
41344,1.7249203000000002
41345,2.815340000000001
41346,1.5230799999999995
41347,1.708020000000001
41348,2.186850399999999
41349,1.9907299999999999
41350,1.7689100000000009
41351,2.9979612999999987
41352,0.8889500000000002
41353,4.146375599999997
41354,2.1311201
41355,1.2581501000000002
41356,1.5029499999999998
41357,1.469759999999999
41358,1.8622099999999993
41359,1.4996702999999996
41360,2.7490105999999987
41361,2.033230099999999
41362,1.10892
41363,1.6402399999999986
41364,2.421755
41365,2.542170099999999
41366,2.613380100000001
41367,1.6074802
41368,2.0930701000000007
41369,2.017450000000001
41370,3.2557906
41371,1.8689600000000002
41372,1.3051100999999996
41373,3.404080200000002
41374,1.124608700000001
41375,1.2045299999999997
41376,2.339179999999998
41377,1.3917999999999995
41378,2.186209999999998
41379,1.4840702
41380,1.5078700000000007
41381,2.1422603999999996
41382,1.5588699999999989
41383,1.5255600000000005
41384,1.5059097999999995
41385,1.4591699999999992
41386,1.661779999999999
41387,2.1943908000000003
41388,1.6461800000000002
41389,1.2198700000000007
41390,2.17683
41391,2.1029599999999986
41392,2.447660399999996
41393,2.1768600000000013
41394,3.4631800999999998
41395,1.3609399999999996
41396,2.994241099999998
41397,1.6963312000000002
41398,2.068305733333334
41399,1.9134502000000018
41400,1.8083499999999995
41401,1.9532101000000004
41402,1.8168303999999988
41403,1.9590400000000003
41404,1.749040000000001
41405,3.6513431999999977
41406,1.5038701000000005
41407,1.3828302000000008
41408,1.5207101
41409,1.73923
41410,1.4298199999999996
41411,1.7594999999999998
41412,2.189879999999999
41413,2.2331903999999994
41414,1.4002000000000001
41415,1.4063100000000006
41416,2.6439207000000016
41417,1.6642102999999988
41418,1.6098800000000006
41419,1.6755301999999994
41420,1.5806299999999995
41421,2.8437502999999986
41422,3.269772899999998
41423,1.3793502999999998
41424,2.5916100000000015
41425,2.6775337
41426,1.6098000000000006
41427,1.3624401000000004
41428,2.2683899999999997
41429,2.1944008999999984
41430,2.3784617999999984
41431,1.635
41432,2.3672701999999997
41433,1.9270801
41434,2.4708701999999985
41435,1.3849000000000007
41436,2.1395111000000004
41437,1.8543101999999991
41438,1.4507800000000004
41439,0.9484000000000006
41440,3.9739333999999964
41441,2.1157000999999984
41442,3.202321899999999
41443,1.5681800000000004
41444,2.0912705000000007
41445,1.783710000000001
41446,1.6726300999999986
41447,2.0273100999999993
41448,2.3885708999999995
41449,2.3570900999999997
41450,1.9766100000000009
41451,1.6798700000000004
41452,4.538127099999992
41453,1.7407000000000001
41454,1.7805899999999995
41455,2.8187000999999974
41456,1.5674601999999993
41457,2.5429
41458,1.6338201000000006
41459,1.24118
41460,3.0606122
41461,2.3452802
41462,1.5801600000000002
41463,1.7316205999999996
41464,1.6488400000000005
41465,3.2815504000000004
41466,2.8238002000000004
41467,1.3282699999999992
41468,3.410082399999999
41469,1.5235099999999997
41470,1.730340000000001
41471,1.8565499999999988
41472,1.4735699999999996
41473,1.5595702999999994
41474,0.989800100000001
41475,3.6954424999999964
41476,1.20877
41477,2.270910299999999
41478,2.2643401000000014
41479,1.522569999999999
41480,1.5837000999999995
41481,1.4681999999999993
41482,2.6983499999999982
41483,1.6799000999999985
41484,1.8148499999999985
41485,3.6917960999999972
41486,2.299620699999999
41487,2.449610000000001
41488,1.9127699999999999
41489,4.119211899999999
41490,1.9129900000000013
41491,3.610100399999999
41492,1.7113900000000002
41493,1.4023800000000002
41494,1.3314701
41495,1.71468
41496,1.5888599999999995
41497,1.38177
41498,1.3528301999999994
41499,1.5064899999999994
41500,1.9906503000000009
41501,1.8130399999999995
41502,1.4809099999999995
41503,2.9893814000000014
41504,1.4421551
41505,1.2132699999999987
41506,1.5336801000000009
41507,2.2900602000000014
41508,1.68052
41509,2.8090400999999976
41510,1.3070299999999995
41511,2.334741
41512,1.5943099999999988
41513,1.9242799999999993
41514,1.5984099999999992
41515,1.89135
41516,2.1529901999999996
41517,1.1805802
41518,0.9902504000000006
41519,2.654180499999999
41520,2.3279006999999994
41521,1.5539395999999999
41522,1.5007499999999998
41523,1.7231801999999994
41524,2.1721112000000007
41525,2.3552103999999985
41526,2.8825799999999986
41527,1.974860399999999
41528,2.1637701999999983
41529,1.1002800000000001
41530,1.6131100000000003
41531,1.4805099999999998
41532,2.402410399999997
41533,1.9764799999999991
41534,1.8774600000000012
41535,2.3500004999999997
41536,1.8784599999999982
41537,1.881629999999999
41538,1.6197805999999992
41539,1.4782200000000003
41540,1.6804499999999998
41541,3.8574510999999982
41542,1.720919999999999
41543,0.9689499999999999
41544,1.5857999999999997
41545,2.9628205000000003
41546,1.3519300000000007
41547,1.7773104999999993
41548,1.9689199999999993
41549,1.5903199999999986
41550,1.9466600000000012
41551,1.9624201999999988
41552,1.6363200000000007
41553,1.8813806000000002
41554,1.8632503000000002
41555,3.464100900000001
41556,1.7669299999999992
41557,1.9573303999999996
41558,2.4521802000000013
41559,2.1660313999999996
41560,1.8709099999999994
41561,1.7171200000000006
41562,4.486016799999995
41563,3.8712035999999985
41564,1.5673900000000005
41565,2.234721200000001
41566,1.9811700000000005
41567,2.1805399999999997
41568,1.258120000000001
41569,1.4265000000000003
41570,2.0069501000000005
41571,1.9015999999999975
41572,2.328149999999998
41573,2.079679999999999
41574,1.6308500000000004
41575,2.6745502999999995
41576,2.3564099999999986
41577,2.172820200000001
41578,2.152030299999999
41579,3.1097611999999994
41580,1.8659700000000004
41581,2.0029800000000004
41582,2.04121
41583,1.1507499999999997
41584,2.1580199999999996
41585,1.7898406999999992
41586,1.5839300000000005
41587,1.7321202
41588,1.43294
41589,1.4340500000000005
41590,1.9244713000000024
41591,2.803010800000001
41592,2.2686802999999984
41593,2.130399999999999
41594,3.309860300000001
41595,2.047010000000001
41596,2.3436699999999986
41597,2.3086209999999996
41598,1.6700001
41599,3.557622599999998
41600,1.7601801999999993
41601,2.1981600000000032
41602,3.2546806999999984
41603,2.3153402999999995
41604,2.013179999999997
41605,2.0292899999999996
41606,2.565931500000001
41607,1.8854399999999998
41608,2.677710300000001
41609,1.789009300000001
41610,1.736990100000001
41611,1.510720000000001
41612,1.8268000000000015
41613,3.2440718999999967
41614,2.0574400999999987
41615,1.5905499999999995
41616,3.0706807000000005
41617,4.031615799999994
41618,2.5535501
41619,1.5740303000000009
41620,1.7752403999999995
41621,2.027119999999999
41622,2.612800800000001
41623,2.833009999999998
41624,1.960409999999999
41625,1.9442802000000001
41626,2.1739410000000006
41627,1.1138000000000003
41628,1.2491299999999992
41629,2.2862102999999996
41630,2.6059699999999997
41631,2.0671515000000005
41632,1.8266102000000008
41633,3.225612
41634,1.7482699999999998
41635,1.0874201999999995
41636,2.041650799999999
41637,1.6645099999999993
41638,2.104209999999999
41639,1.7496599999999998
41640,2.2264600000000003
41641,3.1357706999999984
41642,1.8321699999999999
41643,2.205530100000001
41644,1.5683301
41645,3.068551599999998
41646,4.471566599999993
41647,1.6179700000000004
41648,1.65785
41649,2.312180100000002
41650,1.6294600999999995
41651,1.6744599999999992
41652,1.7388199999999996
41653,1.9113600999999991
41654,4.399335699999994
41655,1.6562899999999996
41656,2.0457999999999994
41657,2.2447200999999994
41658,1.4536604000000006
41659,2.09899
41660,2.990181299999999
41661,1.8117800000000002
41662,2.0706011999999983
41663,1.6090900999999986
41664,1.203270000000001
41665,1.4418600000000004
41666,1.7501599999999997
41667,1.7076900000000002
41668,3.5747114
41669,1.6857399999999998
41670,2.50222
41671,1.8330301999999994
41672,1.937280000000001
41673,4.025825499999997
41674,2.7286713000000002
41675,2.2210199999999998
41676,1.3758102000000008
41677,1.8189199999999994
41678,2.0376704000000014
41679,2.6124000000000027
41680,1.7590500000000007
41681,3.600072799999998
41682,2.0035599999999993
41683,2.5258904999999996
41684,2.5512414999999997
41685,1.9020300000000006
41686,2.172200000000002
41687,2.1768615000000002
41688,1.9496299999999993
41689,2.048430499999999
41690,2.7105101999999963
41691,4.400455699999994
41692,1.4274800999999997
41693,2.500470499999999
41694,2.0864502999999996
41695,1.5505699999999996
41696,1.6942800999999994
41697,2.1088900999999987
41698,1.5820699999999999
41699,1.5830000000000004
41700,3.748270299999995
41701,3.4680741999999976
41702,1.32834
41703,4.183594899999994
41704,1.4322601000000008
41705,2.3252400000000013
41706,3.0616531000000005
41707,2.2981100999999984
41708,1.2754400000000004
41709,1.2408901
41710,3.8295730999999984
41711,2.1731600999999996
41712,1.86514
41713,1.5844302000000006
41714,2.0621400999999997
41715,2.218939999999999
41716,2.0574399999999997
41717,1.8764502000000005
41718,1.8580802000000003
41719,2.0925801999999987
41720,2.14816
41721,2.3278499999999998
41722,1.08983
41723,2.083400200000001
41724,1.560749999999999
41725,2.3135501999999986
41726,1.4748699999999997
41727,2.218830000000001
41728,2.1529808
41729,4.606016399999994
41730,4.171046199999995
41731,2.4568100000000017
41732,3.0745405
41733,1.3293999999999997
41734,2.5757600000000007
41735,1.0751299999999997
41736,1.8427300999999998
41737,1.9743100000000005
41738,2.3067509
41739,3.413742899999999
41740,1.8892999999999993
41741,1.6068699999999998
41742,2.11648
41743,1.815229999999999
41744,1.5356399999999988
41745,1.7079505000000013
41746,2.221251000000001
41747,3.2850304000000006
41748,2.359740000000001
41749,2.5773312999999995
41750,1.9588700000000006
41751,2.35766
41752,2.0593812000000007
41753,2.2892406999999992
41754,1.5304299999999997
41755,2.5035112
41756,2.012370600000001
41757,1.9363600000000003
41758,2.105330000000001
41759,1.8556099999999989
41760,1.8353303000000007
41761,1.9830602000000008
41762,1.6885899999999991
41763,2.263590000000002
41764,2.036540499999999
41765,2.878521
41766,1.9824799999999996
41767,2.7811801
41768,1.5603801000000006
41769,2.13329
41770,1.331690000000001
41771,2.0065399999999993
41772,3.181252699999999
41773,2.418179999999998
41774,1.3389909000000002
41775,3.0160604999999974
41776,3.4980305999999985
41777,1.9117200000000019
41778,1.4669999999999994
41779,2.2671099999999997
41780,1.9067104000000001
41781,1.5493102000000007
41782,2.4670604000000025
41783,1.3520600000000005
41784,1.3209400000000002
41785,1.9410407999999983
41786,1.84611
41787,1.9891799999999997
41788,1.00577
41789,1.720410199999999
41790,1.99197
41791,3.3149738333333327
41792,1.8025101999999977
41793,1.4744000000000006
41794,2.2672904
41795,1.1777700000000015
41796,2.1269502000000005
41797,2.8939700000000004
41798,1.6270900999999998
41799,3.5532813
41800,2.843671100000001
41801,1.7260101999999986
41802,1.916100000000002
41803,1.7583999999999995
41804,1.4555301
41805,1.6703699999999995
41806,1.4929800000000002
41807,2.993302499999999
41808,2.1912607
41809,1.76812
41810,1.7753507000000004
41811,1.6626115000000008
41812,2.4650105
41813,2.2924901999999996
41814,2.1283602999999993
41815,1.845210000000001
41816,1.8072502
41817,2.0477199999999995
41818,1.8504000000000007
41819,2.3529514999999996
41820,2.2547504000000003
41821,1.6726599999999996
41822,2.3681312000000005
41823,2.353981300000001
41824,1.1446001000000001
41825,2.7760503999999986
41826,1.2694699999999997
41827,2.9311416000000023
41828,1.5415300000000003
41829,1.3451199999999994
41830,1.5877300000000008
41831,2.53493
41832,1.0790001000000002
41833,2.6885207
41834,1.6879400000000002
41835,4.262774199999996
41836,1.8082004000000003
41837,1.9075400000000005
41838,2.322300000000001
41839,2.0991099999999996
41840,3.2492208999999987
41841,2.075439999999999
41842,1.8320202000000003
41843,4.9742298999999885
41844,1.4935499999999997
41845,1.4704100000000002
41846,1.6034199999999998
41847,2.077520000000001
41848,1.7889903
41849,1.4860100000000014
41850,2.1420811000000013
41851,1.837369999999999
41852,1.42595
41853,2.600150099999999
41854,2.309369999999999
41855,2.5133900000000016
41856,2.625040100000004
41857,2.301000000000001
41858,1.9455499999999994
41859,1.7617103
41860,1.8927205999999996
41861,1.4313700000000005
41862,1.3714501000000003
41863,1.4330899999999998
41864,1.5680799999999993
41865,1.6422599999999996
41866,2.0245512000000008
41867,4.2633230999999965
41868,2.0466401000000003
41869,4.088764499999996
41870,2.18736
41871,2.922810100000001
41872,4.782647399999993
41873,2.3319608
41874,1.1283101000000015
41875,3.9323625000000004
41876,4.595315899999996
41877,1.3725702999999998
41878,2.260418533333332
41879,1.66149
41880,1.5478305000000003
41881,1.8051499999999996
41882,4.762538199999991
41883,1.5982299999999998
41884,2.0867502
41885,1.4403800000000004
41886,1.9974804000000004
41887,1.5201100000000007
41888,2.308920000000001
41889,2.2879899999999975
41890,1.4633204000000004
41891,2.0278704999999984
41892,2.4093900000000015
41893,1.872319999999999
41894,1.5049
41895,1.52055
41896,1.38193
41897,1.6963900000000007
41898,1.7399201000000002
41899,1.096690300000001
41900,4.571937399999992
41901,1.4482
41902,1.9975901000000007
41903,2.359660100000002
41904,1.6649200000000015
41905,1.8717202
41906,1.6937799999999994
41907,1.6576500000000007
41908,1.7007799999999995
41909,2.4368701
41910,2.164700399999999
41911,1.56948
41912,2.0236599999999996
41913,1.1322700000000006
41914,1.6305801000000013
41915,1.6974001999999992
41916,1.4020899999999994
41917,1.6977700000000007
41918,1.6597809000000006
41919,1.3634102000000001
41920,1.6604200000000007
41921,1.5547402999999997
41922,1.57534
41923,1.6020600000000007
41924,3.145831200000001
41925,2.0439302
41926,3.558401599999999
41927,1.0990599999999988
41928,1.5528099999999996
41929,1.9124801000000005
41930,2.1580009999999996
41931,2.12136
41932,1.9602303999999997
41933,2.007330099999999
41934,1.6070899999999992
41935,1.5728001000000007
41936,2.01961
41937,1.9790300000000003
41938,1.8049499999999998
41939,1.9610696
41940,2.2536606999999997
41941,2.866233899999999
41942,1.4693699999999992
41943,1.5320702000000006
41944,1.6078500000000004
41945,1.4017601
41946,3.710562999999999
41947,1.2831800000000004
41948,1.7998100999999993
41949,2.54729
41950,2.234650200000001
41951,2.0925900000000013
41952,2.165969999999999
41953,1.72883
41954,1.72142
41955,2.037110099999999
41956,3.2134306000000006
41957,2.20376
41958,1.5471905999999993
41959,2.5068900999999992
41960,1.6315300000000001
41961,2.469171399999998
41962,1.4938401
41963,2.3190501
41964,2.8462701999999984
41965,3.5954417000000003
41966,2.1584100000000004
41967,3.6074028999999967
41968,1.8912799999999987
41969,1.16529
41970,1.44444
41971,3.8865439999999967
41972,1.4856106999999992
41973,2.2131407000000007
41974,1.5831004999999998
41975,2.3712099999999996
41976,1.662765
41977,1.8497500000000013
41978,1.5682900000000009
41979,2.099710599999999
41980,1.6789799999999995
41981,2.3233703000000014
41982,1.4364109000000007
41983,1.930000099999999
41984,2.4492907999999987
41985,1.4981500999999993
41986,2.1248599999999986
41987,1.6293608000000006
41988,1.7494201000000007
41989,1.5993899999999999
41990,2.1841614000000003
41991,2.0806199999999997
41992,1.708970199999999
41993,1.5434199999999993
41994,1.7283000000000013
41995,1.8355000000000006
41996,1.5811999999999997
41997,4.653257499999992
41998,1.5824400000000003
41999,1.743649999999999
42000,3.9335137999999983
42001,2.913101499999999
42002,2.063409999999999
42003,2.14436
42004,2.9282201999999984
42005,2.598481400000001
42006,2.6567508999999996
42007,4.398035699999997
42008,2.120329999999999
42009,1.9173900000000001
42010,1.4550300000000014
42011,2.8274110999999995
42012,1.7212701
42013,1.7693099999999973
42014,1.3910266666666677
42015,4.2076515
42016,3.6750017999999995
42017,1.9391102000000007
42018,1.5091101000000007
42019,1.748180099999999
42020,1.5612800000000004
42021,2.0759500999999982
42022,1.3703801000000004
42023,1.565270000000001
42024,2.2929201
42025,1.9956199999999997
42026,1.5713404000000002
42027,1.799580000000001
42028,1.51804
42029,1.4787800000000004
42030,1.9025900000000013
42031,1.4918300000000009
42032,2.0638001
42033,2.2146401000000013
42034,1.4247300000000005
42035,3.9583814999999998
42036,3.3470429
42037,1.711050399999999
42038,2.7744635000000017
42039,1.841609999999999
42040,2.8806616000000007
42041,1.3016299999999998
42042,1.88548
42043,2.040559999999998
42044,1.0280500000000001
42045,1.5929001000000005
42046,1.7108899999999985
42047,3.6832420000000017
42048,1.61367
42049,3.587861699999999
42050,2.4924601999999996
42051,1.7014002000000001
42052,1.68193
42053,4.576157499999993
42054,1.5866999999999991
42055,1.9706301000000013
42056,1.51864
42057,2.1220700000000012
42058,1.5312999999999999
42059,3.203672000000001
42060,1.5872700000000004
42061,1.7280399999999991
42062,1.3572894
42063,1.7531799999999993
42064,1.4462700000000002
42065,2.3603899999999998
42066,2.3313700999999996
42067,2.1056500000000002
42068,2.0943199999999997
42069,1.9235200000000003
42070,2.0911500000000007
42071,1.9567115999999998
42072,1.7930501
42073,1.9026300999999988
42074,1.3602600999999985
42075,2.7193601000000007
42076,2.284650300000001
42077,1.5118801000000002
42078,2.1470800999999997
42079,1.7651800999999983
42080,1.8380301000000006
42081,1.58768
42082,2.3408905000000004
42083,1.738689999999999
42084,1.6011900000000017
42085,3.009290499999999
42086,2.0250299999999997
42087,1.5554400000000013
42088,2.0120099999999983
42089,2.1210002000000028
42090,2.7359201999999994
42091,2.2789604000000008
42092,1.697860300000001
42093,1.3795500000000005
42094,1.5102900000000006
42095,2.3306308999999996
42096,2.4231900999999993
42097,2.527700199999998
42098,1.9077199999999999
42099,1.9844900999999984
42100,2.977460599999998
42101,1.6215400999999994
42102,2.119640399999999
42103,0.8884800000000003
42104,1.5825501
42105,2.1629700000000005
42106,1.6378006000000012
42107,1.9033700000000018
42108,1.8958301000000009
42109,1.6832000000000016
42110,2.7103634
42111,1.9367200999999983
42112,2.0086004000000006
42113,4.216326399999996
42114,2.2721300000000024
42115,1.8498500000000002
42116,1.6028700000000002
42117,2.2625500000000005
42118,2.0138499999999993
42119,1.714810199999999
42120,1.8484899999999993
42121,1.9570699999999983
42122,2.2924901000000006
42123,1.1567402000000002
42124,1.4816199999999997
42125,1.5397200000000006
42126,1.8609903000000012
42127,1.5574599999999998
42128,2.9142600000000005
42129,2.6876501000000017
42130,1.5910902000000007
42131,2.5770102000000015
42132,4.99792919999999
42133,2.3734506999999994
42134,1.9973901000000003
42135,1.8403399999999994
42136,2.055870099999998
42137,2.0839007999999994
42138,2.6236713999999997
42139,1.4131
42140,1.6938199999999997
42141,1.8614305999999992
42142,4.376525699999995
42143,2.452430699999999
42144,1.4058300000000008
42145,1.6148100999999995
42146,1.4767599999999999
42147,1.3581899999999998
42148,2.112210299999999
42149,1.9133000000000004
42150,2.2214800000000006
42151,3.9326535000000002
42152,2.6294512
42153,1.5077502000000012
42154,2.210300400000001
42155,2.5095301
42156,2.0388799999999994
42157,1.5274400000000006
42158,1.847910199999999
42159,1.3541800000000004
42160,2.1583699999999997
42161,2.0466702000000008
42162,1.5250000000000008
42163,2.2466700000000013
42164,1.7485199999999992
42165,1.4980403999999985
42166,4.150894799999994
42167,1.4722101000000007
42168,1.9088199999999997
42169,3.9752528000000003
42170,2.2705505000000015
42171,1.4987100000000004
42172,1.7576399999999999
42173,3.2397407999999994
42174,1.8364099999999997
42175,3.996305499999994
42176,1.4949801
42177,2.0404403000000007
42178,1.4672899999999998
42179,4.003342699999999
42180,2.9007801
42181,1.8496800000000002
42182,2.0089600000000014
42183,1.1456200000000012
42184,1.7569001999999991
42185,2.3206899999999995
42186,2.0501401000000006
42187,1.8506650000000007
42188,1.5718399999999988
42189,2.9622424999999986
42190,1.75488
42191,1.6125501000000002
42192,1.8207601
42193,1.5247800999999992
42194,1.2073399999999999
42195,2.140300100000002
42196,3.615172199999998
42197,1.9021905999999995
42198,2.4907308999999995
42199,2.207940000000001
42200,1.3170900000000005
42201,3.6733700000000002
42202,1.9953
42203,1.7386802999999995
42204,1.6720101
42205,1.9336301000000002
42206,3.3255226999999987
42207,2.6553901000000026
42208,2.7469001999999993
42209,2.0377299999999985
42210,2.041880000000002
42211,1.2615701
42212,2.2446512
42213,2.1700100000000004
42214,3.1374533999999996
42215,1.852199999999999
42216,1.5114200000000004
42217,2.0309999999999993
42218,1.513750199999999
42219,1.2866099999999998
42220,1.7354200000000009
42221,1.5479800000000006
42222,2.332459999999998
42223,1.7746001999999998
42224,2.5985205000000002
42225,2.1047001000000005
42226,1.8294500000000005
42227,1.2252300000000003
42228,2.2578200999999996
42229,1.4422799999999998
42230,1.8038901000000012
42231,1.9679202000000007
42232,2.544691900000001
42233,1.9631705999999993
42234,3.383620100000002
42235,1.9540101000000005
42236,1.8761107
42237,2.3129599999999986
42238,1.9843099999999996
42239,2.0199201
42240,1.2780199999999997
42241,1.8081700000000014
42242,1.60487
42243,4.157075299999995
42244,2.0564700000000005
42245,1.6682000999999993
42246,3.7186126999999995
42247,2.1454106000000004
42248,2.1288399999999994
42249,2.475949999999999
42250,2.5473708000000004
42251,3.3006806999999996
42252,2.7465600000000006
42253,2.481560100000001
42254,1.90702
42255,3.169272600000001
42256,2.0741499999999995
42257,1.0802
42258,4.088562899999999
42259,2.1485600000000016
42260,1.59924
42261,2.0980099999999986
42262,3.229161200000001
42263,1.893850500000001
42264,2.4769300000000003
42265,2.8597205000000003
42266,3.809542199999999
42267,1.4797699999999998
42268,1.8113404
42269,2.680940599999999
42270,1.7969399999999984
42271,1.4219399999999995
42272,1.9290907000000004
42273,2.196770399999998
42274,3.146321000000002
42275,2.0244903999999995
42276,2.92053
42277,2.7874611000000002
42278,1.8458600999999997
42279,3.6980214
42280,2.467229999999998
42281,2.2659002000000004
42282,1.7875501
42283,1.6150501000000004
42284,1.8122205999999996
42285,0.9898300000000007
42286,1.5949699999999987
42287,1.5620699999999996
42288,2.0046500999999988
42289,1.0659700000000003
42290,1.5613800000000004
42291,2.7895916999999972
42292,1.7273806000000007
42293,1.6909901999999994
42294,2.1453699999999998
42295,2.0784501999999994
42296,1.6539799999999993
42297,2.9223509000000005
42298,3.1206003999999994
42299,1.886639999999999
42300,4.482987499999993
42301,1.2377402999999993
42302,2.2635400000000008
42303,2.365710099999999
42304,1.47904
42305,3.1965002000000013
42306,1.2462901000000004
42307,1.8851699999999996
42308,1.1707201000000005
42309,2.449710099999999
42310,1.7809005
42311,2.453851400000001
42312,1.819360000000001
42313,1.2791599999999996
42314,1.4662701999999994
42315,1.5397704
42316,2.2712302000000006
42317,2.0845005
42318,1.3580800000000013
42319,2.5877706000000003
42320,1.6491100000000003
42321,3.415844399999999
42322,1.8607208000000002
42323,0.9877502000000016
42324,3.8450839999999964
42325,1.74684
42326,3.9984341999999966
42327,1.2785499999999985
42328,2.2679202999999974
42329,3.008061500000001
42330,2.048020000000001
42331,2.411940299999999
42332,1.5517599999999994
42333,2.537763199999999
42334,1.68287
42335,1.96786
42336,1.7347300000000012
42337,1.9793399999999997
42338,1.7643199999999988
42339,3.8500829000000003
42340,1.7846400000000004
42341,1.6400100000000006
42342,1.6201800000000006
42343,2.8158499999999975
42344,1.8210204999999993
42345,1.6823801999999999
42346,2.0222700000000007
42347,2.42982
42348,1.7668506999999989
42349,3.766463400000001
42350,1.34014
42351,1.5710399999999998
42352,3.0256543
42353,1.5677500999999998
42354,1.8725010000000004
42355,4.322114899999995
42356,1.5436499999999989
42357,2.2427501999999997
42358,1.68591
42359,1.7151799999999997
42360,3.5554305000000004
42361,1.62207
42362,1.4961001000000007
42363,1.7450800000000002
42364,2.8757115
42365,2.189400000000001
42366,1.9682799999999994
42367,1.567909999999999
42368,2.055481500000001
42369,1.5695
42370,1.6555699999999987
42371,1.8385299999999989
42372,3.4087622
42373,1.0909099999999996
42374,1.7059503
42375,1.6851401
42376,1.7540600000000013
42377,1.8035799999999995
42378,1.5454600000000005
42379,2.1196615000000008
42380,2.2584308999999996
42381,2.66198
42382,1.8318299999999992
42383,2.0906301000000003
42384,1.3841199999999998
42385,1.5634500000000005
42386,2.3600799999999995
42387,1.975720200000001
42388,2.6617409000000016
42389,2.241970000000001
42390,1.8333501000000008
42391,1.7654400000000015
42392,1.5355204
42393,1.9169104000000003
42394,1.6490895000000003
42395,3.2460809
42396,1.8208303999999993
42397,1.9117299999999988
42398,2.348744900000001
42399,1.7879200999999998
42400,2.13009
42401,1.7225000000000004
42402,1.84699
42403,3.730722599999995
42404,2.409290100000001
42405,4.369717199999993
42406,1.760620000000001
42407,2.4233500999999986
42408,1.71502
42409,3.4239918000000014
42410,2.5340308
42411,1.697980000000001
42412,1.6878399999999993
42413,1.8828001999999997
42414,2.798650200000001
42415,1.4706200000000005
42416,3.0241900999999998
42417,1.6846799999999982
42418,2.1927802000000005
42419,1.7421400999999994
42420,1.5900800000000006
42421,1.7519700000000007
42422,1.5397101000000004
42423,1.8511999999999984
42424,2.6371699999999976
42425,1.32271
42426,2.2917500999999993
42427,1.5421300000000004
42428,4.261914799999998
42429,2.1682199999999994
42430,2.8871203999999984
42431,1.62808
42432,2.4147014999999996
42433,3.1064921000000014
42434,1.9331901000000007
42435,1.5769100000000011
42436,2.518191100000002
42437,2.1945599999999974
42438,2.234429999999999
42439,2.727170300000001
42440,1.966200399999999
42441,1.933400200000001
42442,1.8981899999999996
42443,1.4387799999999995
42444,2.65385
42445,1.2362900000000008
42446,2.2084799999999993
42447,1.677240000000001
42448,1.8394499999999991
42449,1.6869500999999991
42450,1.7161800000000003
42451,1.4399499999999998
42452,1.757649999999999
42453,2.5534206
42454,1.8028500000000003
42455,1.8015302000000009
42456,1.7704200000000017
42457,2.264830100000002
42458,1.8348599999999997
42459,1.73127
42460,1.81287
42461,2.1892199999999993
42462,3.3830450999999977
42463,1.9388799999999986
42464,2.023181100000001
42465,3.2687005999999967
42466,1.889169999999999
42467,1.4134100000000003
42468,2.1557108
42469,1.6131000999999998
42470,2.5475299999999996
42471,2.255181199999999
42472,1.4198099999999996
42473,1.8386999999999996
42474,4.302624499999997
42475,3.5793215999999997
42476,3.8954320999999963
42477,1.7492500000000002
42478,1.08335
42479,1.7546200000000007
42480,1.6265300000000007
42481,1.8318502000000003
42482,4.011742699999996
42483,1.7388400000000004
42484,2.3237800999999996
42485,1.5633899999999996
42486,1.8874700000000004
42487,1.8353102000000001
42488,1.6835407999999998
42489,1.546370100000001
42490,3.5964402
42491,1.8658599999999999
42492,1.3061607000000013
42493,2.596220299999999
42494,3.229171
42495,1.9131399999999996
42496,3.782132899999998
42497,1.1437599999999994
42498,1.9451400000000008
42499,1.9839300000000006
42500,2.2882102000000026
42501,1.4081899999999998
42502,1.4517500000000008
42503,1.7305799999999985
42504,2.2403899999999983
42505,1.5823101999999998
42506,2.8316203000000026
42507,2.039239999999999
42508,1.4737201000000002
42509,1.9806400999999996
42510,3.5402400000000016
42511,1.626789999999999
42512,2.2462602
42513,1.3783507000000004
42514,2.0436902999999993
42515,1.7991500999999996
42516,2.0602200999999987
42517,2.0164600000000013
42518,3.443372600000001
42519,2.1435099999999996
42520,2.9406107000000015
42521,3.0761513
42522,2.105830199999999
42523,4.287266199999994
42524,2.4229702
42525,1.7513504999999996
42526,1.78085
42527,2.3317802999999993
42528,1.9309699999999994
42529,1.3432099999999998
42530,3.240230099999997
42531,1.67222
42532,2.853350300000002
42533,3.700323099999998
42534,2.156520899999999
42535,1.9276899999999997
42536,2.20517
42537,4.1655450999999974
42538,1.8133400000000006
42539,1.8052900999999997
42540,2.3588202000000007
42541,1.5564100000000003
42542,2.1532200000000015
42543,2.5257602
42544,2.003629999999998
42545,1.7807902000000004
42546,1.7079499999999996
42547,0.9897499999999989
42548,2.0444702000000006
42549,2.033020000000001
42550,1.82336
42551,3.0392831999999994
42552,1.3895899999999997
42553,1.907489999999999
42554,2.8319713000000006
42555,1.877470299999999
42556,2.5610403
42557,1.9988009000000004
42558,1.8268200000000006
42559,2.290339999999997
42560,1.9794899999999993
42561,1.5695200000000011
42562,2.6693702999999975
42563,4.713188599999991
42564,2.4286800000000013
42565,3.0584304000000007
42566,1.203689999999999
42567,1.6266205
42568,2.2827503
42569,2.4115205
42570,2.189370400000001
42571,2.316250699999999
42572,2.0888099999999987
42573,1.6575401000000003
42574,1.3207199999999994
42575,1.9744901000000008
42576,1.44224
42577,1.8955000000000006
42578,1.5738903000000009
42579,1.8426699999999991
42580,1.5504900000000006
42581,3.8129538999999966
42582,2.3400399999999957
42583,1.82491
42584,1.5693400000000008
42585,1.3462600000000002
42586,1.9250400999999988
42587,1.5864505
42588,2.699820499999999
42589,2.1815700000000002
42590,1.2777404000000006
42591,1.628459999999999
42592,1.9057400999999996
42593,2.1833299999999993
42594,1.6564199999999991
42595,1.8358199999999996
42596,2.316609999999998
42597,1.4388099999999995
42598,2.4717700000000002
42599,1.9775099999999994
42600,1.6959404000000005
42601,1.5414500000000002
42602,3.0766904000000004
42603,2.3236902999999995
42604,1.532889999999999
42605,1.8584899999999995
42606,1.4438702
42607,2.6300299999999996
42608,2.6960200000000007
42609,4.730607299999991
42610,2.623671000000002
42611,2.039450400000001
42612,1.3955100999999988
42613,1.8153699999999993
42614,2.1160609999999984
42615,1.6238100000000002
42616,2.1556799999999985
42617,2.1281301000000004
42618,2.7527813999999995
42619,2.3245801000000004
42620,1.7968001000000007
42621,1.8358699999999997
42622,2.7608222000000002
42623,2.5929801999999995
42624,4.232065899999994
42625,2.9386304999999986
42626,2.6076218000000004
42627,1.0988799999999994
42628,2.19158
42629,2.644930499999999
42630,2.29811
42631,1.6286400000000003
42632,2.17126
42633,1.6373399999999998
42634,4.504616299999996
42635,1.5681514
42636,1.7936299999999992
42637,1.5502599999999995
42638,2.6144804000000015
42639,1.6800899999999996
42640,1.6404099999999997
42641,2.902610500000001
42642,1.8808799999999999
42643,2.5689808999999983
42644,1.6768701000000004
42645,1.7227700000000015
42646,1.68387
42647,2.5109918999999996
42648,4.406701299999998
42649,1.7976699999999999
42650,1.6999900999999995
42651,1.7963299999999987
42652,1.1403799999999997
42653,1.6397200000000007
42654,1.5017900000000006
42655,1.349039999999999
42656,4.084183399999997
42657,2.608520500000001
42658,2.9531822
42659,2.40137
42660,2.049409999999999
42661,2.28199
42662,2.5420400999999995
42663,2.1759401
42664,1.9653205000000014
42665,1.8556903000000002
42666,1.6044000000000003
42667,1.5008602000000002
42668,1.6193400000000004
42669,1.5700201000000005
42670,1.8284699999999998
42671,1.793119999999999
42672,3.0375105999999987
42673,2.0227800000000005
42674,2.757770000000002
42675,2.33845
42676,2.364930400000001
42677,1.37073
42678,1.3521401
42679,1.9126304000000007
42680,1.7491300000000012
42681,1.6647700000000005
42682,4.933339399999991
42683,2.1559709999999996
42684,1.8689806999999996
42685,2.3653701999999996
42686,1.2861701000000005
42687,1.63762
42688,1.8157903000000006
42689,1.9915919000000013
42690,1.5583700000000003
42691,1.4232401000000001
42692,2.1529507000000003
42693,2.675752099999999
42694,1.5521699999999996
42695,1.533540000000001
42696,1.7699799999999999
42697,1.8970199999999986
42698,1.5413899999999998
42699,2.118140100000001
42700,1.8351601000000002
42701,1.4922699999999998
42702,2.0681201000000002
42703,1.7740904999999998
42704,2.049749999999999
42705,1.3340308000000005
42706,1.1700199999999992
42707,1.6520599999999996
42708,1.7864200000000003
42709,1.5497002
42710,1.5710300000000001
42711,1.9896599999999993
42712,2.9540902
42713,2.2216199999999984
42714,1.5404906999999994
42715,1.9503300000000008
42716,2.5096903000000004
42717,1.52667
42718,3.695325399999997
42719,2.03034
42720,2.1328799999999997
42721,1.8035099999999984
42722,1.825890000000001
42723,3.256340599999999
42724,2.944490199999998
42725,1.7461000000000004
42726,1.4798300999999998
42727,3.2442518000000007
42728,1.7164609000000015
42729,1.4498099999999987
42730,2.205900599999999
42731,2.348720199999999
42732,1.8147507000000003
42733,2.1083902999999977
42734,4.158173199999996
42735,1.9545004000000008
42736,1.3192000999999995
42737,2.3523503000000003
42738,2.3511999999999986
42739,1.4488000000000005
42740,4.129615399999994
42741,1.6488000000000012
42742,1.4995104000000004
42743,2.127300899999999
42744,2.4787104000000015
42745,1.2798499999999997
42746,2.619770000000001
42747,1.8257401000000006
42748,3.3583434999999993
42749,2.5007519000000005
42750,1.8783500000000002
42751,1.5915802000000008
42752,1.2908000000000006
42753,1.6399100000000004
42754,3.104851099999999
42755,2.0566812
42756,2.1716200000000008
42757,2.4622400999999985
42758,1.7011405000000004
42759,1.9372099999999997
42760,2.449251300000002
42761,2.3347601999999994
42762,1.8562499999999997
42763,1.1185300000000002
42764,1.9178601
42765,1.9347800999999987
42766,2.2758820000000006
42767,1.40438
42768,1.8760299999999988
42769,1.7533299999999994
42770,3.3986014999999976
42771,2.2562099999999994
42772,1.9237909000000002
42773,1.3835599999999995
42774,2.4984504000000003
42775,1.2660301
42776,2.18234
42777,2.8297412999999993
42778,2.0642903
42779,1.3424999999999994
42780,1.4050600000000015
42781,2.1991899999999998
42782,1.3757199999999994
42783,1.8169302999999997
42784,2.0647599999999984
42785,2.3109800000000025
42786,1.5504900000000006
42787,1.6248300000000009
42788,1.6330700000000007
42789,1.8754002999999992
42790,1.1723169000000009
42791,1.5516300000000007
42792,1.6685701999999996
42793,1.5769600000000008
42794,1.1966900000000005
42795,2.26202
42796,2.7959101
42797,1.7972803999999996
42798,1.4555403000000007
42799,1.681300000000001
42800,3.082230499999997
42801,1.27828
42802,2.12644
42803,1.1962099999999993
42804,1.9401301999999987
42805,1.7753003000000005
42806,1.56949
42807,1.5874500999999999
42808,1.5611203
42809,1.959270199999999
42810,1.997329999999998
42811,3.8029117999999977
42812,2.108609999999999
42813,2.208450000000002
42814,1.9445900000000007
42815,1.4208899999999998
42816,2.0121800000000003
42817,3.14494
42818,1.6130500000000003
42819,2.6242501000000003
42820,1.9288199999999998
42821,1.625950000000001
42822,3.6706638999999996
42823,1.4332
42824,1.8010300000000001
42825,1.9759302000000005
42826,1.898950000000001
42827,1.3935700000000018
42828,3.03615
42829,2.3842308
42830,1.6104601
42831,2.590549999999999
42832,1.2555500999999993
42833,1.7682399999999998
42834,1.5842599999999998
42835,2.2866001999999983
42836,1.8607600000000002
42837,2.2929201000000017
42838,1.4425499999999998
42839,3.0784215000000006
42840,1.8882400999999993
42841,1.9966599999999999
42842,2.2302008000000013
42843,1.6142600000000003
42844,1.3301799999999997
42845,2.2388119
42846,1.4001101999999996
42847,2.3436407999999993
42848,1.5759600000000002
42849,1.2983800000000005
42850,2.175120000000001
42851,2.222910800000001
42852,2.7996724999999993
42853,1.3366399999999994
42854,3.491771300000001
42855,2.082900099999999
42856,2.9252403999999985
42857,1.9360201000000001
42858,1.8617702
42859,2.1568803999999977
42860,2.1741599999999996
42861,2.2321515
42862,2.4149300000000014
42863,1.5968101000000008
42864,1.6500700000000004
42865,4.654537399999993
42866,1.4081700999999993
42867,2.246990099999999
42868,3.1599999999999993
42869,2.4421599999999977
42870,1.1938999999999995
42871,1.930509999999999
42872,1.4121700000000013
42873,1.7997104
42874,1.5923102
42875,4.606776399999993
42876,3.719102699999998
42877,3.1792112
42878,1.895540000000001
42879,1.9477600000000002
42880,3.1709215
42881,1.267159999999999
42882,1.5255100000000004
42883,1.5940907000000002
42884,4.1979019
42885,1.6681800000000002
42886,2.0487303
42887,1.599979999999999
42888,1.47916
42889,1.3349902000000007
42890,2.3516202
42891,1.1033500000000005
42892,2.2342200000000005
42893,2.08873
42894,2.306880000000001
42895,1.5420099999999997
42896,2.7510002999999985
42897,3.349780500000001
42898,3.2709126999999993
42899,2.020470099999999
42900,1.8211100000000002
42901,3.0914402
42902,1.7482398000000001
42903,1.1992701999999993
42904,1.9299002999999997
42905,1.565410000000001
42906,1.4180600000000008
42907,2.062400300000001
42908,2.6804925
42909,1.32299
42910,1.5220100000000003
42911,2.651560199999999
42912,1.6457
42913,1.499000099999999
42914,2.6866606000000024
42915,2.2923201000000004
42916,2.396520099999999
42917,1.6696599999999986
42918,1.68044
42919,2.0499799999999992
42920,2.1388706999999987
42921,1.8578799999999989
42922,1.7209199999999985
42923,1.1967900000000007
42924,2.651180500000001
42925,2.388650199999999
42926,2.3638711
42927,2.0676503000000004
42928,1.4857399999999996
42929,1.3932700999999996
42930,1.3859299999999999
42931,3.461291600000001
42932,1.8940399999999997
42933,2.0691307000000005
42934,2.2745800000000007
42935,1.6981500000000003
42936,1.6845800000000006
42937,3.746221100000001
42938,2.3162501999999994
42939,2.245680299999999
42940,1.2855500000000004
42941,1.6694900000000001
42942,2.777919999999998
42943,1.9000105999999999
42944,2.220722900000001
42945,1.7895405999999996
42946,2.1217200000000003
42947,2.1353300000000015
42948,4.3417335999999995
42949,2.04238
42950,1.7922209999999987
42951,1.8893299999999993
42952,2.27027
42953,1.4831303999999996
42954,1.8905499999999997
42955,1.5928505999999991
42956,2.1128100000000005
42957,1.6843899999999994
42958,1.8102700000000014
42959,2.1706999999999983
42960,3.763363599999997
42961,2.3197401999999996
42962,1.7124901999999995
42963,2.1353500000000003
42964,2.5029800000000004
42965,2.365591300000001
42966,1.5410400999999982
42967,1.6310700000000002
42968,2.239129199999999
42969,1.3636499999999998
42970,2.4997424
42971,2.7786321000000003
42972,1.6214600000000001
42973,1.81158
42974,1.4896899999999997
42975,1.5044401000000005
42976,2.947940700000001
42977,1.23889
42978,1.3197499999999993
42979,1.9144900000000005
42980,1.7578804000000008
42981,2.741963299999999
42982,3.1310013999999984
42983,2.7856600000000014
42984,1.9145001000000001
42985,2.8925541
42986,1.8959501999999995
42987,1.8384900999999987
42988,1.6095499999999996
42989,2.4744902999999994
42990,4.199924699999994
42991,1.8831801999999993
42992,1.43484
42993,1.9430716999999993
42994,1.6479799999999998
42995,2.9015599999999995
42996,2.524960000000001
42997,1.7209301000000001
42998,1.8927800999999993
42999,2.09243
43000,1.8578400000000004
43001,2.1498099999999996
43002,1.9369202999999997
43003,1.7668800000000005
43004,2.238290100000001
43005,3.5280399999999985
43006,2.201670700000001
43007,2.2637806000000014
43008,2.0294901999999992
43009,2.490919999999997
43010,1.8508509000000006
43011,1.8907000000000012
43012,1.805019999999999
43013,1.3292104
43014,1.6045600000000004
43015,2.9173028999999993
43016,2.870520300000001
43017,1.8218599999999998
43018,1.8976197999999982
43019,1.4932600999999994
43020,1.54756
43021,1.48039
43022,2.5074399999999994
43023,1.9265209000000008
43024,2.016079999999999
43025,2.3367099999999996
43026,2.165610000000002
43027,1.7979499999999993
43028,2.5940203999999984
43029,0.9763199999999995
43030,1.670509999999999
43031,2.4001899999999994
43032,1.8140800999999993
43033,2.7653104000000006
43034,2.0706499999999997
43035,1.1267200000000004
43036,1.5128601999999995
43037,1.2666300000000001
43038,1.5357600000000002
43039,1.6204202999999995
43040,2.0006999999999997
43041,3.0012831000000006
43042,1.4644099000000004
43043,1.8289199999999999
43044,2.10512
43045,3.422831299999998
43046,1.6380214000000002
43047,2.1338501
43048,1.7831099999999989
43049,1.3007300999999993
43050,1.4400899999999996
43051,4.5192851
43052,1.7410699999999992
43053,2.9329004000000016
43054,2.524550799999999
43055,2.1236500000000005
43056,1.8141900000000006
43057,1.3020300000000002
43058,2.573871900000002
43059,1.9910201999999995
43060,1.1513701
43061,1.638110499999999
43062,1.205150099999999
43063,1.9919299999999998
43064,2.1122109000000013
43065,2.218250499999999
43066,2.1753505000000004
43067,1.9284803
43068,2.5761199999999995
43069,1.689280099999999
43070,2.1487000999999974
43071,2.4260505000000006
43072,1.9689299999999994
43073,1.3836800999999996
43074,1.5103601
43075,2.1570002000000006
43076,2.6796301000000007
43077,1.2944399999999994
43078,3.8234505999999984
43079,2.123190000000001
43080,2.659430099999998
43081,3.3721004999999966
43082,2.1165706000000015
43083,2.2693604999999994
43084,1.7767000000000002
43085,1.4998799999999985
43086,1.3841799999999997
43087,1.8485000000000003
43088,1.536590000000001
43089,2.7671699999999992
43090,2.1796318999999995
43091,1.292980100000001
43092,2.5421600000000018
43093,1.875088533333334
43094,1.9278408999999999
43095,3.127440999999999
43096,1.6368902000000005
43097,1.9706101000000027
43098,1.9809700000000003
43099,2.3971500999999993
43100,1.4581200000000003
43101,1.446480099999999
43102,2.0888999999999998
43103,1.4021803000000006
43104,1.4721200000000008
43105,2.3424915
43106,2.1901401000000003
43107,2.1979806999999987
43108,1.6200799999999986
43109,2.705520200000001
43110,1.3921699999999995
43111,2.6037499999999993
43112,1.8283599999999984
43113,2.556430300000003
43114,3.1042321999999998
43115,4.2176547999999965
43116,1.2142606999999987
43117,2.25361
43118,1.6898000999999996
43119,2.0957002000000013
43120,2.4433999999999982
43121,1.9150199999999995
43122,2.1324705
43123,1.4724203
43124,2.190234
43125,2.369480900000002
43126,2.874720000000001
43127,3.868200500000002
43128,2.7008225999999986
43129,2.7490205
43130,1.7727600000000001
43131,2.4456601000000013
43132,3.192430699999999
43133,1.6700401000000007
43134,1.8632999999999997
43135,1.3107400000000005
43136,2.2567903000000005
43137,2.1554808999999984
43138,2.0079504999999997
43139,2.0606302
43140,1.66494
43141,1.71839
43142,1.5220699999999996
43143,1.2281799999999996
43144,0.97791
43145,2.28143
43146,2.6246800999999995
43147,1.8733213000000004
43148,1.7203003000000008
43149,2.3176700999999995
43150,3.4464000999999995
43151,1.7946403999999996
43152,2.4166704000000006
43153,2.8074406
43154,3.664291699999998
43155,1.5749699999999998
43156,1.8459099999999997
43157,1.954509999999999
43158,1.5167082999999997
43159,1.5681899999999995
43160,1.4714399999999992
43161,2.408340700000001
43162,2.07084
43163,1.6324002
43164,1.828850099999999
43165,1.881650200000001
43166,2.4416201999999982
43167,2.5847505999999987
43168,1.3401600000000007
43169,2.283729999999999
43170,3.0153134000000006
43171,1.8173599999999994
43172,1.7115502999999996
43173,1.4386599999999994
43174,1.9192799999999994
43175,2.3637604999999993
43176,1.6017299999999994
43177,1.813960000000001
43178,2.4179400000000015
43179,1.6000301000000001
43180,1.3355499999999998
43181,1.3777099999999995
43182,1.6042299999999992
43183,3.0126606000000016
43184,1.5366400000000004
43185,1.9201399999999986
43186,1.2277900000000015
43187,1.7358500000000021
43188,2.451390200000001
43189,1.6803200000000007
43190,1.6989100000000017
43191,1.52576
43192,1.4748700000000001
43193,2.0775801
43194,1.4152201000000004
43195,1.7411400000000006
43196,1.9080002000000014
43197,1.5055800000000008
43198,2.4035900000000003
43199,1.2909
43200,1.4685199999999994
43201,2.099580300000001
43202,1.28756
43203,1.7838001000000008
43204,3.1128925999999986
43205,1.2416101000000004
43206,1.8735105999999997
43207,2.1876704999999994
43208,1.5687299999999993
43209,1.6281699999999992
43210,1.8295302000000009
43211,1.6947000000000008
43212,1.3560799999999993
43213,1.8002403999999992
43214,2.3485001
43215,1.3524100000000001
43216,1.0549401000000014
43217,1.4871900000000002
43218,2.1001905000000005
43219,2.438459999999998
43220,2.7534024999999986
43221,1.6650399999999994
43222,1.3729000000000002
43223,1.9064002000000002
43224,2.0731201
43225,1.68452
43226,1.2656602000000001
43227,2.8241408000000003
43228,1.2885900000000001
43229,1.6301199999999993
43230,2.9276004000000015
43231,1.6953300000000007
43232,4.649666899999994
43233,1.9485309000000015
43234,1.7546900000000007
43235,4.838308199999991
43236,2.303680599999999
43237,1.7297201000000006
43238,3.843465499999999
43239,1.6721300000000008
43240,2.9813621000000006
43241,1.2747602000000005
43242,2.151300099999999
43243,1.6802100000000006
43244,1.7008004999999988
43245,1.4869700000000003
43246,1.8586799999999986
43247,3.5598005999999964
43248,1.7237599999999993
43249,1.2642899999999995
43250,1.1545200999999996
43251,1.6167700000000007
43252,1.7112000999999994
43253,2.266040800000003
43254,3.001860299999999
43255,1.9452300999999985
43256,1.6641599
43257,1.4450199999999993
43258,2.6624803
43259,1.6310700000000002
43260,3.152670100000001
43261,1.6566701000000006
43262,2.6151201000000004
43263,1.9132899999999984
43264,1.9944799999999996
43265,2.0752
43266,1.8065202999999996
43267,2.4384299999999994
43268,3.7667719999999965
43269,2.5963700999999992
43270,2.2079600999999998
43271,3.0548412000000007
43272,1.8977599999999994
43273,1.9022657333333333
43274,3.3614528999999975
43275,2.01075
43276,1.6820100000000002
43277,4.105825699999996
43278,1.1447700000000005
43279,1.4153600000000004
43280,2.2712901000000008
43281,2.0592001
43282,2.6282300000000025
43283,1.69197
43284,2.5763602000000017
43285,1.4117300000000008
43286,2.512302000000001
43287,1.9325000000000003
43288,2.160040000000001
43289,1.5660600000000005
43290,2.967881800000001
43291,3.6643034
43292,1.2813599999999996
43293,1.2354700000000007
43294,1.7592604999999997
43295,2.3557004000000004
43296,1.7744902999999994
43297,3.1646100000000006
43298,1.8272307000000012
43299,1.6958476666666664
43300,1.2311600000000005
43301,2.160789999999999
43302,3.5787410000000004
43303,1.5503100000000005
43304,2.2407200000000005
43305,2.2180501
43306,3.4751905999999972
43307,1.9172200000000001
43308,1.7387501000000003
43309,1.5502299999999998
43310,2.34124
43311,2.157930000000001
43312,1.7344700000000006
43313,2.6554004000000004
43314,4.446496299999993
43315,2.451480700000001
43316,1.6295800999999994
43317,3.0476606000000004
43318,3.988194199999997
43319,2.2581906000000003
43320,2.186749999999998
43321,1.3585199999999995
43322,1.6187304000000002
43323,1.6931103999999997
43324,1.2484700000000006
43325,2.4816609
43326,3.176791099999999
43327,3.4713819999999975
43328,2.256420000000001
43329,2.178779999999999
43330,2.342960199999999
43331,2.04025
43332,1.2737400000000008
43333,1.4505899999999994
43334,2.0654101000000016
43335,1.32697
43336,3.7778537999999964
43337,1.6375699999999989
43338,1.2700301999999999
43339,2.978351299999998
43340,2.046460100000002
43341,2.2915300000000003
43342,2.0322207000000008
43343,2.3666101
43344,1.8528800000000012
43345,1.5800400000000001
43346,2.879430100000001
43347,1.662089999999999
43348,2.0184901000000006
43349,1.8816100000000018
43350,1.8592999999999986
43351,1.6842799999999993
43352,1.7386000000000001
43353,1.153680000000001
43354,1.7690301
43355,1.66585
43356,2.38669
43357,2.6333208000000017
43358,1.2649400000000002
43359,4.1725641
43360,1.5106500000000012
43361,1.0202099999999996
43362,2.038790000000001
43363,1.7647909000000004
43364,2.9825902000000024
43365,2.0283100999999983
43366,2.3887400000000008
43367,1.3500399999999997
43368,1.77109
43369,2.1209700000000002
43370,2.289869999999999
43371,1.5851301999999998
43372,2.0176802
43373,2.2137700000000007
43374,2.3348205999999987
43375,1.7313800000000001
43376,2.9135313999999983
43377,1.6542000000000001
43378,1.7164003000000008
43379,1.7987200000000017
43380,1.829329999999999
43381,1.8945902000000001
43382,2.3328501000000013
43383,3.1174509000000006
43384,1.9443110000000003
43385,2.4322304000000003
43386,1.916260199999999
43387,1.8058499999999988
43388,3.539230999999999
43389,1.5762900000000004
43390,2.7885500999999993
43391,1.1931501000000018
43392,1.4326801
43393,2.5159102000000018
43394,2.15476
43395,1.2575099999999992
43396,2.629921600000001
43397,1.8564299999999991
43398,1.6738199999999994
43399,2.055230100000001
43400,2.3093011999999997
43401,2.3280401999999993
43402,1.5119400999999995
43403,3.3223716999999993
43404,2.14832
43405,2.368429999999999
43406,2.082359999999999
43407,2.611462200000002
43408,1.4611899999999998
43409,1.9285599999999992
43410,1.4067599999999996
43411,1.6804936333333338
43412,1.4233400000000005
43413,1.2212599999999993
43414,2.293449999999999
43415,1.7925005
43416,2.657080400000001
43417,2.197460199999999
43418,3.1311012000000007
43419,1.6599300000000008
43420,1.752871
43421,2.5461099999999983
43422,2.372170000000002
43423,3.5824711
43424,4.466206899999992
43425,2.135439999999997
43426,1.7605299999999997
43427,2.8513602000000016
43428,2.3213503000000006
43429,1.3610699999999998
43430,1.7058400000000007
43431,2.0354900000000007
43432,1.7955499999999995
43433,2.386640299999999
43434,1.0966899999999995
43435,1.0251100000000004
43436,2.4626800000000006
43437,1.8424599999999989
43438,1.5906500000000003
43439,1.7776600000000002
43440,2.375310000000002
43441,2.3001199999999993
43442,3.1578400999999996
43443,2.5445037000000017
43444,2.69881
43445,4.681168299999992
43446,1.4177302000000003
43447,1.6869000000000003
43448,1.5933901
43449,1.3619002
43450,2.036080100000001
43451,1.78157
43452,1.8129701999999985
43453,1.720300199999999
43454,1.1843400000000002
43455,2.0167813999999997
43456,2.936742199999999
43457,1.6635600000000001
43458,2.062069999999998
43459,3.735673699999999
43460,2.2865618000000003
43461,3.505790199999998
43462,1.6266899999999997
43463,2.1576100000000005
43464,2.1132703
43465,3.721791700000001
43466,2.20046
43467,1.4775000000000003
43468,1.8774999999999995
43469,1.5290400000000006
43470,2.1368799999999992
43471,1.9996800000000006
43472,1.953010000000001
43473,2.3043400000000007
43474,2.1016299999999997
43475,1.9547402000000003
43476,1.5284900000000012
43477,2.380601900000001
43478,1.327459999999999
43479,1.2867000000000004
43480,1.7678202000000007
43481,2.303119999999998
43482,1.9543108
43483,1.8618600000000027
43484,1.6970504000000008
43485,1.6214700999999996
43486,4.1025806
43487,2.458620000000003
43488,2.0162212999999993
43489,1.3585099999999994
43490,2.2685301000000004
43491,2.1440508000000005
43492,1.7610699999999988
43493,1.4094002
43494,1.86067
43495,3.2890013999999996
43496,1.8279901999999995
43497,2.4622601
43498,1.8318199999999996
43499,3.0840123999999998
43500,2.152989999999999
43501,1.6984409999999999
43502,2.2360501
43503,1.9287104000000002
43504,1.5016800000000006
43505,2.34834
43506,4.978089599999989
43507,1.8340200000000002
43508,2.832079999999999
43509,1.4940399999999996
43510,1.2304901999999998
43511,1.4061600000000005
43512,3.148493300000001
43513,1.8816000000000002
43514,1.1417401
43515,1.6802701999999992
43516,2.402330000000001
43517,2.6144911999999993
43518,1.8819600000000003
43519,2.6723101
43520,1.68758
43521,2.881820100000001
43522,1.6364999999999998
43523,1.2211100999999995
43524,1.2631000000000008
43525,1.3579599999999994
43526,3.3840929999999996
43527,3.019020000000004
43528,1.82618
43529,3.8437314999999974
43530,1.2188200000000005
43531,1.976940600000001
43532,1.4772500999999991
43533,1.4672501999999996
43534,1.8398407999999997
43535,2.6530403999999987
43536,1.6679200000000016
43537,1.1754099999999998
43538,1.8827099999999992
43539,1.6106502000000003
43540,1.0771899999999996
43541,2.745710100000001
43542,1.9463611999999995
43543,2.1735205
43544,2.6264503000000023
43545,1.690551300000001
43546,1.3821399999999997
43547,1.561709999999999
43548,2.7334100000000006
43549,3.6296605
43550,2.5948099999999994
43551,2.0055702999999987
43552,2.0393899999999987
43553,2.3992515
43554,3.7108316000000023
43555,1.5337899999999995
43556,1.1549900000000006
43557,2.3577799999999987
43558,1.9138700000000002
43559,1.8027002000000008
43560,1.4311300000000005
43561,2.835540300000001
43562,3.5807621999999975
43563,2.730951
43564,2.763500000000001
43565,1.3469802000000017
43566,2.520830000000001
43567,1.7309799999999995
43568,2.0222999999999987
43569,2.476700299999999
43570,2.0186000999999987
43571,1.7389301000000001
43572,4.82945939999999
43573,1.9153899999999995
43574,2.205140099999999
43575,1.9999605000000011
43576,2.4805800000000002
43577,2.2405107
43578,1.4597899999999995
43579,1.6814602000000003
43580,1.6083499999999997
43581,1.37174
43582,1.84865
43583,1.645929999999999
43584,1.7223399999999998
43585,2.0202300000000015
43586,2.3067301999999983
43587,1.5031406
43588,1.8129000000000017
43589,2.0593803
43590,2.044719999999998
43591,3.9401410000000006
43592,1.444441666666666
43593,2.2842702
43594,3.2828115999999983
43595,2.7847206
43596,1.5918300000000003
43597,2.6136507000000004
43598,1.4160599999999999
43599,2.225290099999999
43600,1.5781400000000005
43601,1.5885799999999994
43602,1.4326602000000017
43603,1.7623867666666673
43604,1.62822
43605,1.8519800000000006
43606,1.2876999999999998
43607,1.5462499999999997
43608,2.0851200000000008
43609,2.9898304999999983
43610,1.50131
43611,3.9722112999999974
43612,1.4320701999999994
43613,3.0972212999999993
43614,2.0950900000000003
43615,1.7631500000000013
43616,1.77267
43617,1.7812505000000005
43618,2.4706201999999986
43619,2.4954399999999994
43620,1.515260000000001
43621,1.7279101999999988
43622,2.1726100000000006
43623,2.3348802999999987
43624,3.405601099999998
43625,2.310680099999998
43626,1.1053601000000006
43627,2.574160299999999
43628,1.7702506999999996
43629,1.6539800000000004
43630,1.8670900000000001
43631,2.5845801
43632,1.2964201000000002
43633,2.8017117
43634,2.0427902000000007
43635,1.0922800999999998
43636,1.6221499999999989
43637,2.0959899999999996
43638,2.344340700000002
43639,1.9876207000000015
43640,1.6454100999999997
43641,1.704830000000001
43642,2.9922206000000005
43643,1.1081800000000002
43644,1.8208800000000007
43645,2.0110501999999997
43646,1.2643300000000008
43647,1.4230102999999996
43648,2.5418804
43649,1.9546300000000008
43650,4.7538684999999905
43651,1.29306
43652,1.9639800000000007
43653,1.5779600999999999
43654,4.241804299999995
43655,2.0288000999999998
43656,1.6270002000000006
43657,3.1165909000000003
43658,1.30248
43659,1.3103400000000007
43660,2.8826012
43661,1.4230099999999997
43662,1.8486300000000009
43663,2.410639999999999
43664,2.2379309999999983
43665,1.671849999999998
43666,1.5993199999999999
43667,3.863233999999999
43668,3.744693199999997
43669,2.166620099999998
43670,3.7607513000000017
43671,1.6321667666666673
43672,1.9351000000000005
43673,1.9096299999999997
43674,1.8323805999999998
43675,1.7426999999999992
43676,2.4472901
43677,1.2118100000000007
43678,1.133740000000001
43679,1.9122099
43680,2.3004501000000004
43681,1.7039700999999987
43682,3.190370499999999
43683,3.615900299999999
43684,1.5175299999999996
43685,2.0487550000000003
43686,2.2411802000000005
43687,1.3939799999999998
43688,1.9837400000000007
43689,1.5704901999999992
43690,2.5521120000000015
43691,1.7645999999999995
43692,1.2225799999999998
43693,2.3530901
43694,1.6407403
43695,1.7699001000000016
43696,2.3112802000000006
43697,1.6165
43698,1.79733
43699,3.5772353999999975
43700,1.8969902999999995
43701,1.2828303000000003
43702,2.4228105000000006
43703,1.9484899999999996
43704,1.6916001
43705,1.8549205000000013
43706,2.30031
43707,1.9030700000000018
43708,2.052149999999999
43709,2.6184511000000015
43710,2.0265406999999995
43711,2.918840099999999
43712,3.2458603999999958
43713,1.5673800999999998
43714,4.427455299999996
43715,1.723499999999998
43716,2.134840100000001
43717,1.3145300999999998
43718,4.306255599999993
43719,3.8000139999999956
43720,4.690568199999991
43721,2.9852813999999976
43722,2.1492701000000007
43723,2.1766108999999996
43724,1.3176499999999995
43725,2.395970000000001
43726,2.2032207999999995
43727,1.9813003999999992
43728,1.936580000000002
43729,1.4666099999999995
43730,1.6864299999999992
43731,1.4180452999999986
43732,1.9212502000000002
43733,1.5990199999999997
43734,1.7115300000000002
43735,1.677599999999999
43736,3.629930799999995
43737,2.426190000000002
43738,1.7701303
43739,1.54096
43740,2.0930899999999983
43741,1.5492200999999988
43742,3.3250519
43743,2.3632209999999993
43744,1.9911200000000002
43745,1.9301399999999995
43746,2.214489999999997
43747,3.1154919000000003
43748,1.9780799999999996
43749,1.7703300000000013
43750,1.2175700000000007
43751,2.313370900000001
43752,1.2244499999999996
43753,1.5340000000000003
43754,2.5584012000000014
43755,1.9267602000000026
43756,2.25429
43757,2.558987166666667
43758,1.7052699999999996
43759,1.6809999999999994
43760,1.9253402999999991
43761,1.8341702999999996
43762,1.4019399999999995
43763,2.634911199999999
43764,2.0838516000000022
43765,1.9199302000000005
43766,1.9544600000000003
43767,1.7976900000000002
43768,4.294251933333329
43769,1.4516502000000004
43770,2.8416812000000005
43771,1.5355509
43772,2.2619808
43773,1.40717
43774,1.8120099999999988
43775,1.6791100000000003
43776,2.380481299999999
43777,1.4765199999999998
43778,1.6907899999999996
43779,1.83078
43780,1.7194005
43781,2.764090099999999
43782,2.7311613999999995
43783,1.3386200000000006
43784,1.4032000000000004
43785,2.1648507
43786,1.8245999999999998
43787,1.7494503999999995
43788,1.85203
43789,1.90364
43790,2.0797000000000003
43791,2.3701499999999998
43792,1.9995399999999999
43793,1.5889899999999997
43794,2.603640799999999
43795,1.9603000000000006
43796,1.6709600000000002
43797,1.6294900999999988
43798,1.4988699999999995
43799,2.5473204
43800,1.657200000000001
43801,1.8875502999999987
43802,1.7504602
43803,1.49184
43804,3.7087225
43805,2.474580600000001
43806,2.3610999999999986
43807,1.3632900000000003
43808,2.3501900999999976
43809,1.9203600999999986
43810,1.7758500000000015
43811,1.5860102000000007
43812,2.4477213999999994
43813,2.6381099999999993
43814,2.3330999999999986
43815,1.7157901000000007
43816,1.678049999999999
43817,1.971460400000002
43818,2.2698213999999997
43819,1.4903504000000003
43820,4.435797299999994
43821,2.7699899999999995
43822,1.7945305999999983
43823,2.4256599999999997
43824,1.1094300000000004
43825,1.7573301000000014
43826,1.9352099999999997
43827,2.0638203
43828,2.07149
43829,2.8940025999999985
43830,1.3447200000000001
43831,2.3823099999999995
43832,1.548900000000001
43833,2.258709999999999
43834,3.868575999999997
43835,3.6030605999999974
43836,3.483650300000001
43837,2.0351600000000003
43838,2.194879999999999
43839,2.2207899999999983
43840,1.5691999999999995
43841,2.0683300000000004
43842,2.1622999999999992
43843,2.142230000000001
43844,1.8595699999999997
43845,2.6680699999999997
43846,4.3478948999999965
43847,1.922629999999999
43848,3.356792300000001
43849,1.8214100000000013
43850,1.3868600000000004
43851,1.4509200000000002
43852,4.190733099999994
43853,2.2702099999999987
43854,1.7335402000000002
43855,1.5942500000000004
43856,1.9045999999999992
43857,2.0784007000000004
43858,2.5978809999999997
43859,1.6616899999999992
43860,1.68711
43861,1.833740000000001
43862,1.7256999999999996
43863,2.27572
43864,3.608361299999999
43865,4.357276499999994
43866,1.5812099999999993
43867,2.0776400000000006
43868,2.47227
43869,3.5135319999999997
43870,2.3934800000000003
43871,1.5150900999999999
43872,2.599110099999998
43873,1.3257699999999997
43874,1.816545
43875,3.181452499999997
43876,1.6496602000000005
43877,2.4893809000000005
43878,3.5825105
43879,1.6073299999999997
43880,2.0196699999999983
43881,1.3225402000000006
43882,1.5377500000000015
43883,1.9003903000000002
43884,2.430780600000002
43885,4.775008499999991
43886,1.6485102999999994
43887,1.6251700000000004
43888,1.9150701999999982
43889,2.218825049999999
43890,2.0002702999999995
43891,1.851330100000001
43892,2.0002000000000004
43893,1.6705299999999996
43894,1.6177300999999997
43895,4.265734899999995
43896,2.6179922000000015
43897,2.685580600000002
43898,2.9303418999999997
43899,3.0609399999999987
43900,1.7277199999999997
43901,1.4737999999999998
43902,2.7101700000000006
43903,1.8953000000000009
43904,1.78953
43905,4.385233599999995
43906,1.2198
43907,1.7314398000000006
43908,2.1036399999999995
43909,2.03635
43910,1.8357600000000012
43911,2.4703312000000004
43912,2.1563599999999994
43913,1.7623710000000004
43914,1.4614002
43915,1.7326900000000007
43916,1.7652499999999995
43917,1.11474
43918,1.3334404
43919,1.6650702999999993
43920,1.4467602
43921,1.2351799999999997
43922,3.5279921999999964
43923,2.2624803000000004
43924,1.8052700000000004
43925,1.5533901999999997
43926,2.8686899999999995
43927,0.9618800000000007
43928,1.368600099999999
43929,2.136310099999999
43930,2.1858299999999993
43931,2.0301400000000007
43932,1.7268000000000001
43933,3.3312500999999966
43934,2.5569504
43935,2.2826801
43936,1.8555004000000006
43937,1.6781399999999993
43938,1.622470099999999
43939,1.8266200000000006
43940,1.4952700000000005
43941,3.177714199999999
43942,4.62676729999999
43943,2.375249999999999
43944,1.9834900000000004
43945,1.9995000000000007
43946,2.298900399999999
43947,1.2284000999999996
43948,3.4077111000000007
43949,2.0287499999999996
43950,1.5522599999999995
43951,1.7445000000000002
43952,1.8947702000000002
43953,2.0415806000000005
43954,1.2581799999999994
43955,2.1789600000000005
43956,1.6966300000000007
43957,2.2648699999999993
43958,1.9051703000000006
43959,2.0347606000000003
43960,1.633349999999999
43961,1.9362100000000018
43962,1.8856902999999992
43963,2.370801299999998
43964,1.7959304
43965,1.5211601999999993
43966,2.5596599999999996
43967,2.8910416
43968,2.553420200000002
43969,1.9862500999999995
43970,1.9403599999999983
43971,1.9799806000000015
43972,3.7338425999999973
43973,1.3032999999999995
43974,2.725489999999998
43975,1.7038802000000002
43976,1.6930299999999996
43977,1.9442600000000008
43978,1.2567299999999997
43979,1.6615501999999995
43980,2.545970299999999
43981,1.3166001
43982,2.41736
43983,2.9670301000000006
43984,2.6870400000000005
43985,1.1242966666666667
43986,2.1173699999999993
43987,1.2263700000000002
43988,2.1602101
43989,1.7451001
43990,1.668480000000001
43991,1.2132700000000005
43992,1.584619999999999
43993,1.5521799999999997
43994,1.6904501000000014
43995,1.9906709000000005
43996,2.6263902000000003
43997,1.2372500000000002
43998,1.2350500000000002
43999,1.466330000000001
44000,2.331260000000001
44001,2.800880599999998
44002,3.098571000000003
44003,1.3143000000000002
44004,2.805160700000002
44005,2.0868600000000015
44006,1.6431000999999998
44007,1.4965700000000004
44008,3.9569742999999975
44009,1.5481399999999987
44010,2.6185099999999992
44011,2.66627
44012,1.994771700000001
44013,1.94637
44014,1.17571
44015,2.147719999999999
44016,2.211169999999998
44017,1.7895900000000007
44018,1.4766499999999994
44019,1.8948599999999995
44020,1.2831300000000005
44021,2.0032799999999997
44022,1.3960502000000004
44023,1.7356399999999994
44024,1.9622799999999991
44025,1.5708399999999996
44026,2.6939902
44027,1.7529500999999996
44028,1.7851101999999994
44029,2.2828699999999995
44030,1.6213000000000009
44031,2.0104000000000006
44032,2.1228899999999986
44033,1.87459
44034,1.3553400000000004
44035,1.7308599999999998
44036,1.4416099999999998
44037,0.9960000000000006
44038,2.0401101000000033
44039,1.1918199999999992
44040,1.9624101000000007
44041,1.9627100000000004
44042,1.6438700999999996
44043,1.7036201000000002
44044,1.6171800000000003
44045,2.4426008999999995
44046,1.705230000000001
44047,1.6642001999999996
44048,1.36192
44049,1.6360999000000005
44050,1.8784899999999995
44051,1.6834599999999997
44052,2.111380500000001
44053,2.1896703
44054,2.0793
44055,3.642542999999997
44056,1.4784199999999996
44057,2.0013499999999977
44058,2.2539503999999986
44059,1.4626701000000002
44060,1.8354000999999993
44061,2.248779999999999
44062,1.7298099999999998
44063,2.0124001000000016
44064,2.181230600000001
44065,1.4301599999999999
44066,1.3332000000000002
44067,1.5424904000000006
44068,2.267270199999999
44069,2.8934102
44070,1.6395106999999993
44071,1.5427799999999998
44072,2.126520300000001
44073,1.5925500000000006
44074,3.3989825999999965
44075,2.3043699999999987
44076,1.7254200000000006
44077,2.9488208000000005
44078,1.9025302999999996
44079,1.0649100999999994
44080,2.2805002
44081,1.8123700000000005
44082,1.128140000000001
44083,1.7000399999999996
44084,1.4589502
44085,1.6350101999999993
44086,4.605115599999992
44087,1.7141601000000006
44088,1.3146396000000005
44089,1.8303599999999998
44090,1.7282999999999986
44091,1.8012533333333334
44092,1.6177303000000003
44093,2.5751200000000005
44094,2.4557208000000035
44095,1.4574900000000002
44096,2.9283501000000003
44097,2.327960100000002
44098,1.4389499999999993
44099,3.3230818999999987
44100,1.732381100000001
44101,1.6456349999999995
44102,1.623770300000001
44103,1.4307700000000003
44104,1.9679899999999992
44105,4.207324799999996
44106,2.5600504000000024
44107,2.745210399999997
44108,1.4324999999999997
44109,2.8644010000000004
44110,3.7995306999999996
44111,2.3510900000000006
44112,1.7649901
44113,3.0786122000000002
44114,1.6097699999999997
44115,1.8601910000000001
44116,3.1048718999999982
44117,1.5388600000000003
44118,1.4638099999999994
44119,1.7213501
44120,1.3322100000000012
44121,1.64548
44122,1.8010199999999998
44123,1.7871100000000006
44124,2.1120400000000012
44125,2.4735505000000004
44126,1.7281600999999998
44127,2.7735011000000003
44128,1.4165098000000007
44129,1.4209905000000003
44130,2.5851300999999993
44131,1.6372000000000009
44132,1.7253299999999987
44133,2.1530806999999994
44134,1.7975301
44135,4.708897999999992
44136,3.7072124999999985
44137,1.8182299999999998
44138,1.6536699999999995
44139,1.8306701000000012
44140,2.1513099999999996
44141,1.9631599999999991
44142,2.949570099999999
44143,1.3076400000000001
44144,2.0222601000000004
44145,1.72781
44146,1.9821599999999997
44147,1.928359999999999
44148,2.4845100999999996
44149,2.6400800000000015
44150,1.9469199999999998
44151,2.8092400000000004
44152,2.055150699999999
44153,1.5224400999999985
44154,1.9888300999999993
44155,1.6040101999999998
44156,1.4084400000000006
44157,1.6363100000000008
44158,1.3322901000000005
44159,2.544260200000001
44160,2.6694807000000003
44161,1.2428300000000005
44162,1.4923400000000007
44163,2.2754899999999996
44164,1.6252499999999999
44165,2.4706223000000005
44166,1.0539900000000002
44167,1.8387200000000008
44168,2.149620099999999
44169,3.344771100000001
44170,2.0359602999999997
44171,1.5289500000000005
44172,2.645659999999997
44173,2.126688866666666
44174,1.8931001999999995
44175,1.767580000000001
44176,2.0668600000000006
44177,3.6758122999999974
44178,2.5878100000000033
44179,2.2748714000000003
44180,2.3223999999999996
44181,1.2011699999999994
44182,1.6265101999999991
44183,1.4198500999999992
44184,1.8798103000000004
44185,3.3323605999999986
44186,2.628720000000001
44187,1.5464006999999997
44188,1.390910000000001
44189,2.5363608000000006
44190,1.3062200000000006
44191,1.7181600999999995
44192,2.0947900000000006
44193,1.4149001000000003
44194,2.135969999999999
44195,1.8837000999999998
44196,1.5303699999999998
44197,3.6944213
44198,1.5204002000000005
44199,1.71897
44200,3.2604618999999992
44201,3.183193199999999
44202,1.514090500000001
44203,1.7529200999999979
44204,3.964684599999997
44205,2.441880000000001
44206,1.6109300000000006
44207,1.528650400000001
44208,1.9370200000000017
44209,1.7982499999999992
44210,1.6996299999999989
44211,2.7626099999999996
44212,1.558630000000001
44213,2.2531102
44214,1.2711299999999996
44215,2.1963301999999985
44216,1.8386600000000004
44217,3.8237022999999994
44218,1.9721800999999999
44219,3.0006502999999984
44220,4.118211799999997
44221,4.621407599999992
44222,1.7382349999999989
44223,1.6250600000000008
44224,1.553980900000001
44225,1.7622399999999994
44226,2.668310000000001
44227,1.5393200000000002
44228,1.501119999999999
44229,1.9751200999999998
44230,2.158800000000001
44231,2.1918300000000004
44232,1.8053200000000011
44233,1.44248
44234,1.5839400000000003
44235,1.56085
44236,1.6761800000000011
44237,1.40055
44238,1.8841501
44239,1.5699099999999993
44240,2.8708613999999995
44241,1.8668299999999989
44242,2.408079999999998
44243,1.9479705999999997
44244,1.5530201000000003
44245,4.1357842999999965
44246,1.4966399999999995
44247,2.011232000000001
44248,1.6600700000000002
44249,2.8639401
44250,2.6600908
44251,1.7888699999999995
44252,1.6855000000000013
44253,1.552059999999999
44254,1.6648701000000004
44255,3.9624820999999986
44256,1.3498601
44257,2.1221515999999996
44258,1.8209500000000007
44259,2.1383400000000004
44260,3.2284701000000036
44261,1.6568499999999984
44262,4.227680599999998
44263,2.156820700000001
44264,2.368179999999997
44265,1.3985600000000002
44266,1.8245899999999997
44267,1.3372
44268,2.0118109
44269,1.4448399999999995
44270,2.1772699999999996
44271,1.8816799999999978
44272,1.7093099999999999
44273,2.4099914000000013
44274,2.6531602000000003
44275,2.103290300000001
44276,1.7456699999999996
44277,1.1720600000000005
44278,2.266720399999999
44279,1.71821
44280,1.3415403000000001
44281,2.6457500000000014
44282,1.6038299999999994
44283,1.3148499999999999
44284,2.091090299999999
44285,2.096240499999999
44286,1.7088501
44287,1.8730600000000002
44288,2.4761500000000014
44289,1.5249004
44290,2.134499999999999
44291,2.8635114999999995
44292,1.8192299999999992
44293,2.287350599999998
44294,1.62538
44295,2.47141
44296,1.5126
44297,2.0718409999999996
44298,2.5366807000000002
44299,2.8818305000000004
44300,1.5079900000000006
44301,1.645155
44302,2.0142499999999988
44303,1.0861902000000012
44304,2.0317203000000013
44305,2.0959307000000003
44306,1.9090799999999999
44307,1.8969603000000002
44308,1.904870199999999
44309,1.9348402000000002
44310,1.7932700000000017
44311,2.1497418999999995
44312,1.7241403
44313,1.8332699999999995
44314,2.2310905000000005
44315,1.7608300000000008
44316,3.131680499999999
44317,1.5305000000000009
44318,1.8532000000000004
44319,1.4678399999999996
44320,3.136011700000003
44321,1.443110000000001
44322,1.849949999999999
44323,1.8575400999999987
44324,1.5596500999999987
44325,1.5130507000000006
44326,1.9336599
44327,1.5437800000000008
44328,2.141231000000002
44329,1.8204000999999994
44330,1.6054002000000003
44331,2.281670100000001
44332,2.1439201999999997
44333,1.4394700000000007
44334,1.967080000000001
44335,1.69561
44336,4.99841979999999
44337,1.4673899999999995
44338,1.2959300000000011
44339,1.8200100000000006
44340,1.7209999999999979
44341,2.1227800000000006
44342,1.5247300000000008
44343,1.7468200000000007
44344,1.5188500000000003
44345,1.898720600000001
44346,2.0327803
44347,1.67215
44348,2.902710100000001
44349,1.1414800000000003
44350,1.1072899999999999
44351,1.6552402999999996
44352,1.9428402999999992
44353,1.8905507000000004
44354,2.943960499999997
44355,1.9759399999999987
44356,2.714739999999998
44357,2.567780099999999
44358,2.561430299999999
44359,1.225080000000001
44360,1.0465499999999996
44361,1.6987800000000004
44362,1.5014900000000013
44363,1.8051700000000002
44364,1.9479499999999998
44365,1.678759999999999
44366,3.4407410000000005
44367,1.681340200000001
44368,1.6781199999999998
44369,1.2324499999999994
44370,2.0097502000000005
44371,2.1531601000000005
44372,1.9152999999999991
44373,1.9609803999999997
44374,1.75892
44375,2.8947200000000026
44376,1.6151800000000005
44377,1.7310900999999985
44378,2.5057917
44379,3.714420900000001
44380,1.5293099999999995
44381,1.3956201000000001
44382,2.0546201000000015
44383,2.174430100000001
44384,0.9716599999999993
44385,2.3142000000000023
44386,1.5634600000000003
44387,1.4525702000000007
44388,2.0284204999999997
44389,2.1983000000000015
44390,3.403032899999999
44391,1.2773299999999994
44392,1.4533700999999988
44393,2.425251500000001
44394,3.046460599999998
44395,3.4567146999999974
44396,4.920126999999992
44397,2.109269999999999
44398,1.8480100000000004
44399,1.3078699999999994
44400,2.1785902
44401,1.6229300000000009
44402,4.903295499999995
44403,2.5674501999999997
44404,2.0401502
44405,1.8184399999999983
44406,1.815570199999999
44407,1.8552100999999996
44408,2.4421200999999986
44409,1.5820601000000014
44410,1.6908000000000003
44411,2.22286
44412,1.3748303999999998
44413,2.150050299999999
44414,1.552020300000001
44415,2.5567209
44416,3.436811299999998
44417,1.4654999999999994
44418,1.2872799999999995
44419,1.9132000000000022
44420,1.7077800000000005
44421,1.3465899999999993
44422,2.8449611000000004
44423,3.8237922999999965
44424,1.6611400000000005
44425,1.4942999999999997
44426,1.6255199999999999
44427,1.813669999999999
44428,1.9918604
44429,2.1125499999999993
44430,2.11157
44431,3.5877918000000024
44432,2.052130300000001
44433,2.1892299999999985
44434,1.7624214999999992
44435,2.446060200000003
44436,1.80157
44437,2.6479809000000007
44438,2.7065002000000002
44439,1.8305403000000007
44440,1.4169
44441,1.7572001000000008
44442,2.1421004999999984
44443,1.9227400000000008
44444,4.345884199999997
44445,2.1820399999999998
44446,2.3427401000000017
44447,1.8746100000000012
44448,3.701902599999999
44449,2.4056703000000006
44450,1.6552900999999998
44451,2.056979999999998
44452,1.796939999999999
44453,2.779270499999999
44454,1.9256109999999997
44455,1.4003301000000001
44456,1.444000100000001
44457,1.6268599999999984
44458,1.9003199999999998
44459,1.7041899999999992
44460,2.1967600000000003
44461,3.5182615000000017
44462,2.6523901
44463,1.9794104999999993
44464,1.3436000000000012
44465,1.9540599999999995
44466,2.084199999999999
44467,2.1994109999999996
44468,3.729654899999998
44469,1.8233701000000002
44470,1.8046900999999993
44471,1.777280200000001
44472,1.8559303000000023
44473,1.5902400999999988
44474,2.7111505000000005
44475,1.8474502
44476,1.6280899999999996
44477,1.9089500000000013
44478,2.7109004000000003
44479,3.3382919
44480,1.4629699999999997
44481,1.4354700999999994
44482,2.005050000000001
44483,2.0284101
44484,2.5086318
44485,2.3971899999999993
44486,4.380194699999996
44487,2.942100000000001
44488,2.0005200999999992
44489,1.5578202000000008
44490,2.05803
44491,3.0584029
44492,1.544400000000001
44493,1.8701809
44494,1.8140400000000014
44495,1.4885399999999998
44496,1.6647803
44497,3.0531004999999993
44498,1.36227
44499,2.3363368000000007
44500,1.7690999999999995
44501,1.1990501000000002
44502,1.5562101999999993
44503,4.488645899999994
44504,1.6764399999999997
44505,1.5643599999999998
44506,2.0219199999999997
44507,1.6486000000000007
44508,1.7233605999999992
44509,1.9889501999999981
44510,1.563690000000001
44511,1.8709299999999995
44512,2.0224703
44513,1.2183999999999995
44514,2.1736001000000003
44515,1.6735300000000002
44516,1.6923799999999987
44517,2.1881502000000004
44518,1.8036099999999993
44519,4.1546359999999956
44520,1.7614402
44521,1.8720902000000004
44522,3.0825501
44523,2.425460099999999
44524,1.7137403999999998
44525,1.55497
44526,1.5433903000000009
44527,1.7750601000000004
44528,4.726707799999992
44529,2.4805113
44530,1.5459699999999996
44531,1.3199799999999993
44532,1.6811302000000004
44533,1.94393
44534,2.5446818000000007
44535,1.7141605999999996
44536,2.4062906
44537,2.1815604
44538,1.82106
44539,1.4526800000000002
44540,1.8684499999999995
44541,2.1106901000000025
44542,1.4624399999999997
44543,1.5696
44544,2.091270100000001
44545,1.8467599999999995
44546,1.4251400000000007
44547,1.92484
44548,1.2926300000000013
44549,1.5432301000000002
44550,1.9625699999999997
44551,1.6969366000000001
44552,1.8759099999999993
44553,4.255323299999996
44554,2.6458218
44555,2.551721400000001
44556,1.7051799999999988
44557,4.505424799999994
44558,2.1301201000000005
44559,2.01902
44560,2.1069800000000005
44561,3.0478907999999985
44562,1.3974502000000004
44563,1.8607699999999996
44564,1.4937300000000007
44565,1.7750299999999997
44566,1.9480501000000003
44567,2.111569999999999
44568,1.6073001000000011
44569,2.7708607000000014
44570,4.71338859999999
44571,2.0989102
44572,1.1178605
44573,2.8968119999999984
44574,2.7880700000000003
44575,1.8218399999999995
44576,1.96085
44577,1.8687699999999998
44578,1.8147900000000001
44579,2.8097307000000016
44580,1.9692702000000002
44581,1.801709999999999
44582,1.764710300000001
44583,1.9593999999999994
44584,2.249549999999999
44585,3.2568205
44586,2.5144805999999984
44587,1.7863600000000002
44588,3.7681011999999985
44589,1.76199
44590,2.4444601000000032
44591,2.0450816000000014
44592,3.2197621999999995
44593,2.440370299999999
44594,1.605239999999998
44595,2.385230400000002
44596,1.1913403999999992
44597,1.3520600000000005
44598,1.9414299999999989
44599,1.7039102000000002
44600,1.5553401000000004
44601,1.5524202999999994
44602,2.1126405
44603,2.107170099999999
44604,1.1935199999999986
44605,1.5342500000000001
44606,3.210040299999999
44607,3.1392921000000005
44608,3.106811300000002
44609,3.436779999999999
44610,1.3448701000000003
44611,2.017560000000001
44612,2.642280699999999
44613,2.3632213999999987
44614,1.3561301000000003
44615,3.3163318
44616,1.6773500000000001
44617,1.9693299999999994
44618,1.7306899999999994
44619,2.07301
44620,2.8877004
44621,2.0938600999999992
44622,1.529530100000001
44623,1.8077411000000003
44624,2.300920100000001
44625,2.170520100000001
44626,1.9971100000000004
44627,2.2025405000000005
44628,1.8333999999999997
44629,2.1802206
44630,1.9062100000000013
44631,3.543861600000001
44632,1.7307299999999985
44633,2.7400104999999995
44634,2.0754299999999994
44635,1.8740399999999997
44636,1.9940899999999981
44637,1.5935603
44638,2.136799999999999
44639,1.4982801000000001
44640,1.8548801
44641,1.8907899999999995
44642,2.4275202
44643,3.090372999999999
44644,1.5594799999999993
44645,1.9200099999999978
44646,1.471559999999998
44647,2.0132704000000015
44648,2.526169999999998
44649,2.66594
44650,2.2088408999999998
44651,1.9240999999999975
44652,1.8632199999999985
44653,1.8317799999999997
44654,2.142410099999999
44655,1.70369
44656,1.7317200999999998
44657,2.334039999999999
44658,1.4203000000000008
44659,2.093860499999999
44660,1.8887503999999993
44661,1.595890000000002
44662,1.8734701000000007
44663,1.7078706
44664,2.59034
44665,1.5828499999999994
44666,1.6635601
44667,2.081279999999997
44668,2.3417400000000015
44669,1.499430000000001
44670,2.2951501000000003
44671,1.6027900999999993
44672,2.686380099999998
44673,2.347120000000001
44674,1.7946906999999999
44675,1.51395
44676,3.0065313999999987
44677,1.5577499999999993
44678,2.3961902
44679,1.657039999999999
44680,1.6815499999999997
44681,1.9021302000000009
44682,1.6590549999999993
44683,2.171930099999999
44684,1.872419999999999
44685,1.3030199999999996
44686,1.8615001000000004
44687,1.51891
44688,1.6700799999999993
44689,3.062780500000003
44690,1.3640403000000003
44691,2.1666200000000004
44692,2.0248716000000004
44693,2.0457704
44694,1.4104497000000003
44695,1.0670700000000009
44696,2.4240899999999987
44697,1.7439006000000006
44698,3.4925204000000014
44699,1.5612099999999995
44700,2.490589915000001
44701,1.8084600000000006
44702,2.10905
44703,2.3760400000000015
44704,1.308380099999999
44705,2.32646
44706,2.8201801
44707,2.852403199999998
44708,2.7578901999999994
44709,1.3374402999999992
44710,1.7817700999999995
44711,2.2664119999999994
44712,3.316170900000001
44713,1.5475899999999994
44714,1.9660800000000007
44715,2.4372616000000007
44716,2.546569999999998
44717,1.9991700000000006
44718,2.5119601
44719,3.2993047999999976
44720,2.373530000000003
44721,1.7195199999999988
44722,2.240349999999999
44723,3.5004013999999968
44724,2.9884219999999986
44725,4.984009799999989
44726,1.5355499999999997
44727,1.0533799999999998
44728,4.418306199999995
44729,2.3123300000000007
44730,3.3616310999999994
44731,3.0821913999999992
44732,3.3037102999999983
44733,2.62498
44734,1.7031499999999995
44735,2.6051419000000013
44736,1.8545099999999988
44737,4.027983899999998
44738,1.6396500000000003
44739,1.6244707999999994
44740,1.5774101999999999
44741,2.267140000000002
44742,2.4313400000000023
44743,1.9094905000000002
44744,1.9683302
44745,1.4937099999999992
44746,1.5994800000000007
44747,1.7045499999999998
44748,3.7817928999999966
44749,1.790440100000002
44750,4.363334599999997
44751,1.4337403
44752,1.6339102000000008
44753,1.6170105
44754,1.8323000000000003
44755,2.1967801000000016
44756,1.5330201000000006
44757,2.804960299999999
44758,3.0420604999999994
44759,2.144320099999999
44760,2.776720199999998
44761,2.2617199999999995
44762,1.5369700000000004
44763,1.8416899999999992
44764,2.0661800000000006
44765,1.999600100000001
44766,1.4962799999999998
44767,1.966740100000002
44768,1.9811307000000005
44769,2.2828110000000006
44770,1.7338003000000008
44771,1.9996604999999996
44772,1.7870949999999997
44773,2.10692
44774,2.5410602000000004
44775,1.8710002000000003
44776,1.8260502999999995
44777,1.4072799999999992
44778,1.1907799999999995
44779,3.2297101999999995
44780,3.4575903
44781,1.7434001000000006
44782,1.33113
44783,2.095630099999999
44784,1.2663001
44785,3.7754704000000032
44786,2.4518713999999995
44787,1.7087300000000007
44788,1.5733704
44789,2.9469102000000014
44790,1.4442602000000009
44791,1.8222200999999978
44792,2.5902107999999995
44793,1.9747800000000004
44794,1.6410699999999994
44795,2.5040504000000023
44796,1.7638500000000006
44797,2.1215599999999997
44798,3.2773111999999984
44799,2.5594910000000017
44800,1.392270299999999
44801,1.6569904000000002
44802,1.4679901999999998
44803,1.2652300000000003
44804,1.7775700999999995
44805,2.5333800000000006
44806,1.3644400000000008
44807,1.9684699999999986
44808,1.6690302000000006
44809,2.3339502
44810,1.2207700000000001
44811,1.57755
44812,2.5590903000000016
44813,2.8009200000000014
44814,1.5474600999999994
44815,1.6438000000000001
44816,1.626990000000001
44817,1.6813900000000006
44818,1.702999999999998
44819,1.98345
44820,1.5425207000000003
44821,4.90985899999999
44822,1.5900904000000002
44823,1.9159105000000005
44824,3.4350518000000005
44825,2.105800599999998
44826,3.3796108999999985
44827,1.48096
44828,2.0308600999999973
44829,1.5578743333333334
44830,1.6628899999999986
44831,2.2706100000000005
44832,3.1171405999999995
44833,1.7779801000000015
44834,2.3278202000000014
44835,1.4383201000000003
44836,1.6552299999999982
44837,1.8204000000000007
44838,1.925229999999999
44839,3.0859406000000003
44840,1.5646099999999998
44841,3.4757215000000015
44842,1.2159100000000003
44843,1.1209204
44844,1.2558100000000005
44845,1.5120000000000002
44846,2.7841318000000017
44847,1.3172099999999995
44848,2.382499999999998
44849,4.83137919999999
44850,1.7003508000000005
44851,2.677600199999998
44852,3.6934527999999984
44853,1.7343900000000005
44854,1.6756700999999996
44855,2.372291100000001
44856,2.2061104
44857,2.1936805000000006
44858,2.1479709999999996
44859,3.6166224999999996
44860,2.557500700000002
44861,1.5909500000000005
44862,1.839560100000001
44863,3.1024514999999973
44864,1.5339799999999995
44865,2.7461201000000006
44866,1.2461603000000003
44867,2.52858
44868,1.4689400000000001
44869,2.070452000000001
44870,1.3384199999999993
44871,4.664827699999992
44872,2.2480299999999986
44873,2.3794399999999993
44874,2.0590100000000016
44875,1.9476308000000018
44876,1.6893599999999998
44877,1.6782099999999998
44878,1.4228900999999998
44879,1.2565005000000002
44880,1.8891399999999987
44881,1.862700099999999
44882,1.0979301000000004
44883,1.3176175
44884,2.3028900999999973
44885,1.4389900000000007
44886,1.2538700000000007
44887,1.8940099999999995
44888,2.9545815999999987
44889,2.844201199999998
44890,1.8901600999999988
44891,1.8071099999999993
44892,1.7656701000000006
44893,1.9345701000000006
44894,1.7138299999999995
44895,1.8119703000000016
44896,2.1892700000000005
44897,1.5133099999999997
44898,1.3159199999999998
44899,1.5751300999999993
44900,1.7023601000000002
44901,1.5109100000000004
44902,1.4830000000000003
44903,1.7045
44904,1.5895201000000005
44905,1.3766899999999993
44906,2.4823511
44907,1.8953604
44908,1.2794600000000003
44909,1.365229999999999
44910,1.6315001999999996
44911,4.649398199999992
44912,2.3761111000000006
44913,1.7245600000000016
44914,1.9318800999999997
44915,2.00069
44916,1.795729999999999
44917,1.7166299999999999
44918,2.134110899999998
44919,2.900060499999999
44920,2.0645803999999988
44921,2.5373000000000014
44922,1.8578300000000019
44923,1.553160000000001
44924,1.4684499999999998
44925,2.4063199999999996
44926,1.6925700000000008
44927,2.2542302000000007
44928,2.150639999999999
44929,3.515543999999998
44930,1.8444600999999998
44931,1.84998
44932,2.5830800000000007
44933,2.4571500000000004
44934,2.0547000999999994
44935,3.039510599999998
44936,1.9083699999999997
44937,1.50997
44938,2.1727899999999996
44939,1.7123600999999997
44940,2.02516
44941,2.946271099999999
44942,2.038500399999999
44943,3.422770999999998
44944,1.5643101000000013
44945,1.7417099999999999
44946,1.8296899999999985
44947,2.1734802999999996
44948,2.3377700999999984
44949,2.3226000000000013
44950,2.520830599999999
44951,1.6933999999999998
44952,1.616039999999999
44953,1.4283807000000008
44954,1.7699600999999998
44955,1.101519999999999
44956,3.8682415999999984
44957,1.5225399999999996
44958,2.2663399999999982
44959,2.2910306000000005
44960,1.5811100999999996
44961,1.8322700000000003
44962,2.1887799999999995
44963,1.639050200000001
44964,1.465070000000001
44965,1.5203100000000003
44966,1.5582001999999997
44967,3.3552316999999983
44968,1.3394500000000005
44969,1.5129402000000007
44970,1.6734007000000006
44971,1.8000999999999994
44972,2.3690599999999993
44973,1.53348
44974,2.0000950000000013
44975,2.9284102000000005
44976,1.5357499999999995
44977,1.49591
44978,2.1665801
44979,1.8486800000000003
44980,1.8855199999999985
44981,1.9748099999999997
44982,1.369970000000001
44983,1.3835607000000005
44984,3.210280499999996
44985,1.7716501
44986,1.815671
44987,1.7070408000000008
44988,1.6400300000000003
44989,2.6315702000000005
44990,1.8847199999999997
44991,1.9678906999999994
44992,3.1646300999999992
44993,1.0032100000000006
44994,2.1564004
44995,1.7340701000000007
44996,1.508349999999999
44997,1.4794702000000004
44998,1.2898799999999997
44999,1.7435600000000009
45000,2.452909999999999
45001,1.4681599999999995
45002,1.8381001000000028
45003,3.1926512999999983
45004,2.3985100000000013
45005,1.4696301000000005
45006,3.9122732999999976
45007,1.6469799999999992
45008,2.3210714
45009,3.219330899999999
45010,2.9115232000000004
45011,1.1272499999999999
45012,2.414069999999999
45013,1.6524204999999998
45014,1.7430499999999989
45015,2.3704801000000013
45016,1.7198199999999995
45017,3.1356802999999998
45018,3.075800000000001
45019,1.7672850000000009
45020,1.6009699999999998
45021,1.928699999999999
45022,1.9209811000000006
45023,1.6196900000000007
45024,1.4624099999999998
45025,2.2837202999999993
45026,2.199401399999999
45027,1.6625700999999997
45028,2.131180700000002
45029,1.600149999999999
45030,1.8662099999999993
45031,2.512299999999998
45032,1.4865600000000014
45033,1.8501299999999994
45034,1.8149800999999997
45035,1.8441600000000002
45036,1.44324
45037,2.447131000000002
45038,2.497450299999999
45039,1.5453400999999993
45040,1.6543701000000004
45041,1.9164004000000006
45042,1.711460999999999
45043,1.8866099999999988
45044,1.9328199999999993
45045,1.7478800000000003
45046,2.62511
45047,2.4652699999999985
45048,2.248992200000001
45049,1.0575800000000004
45050,1.4210799999999995
45051,1.6073800000000005
45052,1.3076200000000002
45053,1.2842099999999999
45054,1.8580202999999995
45055,1.6605100000000002
45056,2.2455300000000005
45057,1.9922833333333323
45058,2.08238
45059,1.5707601000000002
45060,1.8939303
45061,3.0991733999999993
45062,3.0840321000000004
45063,2.4032901999999994
45064,2.190570399999999
45065,1.4793499999999986
45066,3.3331419999999987
45067,1.8825800000000004
45068,1.3772399999999996
45069,1.3729100000000016
45070,1.7341504
45071,2.278200000000001
45072,3.480300399999997
45073,1.5237100000000001
45074,1.9437100000000003
45075,1.6658199999999992
45076,1.4071000000000007
45077,2.0576701000000015
45078,3.1024909
45079,1.7030804000000004
45080,1.5876001000000002
45081,1.1621981000000015
45082,1.8346200999999995
45083,2.203280000000001
45084,3.8744330999999987
45085,1.6513799999999998
45086,2.1256899999999996
45087,3.0821313000000004
45088,4.88676939999999
45089,2.832390500000001
45090,2.918720900000002
45091,1.4896499999999988
45092,3.7502013
45093,2.434521000000003
45094,2.3111513
45095,1.675860000000001
45096,1.47198
45097,2.0871425000000015
45098,1.3910800000000003
45099,1.72625
45100,1.9934601999999995
45101,2.0113901000000003
45102,3.4025235999999976
45103,1.5291500000000005
45104,2.51957
45105,2.4579700000000013
45106,1.751
45107,1.8002500999999993
45108,1.7620902000000003
45109,1.3833800999999994
45110,2.800689999999999
45111,3.581852299999998
45112,2.847151999999998
45113,2.1082205000000003
45114,1.4252799999999999
45115,2.724539999999998
45116,1.699879999999999
45117,3.2832112
45118,1.3604599999999996
45119,1.5487999999999993
45120,1.8436599999999996
45121,2.2407607999999986
45122,2.4635101000000015
45123,1.84139
45124,3.459512299999996
45125,1.6172900000000003
45126,1.5367099999999996
45127,2.590501365
45128,1.9367714
45129,1.4254400999999999
45130,3.4268611999999985
45131,1.8095100000000002
45132,2.725811200000002
45133,1.4794701000000006
45134,2.3116200000000005
45135,3.3365523999999986
45136,2.058379999999999
45137,2.5301223999999998
45138,2.5878723000000003
45139,1.9868600999999992
45140,1.2526899999999992
45141,0.7207600000000005
45142,1.2566899999999999
45143,1.6902200000000005
45144,2.1759017000000003
45145,2.318010300000001
45146,1.9579200999999993
45147,1.1748999999999994
45148,2.03015
45149,2.2758707999999994
45150,2.7317200999999964
45151,1.663350100000001
45152,1.6458299999999983
45153,1.6253604000000004
45154,2.002120100000001
45155,2.347530100000001
45156,1.1458301
45157,1.49993
45158,1.2004000000000004
45159,2.4922400000000007
45160,3.0606809999999984
45161,2.2184805000000014
45162,2.3832000000000013
45163,4.757194399999998
45164,1.3664699999999996
45165,1.5319900000000002
45166,2.337620000000002
45167,1.6439800000000004
45168,2.040909999999999
45169,1.7978401999999991
45170,1.3709699999999998
45171,1.4263099999999997
45172,2.0178508999999996
45173,2.4769004999999997
45174,1.9088100000000006
45175,2.0015900000000006
45176,1.505040199999999
45177,1.4500899999999992
45178,3.0242805999999995
45179,1.6899700000000013
45180,1.7480599999999986
45181,2.0811004
45182,3.0512227999999997
45183,2.0376206999999993
45184,2.2143404
45185,2.2177605000000007
45186,2.082980500000001
45187,1.5451302999999996
45188,1.2027199999999996
45189,3.956885499999995
45190,1.8949899999999993
45191,2.0547500000000007
45192,1.3889200000000002
45193,1.5860999999999996
45194,2.3226502000000004
45195,2.39269
45196,1.4032900999999998
45197,2.0060810000000013
45198,1.5468899999999999
45199,4.5156973999999925
45200,1.4107301999999995
45201,1.6782768666666654
45202,1.4136700999999994
45203,0.9658699999999995
45204,1.9258999999999986
45205,1.9572199999999986
45206,1.72594
45207,1.8941100000000004
45208,3.713623699999997
45209,1.5065000999999998
45210,1.6719399999999993
45211,2.945782199999999
45212,1.6354801
45213,2.3906514999999997
45214,2.1763900000000005
45215,2.659150400000001
45216,2.0258200000000004
45217,2.5542013999999993
45218,2.5106800999999987
45219,1.9292200000000008
45220,3.3658807999999993
45221,2.2370710000000007
45222,1.8054201999999984
45223,1.8945901000000003
45224,2.06576
45225,1.3630700000000004
45226,2.2551902999999993
45227,2.4481802000000012
45228,2.3862501000000003
45229,1.9385300999999993
45230,1.6358299999999997
45231,2.7227919000000016
45232,3.588280500000004
45233,1.6133199999999999
45234,1.60809
45235,1.9136099999999985
45236,2.3714699999999986
45237,2.628830500000001
45238,1.51433
45239,4.387754899999996
45240,1.450730200000001
45241,1.755830000000001
45242,2.66113
45243,3.8976517999999976
45244,1.7913101000000002
45245,1.3244399999999996
45246,4.323394499999997
45247,2.6134006000000016
45248,2.6829221999999993
45249,2.05656
45250,1.88659
45251,3.0123101999999977
45252,1.9539599999999995
45253,2.97856
45254,1.4269000999999988
45255,1.9880599999999995
45256,1.586660099999999
45257,2.7915901
45258,2.0774015
45259,2.9013000999999985
45260,2.174660399999999
45261,1.5133801
45262,1.509229999999999
45263,2.4301900000000023
45264,2.142031933333333
45265,1.6316901000000013
45266,2.8707804000000006
45267,1.7731199999999996
45268,1.7903701
45269,2.16543
45270,3.0002417999999995
45271,4.2868030999999975
45272,2.4221861
45273,1.5689299999999995
45274,1.6303700000000003
45275,2.9353701000000014
45276,1.2591600999999997
45277,1.7871100000000002
45278,2.0721999999999987
45279,1.9095710999999997
45280,1.5369099999999998
45281,2.006750099999999
45282,2.9655031000000003
45283,2.163381299999999
45284,2.198829999999999
45285,2.086870000000001
45286,2.0587199999999997
45287,2.8440107
45288,1.4092799999999999
45289,2.3853502000000004
45290,2.7462702999999995
45291,2.2009001
45292,2.480922800000001
45293,2.416809999999999
45294,3.8707228999999996
45295,1.7394701999999995
45296,2.0263599999999995
45297,2.3462200000000006
45298,1.1432100000000005
45299,1.6379499999999994
45300,2.9001916999999993
45301,1.4794001000000012
45302,1.5745201999999994
45303,1.9391499999999993
45304,1.8341702000000006
45305,1.3742801000000007
45306,1.397950499999999
45307,4.88800879999999
45308,1.9866299999999992
45309,1.5708201999999998
45310,1.4224299999999994
45311,1.606870000000001
45312,1.3165599999999995
45313,1.7675302000000004
45314,2.1224401000000004
45315,1.3932899999999995
45316,2.9797705000000003
45317,1.539430000000001
45318,1.5934899999999994
45319,1.4421699999999995
45320,1.5598400000000001
45321,1.585089999999999
45322,1.8160700000000005
45323,2.02976
45324,1.5226000999999996
45325,1.7464699999999989
45326,1.3166601000000013
45327,1.7138000000000004
45328,2.4478601999999974
45329,2.1525200000000013
45330,2.1995499999999986
45331,1.4267699999999996
45332,1.6752399999999983
45333,1.7200001000000023
45334,1.7801401000000008
45335,1.5932603000000005
45336,1.3209001999999992
45337,2.870862699999998
45338,1.6038599999999994
45339,2.2646518
45340,1.9643101999999992
45341,3.935500900000002
45342,1.7552499999999998
45343,3.2709512000000025
45344,1.6954200999999989
45345,3.0593312
45346,1.2779500000000008
45347,1.7495500000000006
45348,1.9605506
45349,1.8957301999999998
45350,1.3673702999999997
45351,2.1050099999999996
45352,1.4994885000000002
45353,2.1886607000000002
45354,1.8856700000000006
45355,2.7248212000000005
45356,1.984440000000002
45357,1.7858702000000013
45358,2.0536703000000007
45359,1.71263
45360,2.2472399999999997
45361,1.9169809000000004
45362,2.0477209999999975
45363,2.9840168666666664
45364,1.6974102000000009
45365,2.1500407999999993
45366,2.0396803999999995
45367,1.1814606000000005
45368,1.4051700000000005
45369,1.4270301000000003
45370,1.74132
45371,1.4129999999999994
45372,1.5622508000000004
45373,1.0611999999999995
45374,1.4525100000000004
45375,3.8503104999999995
45376,2.08284
45377,1.7841100999999997
45378,2.27671
45379,3.242111800000001
45380,2.1117602
45381,1.7891200999999999
45382,2.6749215000000004
45383,1.5094902000000001
45384,2.1332500999999984
45385,1.6070501999999995
45386,1.9780403000000013
45387,2.066180199999999
45388,1.2593201000000007
45389,1.9018699999999995
45390,3.0323700999999987
45391,1.5368699999999997
45392,1.389500000000001
45393,2.9518906
45394,1.2993900000000005
45395,1.4237300000000002
45396,1.7392701999999998
45397,1.3271499999999987
45398,1.6263100000000004
45399,2.106419999999999
45400,2.10867
45401,2.8339705999999985
45402,1.79171
45403,1.4336701999999997
45404,1.5490199999999994
45405,2.669691900000001
45406,1.36951
45407,2.0212499999999993
45408,2.819752
45409,1.691420300000001
45410,1.4584199999999987
45411,2.334169999999999
45412,2.0839602000000004
45413,1.37303
45414,1.871350200000001
45415,3.3941041999999966
45416,1.5577
45417,1.8443299999999991
45418,2.9435525
45419,3.3437909000000006
45420,1.9897809000000006
45421,1.727420000000002
45422,1.42682
45423,4.106573499999998
45424,2.060609999999998
45425,1.9664602000000004
45426,3.444850399999998
45427,1.6162600000000003
45428,3.5913410000000017
45429,1.6869599999999982
45430,1.987310000000003
45431,1.241120000000001
45432,1.8468100000000007
45433,2.9064821000000007
45434,2.093910600000002
45435,2.714741000000002
45436,1.3213399999999995
45437,2.0689200000000003
45438,2.078010000000001
45439,2.4475700000000007
45440,1.7063703
45441,2.0933099999999993
45442,2.1396399999999995
45443,2.2634501000000005
45444,4.482937299999992
45445,1.9144899999999998
45446,1.9007509000000002
45447,3.094393399999999
45448,1.5095599999999991
45449,3.1743003
45450,2.9431404000000003
45451,2.5413799999999993
45452,1.5227700000000002
45453,1.7147099999999993
45454,1.8479100000000006
45455,1.4590103000000005
45456,3.0360801
45457,1.7305299999999997
45458,3.0037909
45459,1.8103400999999997
45460,1.3180599999999998
45461,1.8307201000000004
45462,2.5061102999999987
45463,1.3107800999999992
45464,1.49988
45465,1.4633599999999998
45466,3.0534716999999993
45467,2.1386499999999993
45468,1.5208500000000003
45469,4.409787199999994
45470,2.6779503
45471,1.9847001999999978
45472,2.66056
45473,1.34459
45474,1.5936101
45475,1.0394199999999998
45476,3.1718219
45477,1.3820500000000004
45478,1.3473600000000006
45479,1.9455002000000008
45480,1.377390000000001
45481,1.84071
45482,2.2385613999999983
45483,2.1123000000000007
45484,1.9949503000000013
45485,2.438700599999999
45486,2.00104
45487,2.0212302
45488,3.2285218999999987
45489,2.3865699999999994
45490,1.57337
45491,1.5840600000000007
45492,4.036484099999993
45493,2.041720100000001
45494,1.8356600999999997
45495,2.3001108000000006
45496,2.0344702000000003
45497,1.4013500000000005
45498,2.279230100000001
45499,1.6392599999999995
45500,1.4899999999999989
45501,3.3995709000000005
45502,1.4595501999999996
45503,2.9813501000000047
45504,1.6116502000000008
45505,1.3220500999999982
45506,2.29138
45507,1.0450303000000012
45508,1.8232900000000003
45509,3.154690199999998
45510,1.1599899999999994
45511,1.60232
45512,1.64328
45513,1.5847799999999999
45514,1.5998599999999996
45515,1.8214700000000001
45516,2.0845201000000007
45517,2.9039899999999985
45518,1.756720000000002
45519,2.0549100999999994
45520,3.0434603000000013
45521,1.6135300000000006
45522,1.5530900999999995
45523,2.6256700000000013
45524,2.3894700999999996
45525,1.949560300000001
45526,2.1587500000000004
45527,1.6865599999999992
45528,1.2646900000000005
45529,1.34011
45530,2.5313399999999997
45531,1.79416
45532,1.7490504000000004
45533,1.5579901
45534,2.3389401000000007
45535,1.970329999999999
45536,1.972880399999999
45537,1.6791199999999995
45538,2.8933233999999994
45539,2.7575850000000006
45540,1.6955500000000006
45541,1.8264299999999998
45542,2.21433
45543,2.0676808000000007
45544,1.7611900000000005
45545,1.8822500000000002
45546,2.6703726000000008
45547,2.240740000000001
45548,2.6966003
45549,1.9911900999999979
45550,1.6508800000000006
45551,2.248900300000001
45552,3.9639225000000033
45553,2.2980799999999992
45554,1.9316501000000015
45555,2.087690199999999
45556,3.7479947999999963
45557,1.7633301000000006
45558,4.868788799999989
45559,2.5753400999999996
45560,4.6526274999999915
45561,1.7105901999999988
45562,1.5180099999999999
45563,1.4603002999999992
45564,1.7840301000000012
45565,1.9268100000000001
45566,2.2253099999999995
45567,1.78914
45568,1.8137401000000006
45569,2.380670400000001
45570,1.7843799999999999
45571,2.0066000000000006
45572,3.9740075999999998
45573,1.7120499999999992
45574,1.9606801000000018
45575,1.6921601000000006
45576,1.8566700999999997
45577,1.756459999999999
45578,4.87464899999999
45579,1.9003700000000001
45580,2.2937302
45581,2.194519999999999
45582,1.522359999999999
45583,3.6174553999999977
45584,3.3585738999999966
45585,1.3076201
45586,1.7466003999999997
45587,1.9961801000000003
45588,1.1183602000000001
45589,3.2931611999999983
45590,1.2392001000000001
45591,1.39774
45592,1.6022299999999998
45593,2.135199999999999
45594,1.87437
45595,2.21801
45596,1.543550000000001
45597,1.7310101000000009
45598,1.0615000000000006
45599,1.930561199999999
45600,2.5893500000000014
45601,4.321095899999995
45602,1.85011
45603,2.347390299999999
45604,3.433112300000001
45605,2.322330600000001
45606,2.442920500000001
45607,2.0526800000000005
45608,1.5337299999999996
45609,1.691810000000001
45610,2.26203
45611,1.9686405000000002
45612,1.8599902999999998
45613,1.8616901
45614,1.9948003
45615,1.5652101000000007
45616,1.7574500000000006
45617,1.8154104000000002
45618,1.6504904000000014
45619,2.0994599999999988
45620,2.0183104000000007
45621,3.1529409999999967
45622,1.9998308000000011
45623,1.9376800000000016
45624,1.8023602999999984
45625,1.2955899999999998
45626,4.203673800000001
45627,1.5947502000000002
45628,2.344430200000002
45629,1.8294000000000008
45630,3.285110800000001
45631,2.4145399999999997
45632,1.802009999999999
45633,2.9973619
45634,1.6908102000000003
45635,1.8746102000000007
45636,3.684972699999999
45637,1.9756501999999996
45638,2.15843
45639,1.5518700000000003
45640,2.005389999999999
45641,1.9348599999999991
45642,2.673710500000001
45643,3.175819999999999
45644,3.5477329999999996
45645,2.357730000000001
45646,1.7264799999999991
45647,2.639270000000002
45648,3.889333499999998
45649,1.5908900000000004
45650,2.7806299999999977
45651,1.8977700000000002
45652,2.761461200000001
45653,1.9916400999999997
45654,2.841112300000002
45655,1.935029999999999
45656,1.6622699999999997
45657,2.9559610000000007
45658,1.7819199999999997
45659,2.68473
45660,2.63685
45661,1.8903403000000005
45662,1.8659600999999997
45663,3.9682802999999973
45664,1.8226699999999991
45665,2.4619713333333326
45666,2.6618200999999995
45667,1.6931600000000007
45668,3.2943827999999984
45669,2.0697102999999992
45670,1.5639900000000002
45671,1.3755399999999998
45672,1.9146899999999991
45673,1.836459999999999
45674,2.591030099999999
45675,1.7168501000000007
45676,1.7100899999999992
45677,1.85086
45678,2.0987800000000005
45679,1.6278499999999996
45680,2.2617702000000004
45681,1.405700099999999
45682,1.182789999999999
45683,2.1458602000000004
45684,2.731551100000001
45685,1.821170000000001
45686,1.8661900000000005
45687,2.2133499999999997
45688,1.4526099999999997
45689,2.441509999999999
45690,1.5890700000000002
45691,3.245760599999997
45692,1.4224099999999986
45693,1.8477100000000004
45694,2.3745902
45695,2.506999999999998
45696,3.140161899999999
45697,1.7339905000000002
45698,2.4460066666666664
45699,1.2863800000000014
45700,1.7487500000000011
45701,1.7991501000000012
45702,2.459860000000001
45703,2.6329304
45704,1.7043100999999996
45705,1.9855104999999995
45706,1.9975200000000002
45707,2.559512100000001
45708,4.411615699999992
45709,1.4749700000000003
45710,1.8353700999999998
45711,1.6629699999999996
45712,1.3567300999999987
45713,3.4767527
45714,1.6545700000000003
45715,1.9942100000000014
45716,1.4910700000000003
45717,1.6159401000000002
45718,1.8381002000000002
45719,2.917150299999999
45720,1.9385400000000002
45721,1.6952799999999988
45722,1.9453107
45723,2.2676000000000016
45724,1.8450699
45725,1.3948700000000005
45726,2.434540199999999
45727,1.860779699999999
45728,3.1673209000000004
45729,1.4147800000000006
45730,2.6921602
45731,3.1239619999999992
45732,1.7123400999999996
45733,2.0003401
45734,1.5507000999999996
45735,2.0110000000000006
45736,2.4671700000000025
45737,1.6581300000000005
45738,1.8679300000000005
45739,2.8349433000000004
45740,1.4683600000000008
45741,2.2914901000000003
45742,1.9924301
45743,2.0576300999999995
45744,2.1257203999999987
45745,1.1318299999999997
45746,2.2020100999999994
45747,1.9836400000000003
45748,1.602100000000001
45749,3.180652299999999
45750,2.277540800000003
45751,2.1282214
45752,2.390360099999998
45753,1.5721399999999994
45754,2.4139703999999997
45755,2.1015811
45756,1.7599500000000012
45757,1.8136899999999991
45758,3.0932504
45759,2.7252304000000005
45760,2.1300401000000004
45761,1.9813099999999995
45762,3.6248040999999973
45763,2.0059200000000006
45764,2.170760000000002
45765,2.316469999999999
45766,2.787220999999998
45767,2.1062899999999996
45768,1.8280910999999995
45769,2.1752608999999983
45770,1.485860200000001
45771,1.4168495000000005
45772,3.7818024999999973
45773,1.7877704999999997
45774,2.524890099999999
45775,1.7487899999999994
45776,1.9654899999999997
45777,4.145694899999998
45778,2.0871008000000004
45779,2.3040499999999997
45780,1.91843
45781,2.294400900000001
45782,2.0544899999999977
45783,1.2117903
45784,1.72014
45785,1.8147201000000004
45786,1.81287
45787,1.4855701000000001
45788,1.8899899999999987
45789,1.9881377999999992
45790,1.6261400000000001
45791,1.5049200000000007
45792,1.4745899999999998
45793,2.0497499999999995
45794,2.2355712
45795,1.6859099999999991
45796,1.7503
45797,1.79531
45798,3.3129013999999994
45799,2.5382600999999996
45800,1.559509999999998
45801,1.3912300000000009
45802,1.7457601
45803,1.8217399999999995
45804,2.3528516999999987
45805,2.1980599999999986
45806,2.1241900000000005
45807,2.1085400999999986
45808,2.5492804999999996
45809,1.43844
45810,1.5084499999999994
45811,1.5582600000000004
45812,1.3151200000000005
45813,1.9194209000000009
45814,1.9684914000000004
45815,1.9378899999999992
45816,4.202865099999998
45817,2.1946700000000003
45818,3.530072299999996
45819,3.1335706000000005
45820,2.178150300000001
45821,1.3236400000000004
45822,2.323080000000002
45823,2.1152
45824,1.8529101000000003
45825,1.463230300000001
45826,2.0853610000000007
45827,1.0631500000000005
45828,2.0443302
45829,2.2994603000000002
45830,2.678301399999999
45831,2.4048
45832,1.8865299999999987
45833,1.967749999999999
45834,2.8205299999999998
45835,3.031640999999999
45836,2.2965906
45837,1.8741499999999995
45838,1.2455600000000004
45839,1.6325000000000003
45840,1.6329601
45841,1.7251204000000002
45842,1.2679300999999992
45843,1.5217300000000011
45844,1.8202399999999994
45845,1.898690099999999
45846,2.1648314000000006
45847,1.6846100000000006
45848,1.8359500000000006
45849,1.805411400000001
45850,1.7420499999999992
45851,1.9340702000000005
45852,3.6301924
45853,1.4917100000000003
45854,2.6398300999999997
45855,1.8176607999999994
45856,1.7016500000000014
45857,1.4016
45858,1.49116
45859,1.9792500000000013
45860,1.5856799999999998
45861,1.8885800000000013
45862,4.593737499999992
45863,2.623085699999999
45864,1.71378
45865,1.6643899999999994
45866,1.6506101000000002
45867,2.6584603
45868,1.9255800000000005
45869,1.9267507000000013
45870,1.6482600000000003
45871,1.1003603
45872,2.1761103999999993
45873,2.1286199999999993
45874,1.639899999999999
45875,2.065210000000002
45876,3.0248005000000013
45877,1.5519299999999996
45878,2.1244503999999993
45879,1.7011099999999986
45880,2.1988200999999985
45881,1.747170400000002
45882,2.8755626999999997
45883,1.7303500000000005
45884,4.608476599999992
45885,2.501530699999999
45886,2.1099599999999996
45887,1.7570201999999997
45888,3.153140199999998
45889,1.8199299999999992
45890,4.764618799999991
45891,1.9596307000000004
45892,2.1681702
45893,2.20301
45894,1.6312805000000006
45895,1.782210099999999
45896,1.5250905999999995
45897,1.5919100000000015
45898,1.7039899
45899,1.883471600000001
45900,1.9532602000000003
45901,1.5705600000000006
45902,1.4427900999999996
45903,2.9557102000000013
45904,2.2721700999999994
45905,1.7293901
45906,1.6537699999999995
45907,1.18624
45908,1.66244
45909,1.221250100000001
45910,1.5233
45911,2.2880100000000008
45912,1.6715499999999994
45913,2.050829999999998
45914,1.9556000999999994
45915,4.354885999999994
45916,1.3750600000000004
45917,2.0733204000000005
45918,2.5243503000000005
45919,1.69262
45920,1.7815300000000007
45921,2.5489209999999987
45922,1.678220199999999
45923,2.2775708999999997
45924,1.4148400000000008
45925,1.3588599999999988
45926,1.6828506000000005
45927,1.7541902999999996
45928,1.5442499999999992
45929,2.7286407
45930,2.194929999999998
45931,1.3193899999999992
45932,1.6475703999999995
45933,2.138750299999999
45934,2.3241205000000007
45935,2.0701100000000014
45936,1.289790400000001
45937,1.173450100000001
45938,1.5440599999999998
45939,1.418530000000001
45940,2.565099999999999
45941,1.40075
45942,4.018224299999997
45943,2.9222623999999993
45944,2.4428099999999984
45945,1.7336300000000002
45946,1.2837600000000007
45947,2.023500599999999
45948,2.357460299999999
45949,1.7277300000000004
45950,1.969070600000001
45951,1.820280100000002
45952,2.2011000999999992
45953,1.5344300999999994
45954,1.9332801000000017
45955,1.7570002000000011
45956,2.8881106999999986
45957,2.2492712999999984
45958,2.231149999999999
45959,2.5903708000000027
45960,2.1586402000000002
45961,2.0777800000000006
45962,1.7796599999999998
45963,2.7007010000000005
45964,3.1967499999999984
45965,1.8242199999999997
45966,2.1183801000000004
45967,2.7784200999999973
45968,1.6857200000000006
45969,1.49671
45970,2.3816800000000002
45971,2.3020399999999985
45972,4.530447099999993
45973,2.433919999999999
45974,2.071411
45975,1.3042100999999995
45976,2.12893
45977,1.6432199999999992
45978,1.7518605
45979,1.7164700000000008
45980,1.4335901000000004
45981,2.3300415000000014
45982,3.09056
45983,2.099060199999999
45984,3.061872899999997
45985,1.3764399999999997
45986,1.7870700000000006
45987,2.1073200000000005
45988,3.219241299999999
45989,1.8955099999999998
45990,2.192190399999998
45991,1.4797699999999994
45992,1.400909999999999
45993,1.4954903000000002
45994,2.5564501000000006
45995,1.9449700999999997
45996,2.005779999999999
45997,2.9150203
45998,1.86909
45999,1.456140000000001
46000,1.6530207000000003
46001,1.6441299999999996
46002,1.688840100000001
46003,2.544390400000001
46004,1.5397799999999993
46005,1.5205500000000003
46006,1.4278800000000007
46007,1.29549
46008,2.0272908999999997
46009,1.997790199999999
46010,1.650280000000001
46011,2.556710800000001
46012,1.6894000000000002
46013,1.4874802000000005
46014,1.4815
46015,2.0939110999999984
46016,2.518340300000002
46017,2.3159800000000006
46018,2.352700000000002
46019,1.179679999999999
46020,2.064409999999999
46021,2.5831799999999987
46022,2.4239102999999984
46023,2.6531200999999993
46024,1.7399402999999987
46025,1.6843100000000002
46026,1.6715699999999993
46027,1.6857700000000007
46028,1.3843900999999996
46029,1.1287500000000001
46030,3.637991399999998
46031,1.58116
46032,1.7618899999999997
46033,1.5885399999999998
46034,1.7964299999999989
46035,1.9518004000000002
46036,3.296100699999998
46037,1.6494599999999995
46038,1.5049599999999996
46039,2.1996302
46040,1.7980301000000003
46041,2.31179
46042,1.5946501000000008
46043,2.2365399999999998
46044,3.4397624
46045,3.032229999999999
46046,1.9416501000000006
46047,1.999560199999999
46048,1.40784
46049,1.5957500000000004
46050,1.7998700000000012
46051,1.6627400000000003
46052,3.3567211999999995
46053,2.059951100000001
46054,2.7394014999999996
46055,1.6968404000000006
46056,1.5920700000000008
46057,2.420789999999999
46058,1.9744908
46059,2.290740000000001
46060,2.0604199999999993
46061,1.3340199999999993
46062,1.413020100000001
46063,1.9650803000000006
46064,1.5076300000000002
46065,2.386229999999999
46066,0.9972600000000006
46067,2.1193401000000023
46068,1.6268500000000004
46069,2.165930399999998
46070,2.01506
46071,1.5494499999999995
46072,1.5437804999999996
46073,1.9535000000000002
46074,1.6861599999999988
46075,1.7834999999999996
46076,1.939350200000001
46077,1.9375700000000011
46078,1.9451999999999992
46079,1.5738604000000007
46080,2.3361305999999997
46081,1.8084707000000009
46082,2.614510800000001
46083,1.6567899999999995
46084,1.8659799999999993
46085,1.7516907000000013
46086,1.4371299999999994
46087,1.8340399999999986
46088,4.920006399999994
46089,1.634338333333333
46090,3.2646824999999997
46091,1.5779099999999984
46092,1.5672201999999986
46093,1.3265100000000023
46094,3.3009708000000004
46095,1.9671300000000005
46096,1.6875866666666672
46097,4.076725299999996
46098,1.3895801
46099,1.9584325
46100,1.4190999999999994
46101,1.8834301000000009
46102,1.7821501999999994
46103,1.9252201000000004
46104,1.68331
46105,3.772115399999998
46106,2.0869600999999993
46107,1.5771300000000008
46108,1.7383599999999995
46109,1.3585499999999993
46110,3.9702523
46111,1.546071
46112,2.8514202
46113,2.0037304000000002
46114,1.4376301000000005
46115,1.4595100000000005
46116,3.7254617000000003
46117,1.414810200000001
46118,3.6240803000000024
46119,2.1534915000000003
46120,3.0820841999999997
46121,2.1930100000000006
46122,2.0218201999999987
46123,2.289699999999998
46124,2.188091500000001
46125,2.211000699999999
46126,2.282390099999999
46127,1.686969999999999
46128,2.2148408
46129,4.337805899999995
46130,1.801050000000001
46131,2.722470199999998
46132,1.7510400000000006
46133,1.7762402000000008
46134,2.4212599999999997
46135,3.137183399999999
46136,1.6325700999999995
46137,3.5992116999999975
46138,2.292340100000001
46139,2.0287199999999994
46140,1.5964600000000004
46141,1.9446599999999987
46142,1.6356300000000004
46143,2.340770300000001
46144,1.958440100000001
46145,1.427909999999999
46146,2.1035799999999996
46147,1.3276202000000004
46148,2.2109200000000007
46149,1.9826499999999994
46150,2.3724005
46151,2.318330099999999
46152,1.6616403000000002
46153,2.381680000000001
46154,1.7089199999999998
46155,1.6766400000000001
46156,1.8159899999999993
46157,2.1118301999999995
46158,1.3715100000000005
46159,1.6559000000000004
46160,2.423509999999999
46161,2.5452803
46162,2.0218599999999998
46163,2.0823405000000026
46164,2.20631
46165,1.9715300000000004
46166,1.648900099999998
46167,2.33999
46168,2.820510100000001
46169,2.290810199999998
46170,1.4323403000000006
46171,2.160760300000001
46172,1.8680899999999994
46173,2.3896704000000004
46174,1.71946
46175,1.599350100000001
46176,1.9814403
46177,3.5163811999999965
46178,2.1410400000000007
46179,2.0294700000000008
46180,2.4345699999999995
46181,1.9250601
46182,1.4486400999999995
46183,1.8239400000000014
46184,2.5955421000000007
46185,2.1474203000000003
46186,2.317861299999999
46187,1.19929
46188,1.9763300999999995
46189,1.8011900999999995
46190,2.6390799999999985
46191,1.4582400000000002
46192,2.1623905999999984
46193,2.268779999999998
46194,1.6987800000000002
46195,2.112810100000001
46196,2.2952901
46197,2.344861900000001
46198,2.1288204
46199,1.6294699999999995
46200,2.4736700000000003
46201,3.8660430999999975
46202,1.4302900000000005
46203,2.630610700000001
46204,2.2369717000000007
46205,1.4988199999999992
46206,1.75062
46207,1.7541999999999995
46208,2.7149101000000027
46209,2.024530100000001
46210,1.4959500000000006
46211,1.4731900000000002
46212,1.7601001000000007
46213,1.6541899999999987
46214,1.7806202999999992
46215,1.5234299999999998
46216,1.11208
46217,2.5942201999999996
46218,1.8415199999999983
46219,1.704100000000001
46220,1.5837100000000002
46221,1.6411099999999994
46222,2.5101506000000016
46223,1.9695311000000004
46224,1.4340601000000002
46225,1.4932400999999993
46226,1.6668800000000004
46227,1.7615200000000006
46228,1.8276401000000002
46229,2.4126811
46230,1.7721299999999998
46231,1.6285700000000003
46232,2.850210200000001
46233,1.3053500999999996
46234,3.128829999999998
46235,1.593870300000001
46236,4.115064299999997
46237,1.8439502000000008
46238,1.7333702000000002
46239,1.9773207000000013
46240,2.2222102
46241,3.7640432999999955
46242,2.0221000000000022
46243,2.415810800000001
46244,2.4187803000000008
46245,1.9659400000000002
46246,1.5205000000000002
46247,3.8250526999999965
46248,1.79062
46249,2.060290000000002
46250,1.4765104000000009
46251,1.859039999999999
46252,2.820590000000001
46253,3.240421299999998
46254,1.8805203999999998
46255,1.94529
46256,1.8465403999999999
46257,1.8693202
46258,1.1782500999999999
46259,1.5191899999999998
46260,1.9200499999999991
46261,1.7896699999999999
46262,3.0942218999999977
46263,1.6264600000000013
46264,1.7375104
46265,1.8280399999999983
46266,1.0328300999999998
46267,1.674820000000001
46268,1.9607750000000002
46269,1.3354799999999996
46270,2.629790399999997
46271,2.0870403
46272,2.06709
46273,1.5254300000000003
46274,3.2025799999999993
46275,2.2915902
46276,3.554860299999999
46277,2.2475000000000014
46278,1.7213600999999992
46279,1.7882004000000007
46280,1.7515500000000006
46281,2.4651199999999998
46282,2.793528266666667
46283,1.7158204000000001
46284,1.6579100000000002
46285,1.8600000000000003
46286,1.6253900999999997
46287,1.5136600000000002
46288,2.260260699999999
46289,2.1229300000000006
46290,1.9507300999999992
46291,2.2776200000000006
46292,2.6989604999999997
46293,1.7005500000000005
46294,1.3564799999999997
46295,2.1403399999999997
46296,1.9655203000000014
46297,2.1349701
46298,1.8664399999999999
46299,1.0702000000000005
46300,1.48483
46301,1.790319999999999
46302,1.61222
46303,1.2603300000000004
46304,1.7942300999999987
46305,1.7800699999999998
46306,3.511051500000001
46307,1.505440000000001
46308,1.6448300000000007
46309,2.009889999999998
46310,1.70749
46311,1.8101903000000001
46312,1.75179
46313,3.0458203
46314,3.010811400000001
46315,2.1998303000000003
46316,1.46621
46317,1.9922302999999995
46318,2.214960500000001
46319,1.9246604999999988
46320,1.6088700000000002
46321,1.4268000999999995
46322,1.5916701
46323,2.1847501
46324,1.5823300000000002
46325,2.394299999999998
46326,1.7108299999999994
46327,2.2243400000000015
46328,1.9469699999999996
46329,1.9103299999999999
46330,1.806509999999999
46331,4.092872099999996
46332,1.9561499999999992
46333,3.343351599999998
46334,1.7773400000000001
46335,1.9218206000000004
46336,1.8720000000000008
46337,4.101751699999997
46338,1.5114900000000009
46339,4.562915399999996
46340,1.9344805000000016
46341,3.0607105999999984
46342,2.4370005
46343,2.19621
46344,1.7320401
46345,4.836208599999991
46346,1.65833
46347,1.4292304999999987
46348,1.8617300999999995
46349,1.7795008999999995
46350,1.7836407000000003
46351,1.3222200000000006
46352,1.4646502999999993
46353,2.7586401000000005
46354,2.12138
46355,1.922150099999999
46356,1.5050402999999986
46357,1.41207
46358,1.8849200999999993
46359,1.596831300000001
46360,1.3546699999999996
46361,1.8015400000000001
46362,1.7870199999999994
46363,2.20641
46364,2.4294800000000008
46365,1.9686705
46366,1.7445399999999995
46367,1.7980601
46368,2.454981400000002
46369,1.6264899999999998
46370,1.584440000000001
46371,1.6632099999999994
46372,1.6897802000000004
46373,2.1228307000000006
46374,2.2335301999999992
46375,1.3435500000000005
46376,2.371110400000002
46377,1.4702299999999997
46378,2.0051803000000006
46379,1.6621800000000002
46380,1.57768
46381,2.3984607
46382,2.1061332999999998
46383,2.864240999999998
46384,2.1652708999999994
46385,2.6568524999999994
46386,1.1997099999999994
46387,1.6890300000000005
46388,1.42003
46389,1.681050100000001
46390,2.3700004000000017
46391,2.4986800000000007
46392,1.9343299999999997
46393,1.6551501000000004
46394,1.2825700000000004
46395,2.291792500000001
46396,2.0472202999999984
46397,2.0006401
46398,1.75209
46399,2.051770099999999
46400,4.589647599999991
46401,2.6529422000000005
46402,1.6610800000000003
46403,1.5834200000000007
46404,2.2022401000000005
46405,1.7260900000000001
46406,2.4692304999999997
46407,1.7132199999999995
46408,2.4711299999999983
46409,2.943010300000002
46410,1.9101200000000018
46411,2.028770000000001
46412,1.858829399999999
46413,1.8262900000000004
46414,1.7997302000000002
46415,1.59157
46416,3.9941451999999957
46417,3.043300300000001
46418,2.2011299999999996
46419,1.5450800000000007
46420,2.0640604000000002
46421,1.5341100999999997
46422,3.5043031999999994
46423,2.0356800000000006
46424,1.7505703000000004
46425,1.8149101000000005
46426,1.9709799999999995
46427,2.4890113
46428,1.7409700000000006
46429,1.810229999999999
46430,1.4679100000000005
46431,2.3328701999999977
46432,2.14842
46433,1.6206800000000001
46434,3.0331010999999983
46435,2.511390199999998
46436,1.9248801000000006
46437,1.737590000000001
46438,1.7936904
46439,2.0394200999999974
46440,2.099760199999998
46441,2.2890400000000004
46442,3.9004638999999997
46443,2.0328200000000005
46444,1.6092608000000006
46445,1.7172501000000002
46446,1.3982101000000007
46447,2.498880499999998
46448,1.9376466666666647
46449,3.2735703000000007
46450,2.4004204000000007
46451,1.456330099999999
46452,1.657179999999999
46453,2.3298499999999986
46454,1.9812599999999998
46455,1.3508803000000003
46456,2.1401199999999987
46457,1.6443502000000012
46458,1.7936700000000017
46459,3.317852699999999
46460,2.044410199999998
46461,2.8085216000000006
46462,1.3318300000000007
46463,2.3620400000000017
46464,3.0968400999999983
46465,4.678556099999994
46466,1.2656299999999994
46467,1.5797706000000016
46468,2.4937801000000004
46469,1.9271002000000002
46470,1.42588
46471,1.3889201000000007
46472,1.428819999999999
46473,4.540756099999995
46474,1.1676099999999994
46475,1.2202105999999984
46476,1.3866300000000005
46477,1.4128499999999988
46478,1.5558799999999997
46479,2.1080801
46480,2.118200000000001
46481,3.2186018000000005
46482,2.424400699999999
46483,3.4090504000000044
46484,3.3264714999999985
46485,1.9964900000000008
46486,2.1950500999999987
46487,2.1315100000000005
46488,2.333630000000001
46489,2.02013
46490,1.28649
46491,1.6846602000000002
46492,2.8212004000000013
46493,2.2807420000000023
46494,2.2753
46495,2.43555
46496,1.3960499999999998
46497,1.6569700000000003
46498,2.4081999999999995
46499,1.6714299999999997
46500,3.4098139999999995
46501,1.4553499999999997
46502,1.980170100000001
46503,2.366359999999999
46504,2.0638804000000004
46505,1.6147201999999998
46506,1.8618100999999996
46507,1.5458900000000009
46508,1.839970100000001
46509,1.7086599999999998
46510,1.7065099999999993
46511,4.9129379999999925
46512,2.794131100000001
46513,1.2961799999999997
46514,1.654510000000002
46515,2.0307910000000002
46516,1.8492400000000007
46517,1.8163501999999996
46518,1.6127300000000009
46519,2.4938811
46520,1.1181899999999996
46521,1.6039900000000002
46522,1.3024401
46523,1.4771800000000002
46524,1.5429300000000006
46525,1.6746599999999998
46526,1.9220099999999989
46527,2.6378399999999975
46528,1.6273803000000007
46529,2.0255501999999996
46530,1.6577999999999995
46531,2.114860100000001
46532,1.8359801000000002
46533,3.2660018999999982
46534,1.8949101999999984
46535,4.651747199999992
46536,1.4673300999999987
46537,1.9756704999999999
46538,1.9112301000000023
46539,2.610520499999997
46540,1.5230900999999997
46541,1.9936501000000002
46542,1.5456800000000002
46543,1.5142408000000005
46544,1.9805400000000004
46545,2.3653199999999996
46546,1.7247000000000015
46547,1.9913406000000011
46548,1.040019999999999
46549,3.0155134000000015
46550,1.548580600000001
46551,1.8734000000000006
46552,3.5382004
46553,1.826379999999999
46554,2.881690400000001
46555,2.4938499999999983
46556,1.3800600000000005
46557,1.4173500000000003
46558,1.5372000000000008
46559,3.405260599999995
46560,2.044861000000001
46561,1.7827900000000005
46562,1.6339101000000007
46563,1.6305400000000008
46564,3.0539923
46565,1.5033599999999985
46566,4.619006499999993
46567,1.8945800000000004
46568,2.894820500000001
46569,1.2709800000000002
46570,1.768539999999999
46571,1.7515401000000004
46572,1.4751199999999989
46573,1.68496
46574,1.6890299999999991
46575,1.843230000000001
46576,1.953780100000001
46577,2.3744599999999987
46578,1.75361
46579,1.7985599999999993
46580,1.4505100000000002
46581,1.9191699999999985
46582,1.5952401000000007
46583,4.101134099999995
46584,1.9444301000000008
46585,1.8177005999999993
46586,1.67654
46587,1.3174399999999997
46588,1.3615899999999996
46589,3.178503199999998
46590,1.6229508000000015
46591,1.4994700000000003
46592,1.8918100999999994
46593,1.6260702
46594,3.1454026999999978
46595,2.904200399999999
46596,1.6694300000000006
46597,1.6073203000000011
46598,1.5915701000000002
46599,1.7852099999999993
46600,1.5470601000000004
46601,1.822740100000001
46602,1.5188100000000002
46603,1.7230000000000008
46604,3.4421624999999985
46605,1.8296202000000006
46606,1.5540599999999996
46607,1.7023805999999992
46608,1.1762199999999992
46609,1.3987299999999991
46610,1.6110605
46611,1.8272506000000002
46612,1.8759799999999973
46613,1.6390000000000002
46614,1.1797204000000008
46615,1.8499700000000003
46616,0.8840499999999993
46617,1.82945
46618,1.7352099999999988
46619,2.2768702999999992
46620,2.9262100000000015
46621,1.7292799999999997
46622,1.3549999999999995
46623,1.8642699999999996
46624,1.8672304000000006
46625,2.446510000000002
46626,1.6536999999999995
46627,1.9669405999999996
46628,1.647460000000001
46629,1.9529099999999988
46630,2.1703806000000005
46631,1.571200400000001
46632,1.7499900999999998
46633,1.7792001
46634,2.706560099999999
46635,2.160820200000001
46636,3.0813711999999986
46637,1.6699207999999988
46638,3.072671299999998
46639,1.8568600000000004
46640,1.7031699999999999
46641,2.2059099999999994
46642,1.634740000000001
46643,1.9692399999999994
46644,2.01102
46645,1.5797299999999987
46646,1.9819199999999983
46647,2.356600900000001
46648,1.8437709000000009
46649,2.262470000000001
46650,1.3799300000000003
46651,2.2265706000000005
46652,1.8957799999999982
46653,1.6528099999999986
46654,1.3632600999999993
46655,2.6983700999999973
46656,2.628750799999997
46657,1.15125
46658,2.610464999999999
46659,1.5141301000000005
46660,3.7252311000000002
46661,3.0173299999999985
46662,2.1480100000000006
46663,2.2200799999999985
46664,1.8555800999999987
46665,1.9603600999999993
46666,3.580020600000001
46667,2.7023899999999994
46668,1.3481100000000006
46669,1.1152099999999994
46670,3.5729920999999973
46671,3.6886934999999976
46672,2.2998204999999983
46673,1.7473299999999998
46674,2.9363500999999967
46675,1.6389799999999997
46676,4.672747299999992
46677,3.1985023999999993
46678,1.9506900000000003
46679,2.3822500000000013
46680,1.8364699999999998
46681,1.3749999999999998
46682,3.2178648999999973
46683,2.7580303
46684,2.5419115
46685,1.7842299999999998
46686,2.5404603
46687,2.0630906999999996
46688,2.6494310000000003
46689,3.742812000000001
46690,2.1907901000000005
46691,1.6604702999999987
46692,2.7006006999999994
46693,3.4692907999999987
46694,1.5101899999999993
46695,1.7462399999999996
46696,1.4951700000000003
46697,2.199280200000001
46698,2.0555900000000005
46699,1.8215299999999999
46700,2.0961901000000003
46701,1.6522499999999984
46702,1.658459999999999
46703,1.7549300000000003
46704,2.431500000000001
46705,1.6167399999999998
46706,1.5226
46707,1.3636099999999993
46708,1.60713
46709,2.243179999999999
46710,1.01801
46711,2.029650900000001
46712,2.1746714000000007
46713,2.1375000000000015
46714,3.6516436999999993
46715,2.151000199999999
46716,2.3625005999999984
46717,1.6055200999999997
46718,3.8991422000000004
46719,2.1781200000000003
46720,1.7983600999999974
46721,1.833750400000001
46722,1.5399399999999992
46723,1.9820802000000004
46724,1.50522
46725,2.7476600000000024
46726,1.4696399999999994
46727,1.7269200999999998
46728,2.020880000000001
46729,1.6614399000000004
46730,2.3159020000000003
46731,1.5818300000000005
46732,4.486636099999993
46733,1.5294200999999992
46734,2.436721500000001
46735,1.622810100000001
46736,1.6817199999999999
46737,4.935009299999989
46738,1.9006399999999988
46739,2.0617600000000005
46740,2.0643801999999996
46741,1.9087202000000005
46742,1.9074700000000007
46743,1.477149999999999
46744,1.98348
46745,1.0900999999999998
46746,3.1455011999999996
46747,1.9719601000000002
46748,1.7930300000000003
46749,1.7759302999999997
46750,1.8855199999999988
46751,2.8227402999999986
46752,2.0966599999999995
46753,1.4535599999999997
46754,2.1691709000000015
46755,1.0664099999999999
46756,1.0933000000000004
46757,3.0207402000000014
46758,1.6939799999999992
46759,1.8808099999999996
46760,2.748720300000002
46761,1.6867899999999991
46762,1.6075403999999995
46763,1.6570102000000009
46764,1.7748100000000002
46765,1.790771299999999
46766,2.7430500999999996
46767,1.9891900000000005
46768,1.8372599999999997
46769,1.8592100000000005
46770,1.5880001000000004
46771,2.6841001999999996
46772,1.7639801
46773,2.8629410999999987
46774,3.076090400000002
46775,2.0407902
46776,4.435323599999995
46777,2.61875
46778,1.4130400000000003
46779,4.722118499999991
46780,1.52268
46781,1.6122604000000016
46782,1.6241900000000007
46783,2.7400720000000014
46784,1.5311200999999997
46785,2.01491
46786,1.8449102000000008
46787,4.597796599999992
46788,2.1655
46789,1.56088
46790,2.296549999999999
46791,2.4114916
46792,1.3582700000000005
46793,2.075660000000001
46794,1.809209999999999
46795,1.5167701000000002
46796,2.0879599999999994
46797,1.7789000000000001
46798,1.0738899999999993
46799,1.7915203999999993
46800,2.703810000000002
46801,3.4134329
46802,1.6613800999999997
46803,1.6156703999999984
46804,2.155150200000002
46805,4.272654799999995
46806,1.094020000000001
46807,1.5294950000000005
46808,2.005470000000001
46809,1.6764700000000006
46810,1.63639
46811,1.9159402999999997
46812,3.0597731999999986
46813,1.8571399999999998
46814,1.8038099999999997
46815,2.465029999999997
46816,3.873144799999999
46817,1.70145
46818,1.8901899999999998
46819,1.5668300999999998
46820,1.4504600000000003
46821,3.420200100000002
46822,1.3681305999999995
46823,1.6735310000000008
46824,2.222270000000002
46825,2.644510299999999
46826,2.6724800999999996
46827,1.6022502999999995
46828,3.0063101999999997
46829,1.43702
46830,2.4001599999999996
46831,1.940660000000002
46832,1.60856
46833,1.6592899999999988
46834,2.0021801999999997
46835,4.410534299999996
46836,1.9739600000000004
46837,1.4220200000000007
46838,2.922112000000001
46839,3.4163835999999987
46840,1.963490500000001
46841,2.272780000000002
46842,1.4664700999999993
46843,1.5365204
46844,1.6341300000000007
46845,1.5961799999999997
46846,1.8638199999999991
46847,1.6435702999999997
46848,2.1448599999999995
46849,1.2875099999999995
46850,2.095325000000001
46851,3.2820206999999986
46852,1.8636800999999996
46853,1.1060099999999997
46854,1.9870599999999994
46855,1.801060000000001
46856,2.113790099999999
46857,2.230500100000001
46858,1.7943400000000014
46859,1.4688700000000006
46860,1.8779803000000015
46861,1.7991401000000014
46862,2.9394105999999987
46863,1.9169500999999998
46864,3.251451599999997
46865,1.8611199999999999
46866,2.0985700999999986
46867,1.6567600999999996
46868,2.270370399999999
46869,2.871260100000001
46870,1.4649200000000002
46871,1.2137400999999997
46872,1.7101700000000002
46873,2.3450100999999997
46874,3.062111699999998
46875,1.2091000000000012
46876,2.5467703999999993
46877,2.1008003000000013
46878,2.251380000000003
46879,1.2507699999999993
46880,1.9098899999999994
46881,3.5313415999999984
46882,1.6030802000000002
46883,1.5812099999999996
46884,1.6175601000000013
46885,2.4752301
46886,1.81168
46887,1.4998599999999995
46888,2.432826666666667
46889,1.8422701000000004
46890,2.0261500999999993
46891,1.5538102
46892,1.653180000000001
46893,2.297649999999999
46894,1.6492499999999994
46895,1.3565199999999993
46896,2.2852202999999993
46897,1.833950200000001
46898,1.6395001999999996
46899,2.8164401000000003
46900,1.3304299999999991
46901,1.8176999999999999
46902,2.3646112999999995
46903,1.840070099999999
46904,2.048301000000001
46905,2.1464616
46906,2.145179999999999
46907,1.20934
46908,1.8324399999999994
46909,1.9573599999999995
46910,1.744969999999999
46911,2.6504610999999985
46912,2.7340499999999976
46913,3.0970011999999993
46914,1.7265699000000003
46915,1.5937699999999992
46916,1.7326901000000001
46917,1.897860500000002
46918,2.10727
46919,2.210121400000001
46920,2.2511599999999983
46921,2.7425005000000002
46922,1.8100801999999998
46923,3.992085399999995
46924,4.946849699999989
46925,1.74722
46926,2.6092706000000008
46927,2.21656
46928,1.4031200000000001
46929,2.432280500000002
46930,1.1162801
46931,1.9612303
46932,2.322900000000002
46933,2.3554904999999984
46934,1.9023199999999982
46935,2.001820000000001
46936,1.6321299999999996
46937,1.5352903000000004
46938,2.087250000000001
46939,3.135864299999999
46940,4.009422199999999
46941,2.0688700000000013
46942,2.1446899999999998
46943,1.8640299999999999
46944,1.5200903000000008
46945,2.7497800999999953
46946,1.378930000000001
46947,1.67798
46948,2.858120000000001
46949,1.6248199999999986
46950,1.5201999999999998
46951,2.05144
46952,1.9864374999999992
46953,1.44481
46954,2.02426
46955,2.7030003
46956,1.9948508000000011
46957,2.589800499999999
46958,1.855429999999999
46959,4.262984199999995
46960,4.307176399999993
46961,2.409440600000001
46962,1.2150500000000002
46963,1.93318
46964,1.9507900000000007
46965,1.3315699000000003
46966,1.60077
46967,2.3762103000000003
46968,2.0351600000000007
46969,3.3927567
46970,2.978769999999999
46971,1.3574100000000002
46972,1.6852800000000008
46973,1.4476199999999997
46974,2.986920500000002
46975,1.6159799999999993
46976,1.899026666666668
46977,2.4968623999999995
46978,1.5388997999999998
46979,2.171530000000001
46980,1.7864699999999991
46981,1.9669599999999994
46982,2.3764705
46983,2.3062499999999986
46984,1.5193601000000008
46985,1.7759199999999993
46986,1.5679000000000005
46987,1.5789399999999991
46988,1.9030199999999993
46989,1.7845299999999993
46990,2.2899199999999986
46991,1.5805605
46992,1.5601600000000002
46993,1.6813399999999994
46994,2.9204909999999984
46995,1.8010700999999987
46996,1.7145301000000008
46997,2.2181200000000003
46998,2.2652300000000003
46999,2.4350901
47000,1.937999999999999
47001,1.3858200000000007
47002,1.711169999999999
47003,1.9350299999999996
47004,4.801778299999992
47005,2.437549999999999
47006,3.164299999999999
47007,3.414480200000002
47008,1.2491499999999998
47009,2.0307300999999995
47010,2.4712900000000007
47011,1.6414599999999993
47012,3.9459445999999962
47013,1.0811601000000002
47014,2.1123599999999993
47015,2.903709999999998
47016,1.831769999999999
47017,1.6742399999999988
47018,2.191710100000001
47019,2.9688722000000007
47020,2.3171304999999984
47021,2.6197619000000016
47022,2.473570400000001
47023,1.4185401
47024,2.4740800000000003
47025,1.3617849999999996
47026,1.4356300000000013
47027,2.7834803999999984
47028,2.2701508
47029,1.3627503
47030,3.0051816999999983
47031,1.7789499999999985
47032,1.9587700000000003
47033,3.629671999999999
47034,1.7692795000000003
47035,3.4430911000000033
47036,1.3661900000000011
47037,1.7064010000000014
47038,1.5413100000000002
47039,1.6647000000000005
47040,2.362939999999999
47041,2.4394400000000007
47042,1.62083
47043,2.1655700000000007
47044,2.2799212000000026
47045,2.0735099999999993
47046,2.0824608000000016
47047,1.8872300000000006
47048,1.495090000000001
47049,1.4361603000000005
47050,1.3743701000000004
47051,0.91715
47052,1.3262200000000013
47053,1.6801199999999983
47054,2.234130100000002
47055,1.9942804
47056,2.0987109999999998
47057,1.4346600000000003
47058,2.431940000000001
47059,1.7778900000000004
47060,1.5022002000000003
47061,1.9245799999999997
47062,1.9458000000000004
47063,3.1652700999999994
47064,1.8147300999999993
47065,2.8446300000000013
47066,2.6384811999999993
47067,1.6744599999999994
47068,2.997802299999999
47069,2.6785612000000008
47070,1.669540099999999
47071,2.1058713999999994
47072,1.6256899999999999
47073,2.8047809
47074,2.852740100000001
47075,1.9264003999999995
47076,2.2962202999999994
47077,1.7102199999999994
47078,1.6675002000000012
47079,1.9717199999999988
47080,1.7919799999999995
47081,2.1792704000000005
47082,1.8859000000000001
47083,1.8819899999999985
47084,1.5364701999999995
47085,1.6356100000000005
47086,2.7572514999999993
47087,1.5329900000000007
47088,2.22627
47089,1.7047300000000005
47090,2.0304502999999996
47091,1.9584401000000005
47092,2.0823000999999994
47093,1.8559906999999998
47094,1.8630900000000004
47095,1.8755901999999998
47096,1.66976
47097,2.499380000000001
47098,1.4301399999999986
47099,1.3361499999999986
47100,2.7413599999999985
47101,2.998021199999999
47102,1.3790400000000012
47103,2.3378409
47104,1.3762701000000013
47105,3.413842099999997
47106,1.7550401
47107,1.40661
47108,2.1150000000000015
47109,2.6759617999999987
47110,4.051364699999997
47111,2.2118809
47112,1.5596099999999995
47113,3.0676816000000007
47114,1.55362
47115,2.0706305999999994
47116,1.2770202000000008
47117,2.601680100000002
47118,1.7968501000000006
47119,1.6986600999999997
47120,1.353659999999999
47121,2.3934799999999985
47122,2.9502203999999996
47123,1.263889999999999
47124,1.9261399999999984
47125,2.0364400000000007
47126,2.2074001000000014
47127,1.8136506000000008
47128,2.073130499999999
47129,1.9607599999999996
47130,2.000270000000001
47131,2.099689999999999
47132,1.8869900000000004
47133,1.5084602000000011
47134,1.348410000000001
47135,2.081950100000002
47136,1.6793202
47137,2.5095
47138,1.7453900999999998
47139,1.6827101000000002
47140,1.5763899999999986
47141,1.9927899999999994
47142,4.218785899999997
47143,1.7063504
47144,2.492681100000001
47145,2.36332
47146,1.2727099999999996
47147,1.8547999999999982
47148,2.399660100000001
47149,1.8182899999999984
47150,2.505220699999998
47151,1.9062203
47152,2.5973229
47153,1.7509800000000004
47154,2.4488900000000005
47155,4.221225099999994
47156,1.796010300000001
47157,1.3114305000000002
47158,2.1511800999999995
47159,1.4233599999999997
47160,2.081900000000001
47161,1.9742807999999998
47162,1.5168000999999993
47163,1.7994299999999996
47164,2.309539999999999
47165,1.8622700000000003
47166,1.7027400000000004
47167,1.648330600000001
47168,3.584061799999996
47169,1.8871701
47170,1.4894901999999994
47171,1.6422502
47172,1.4818599999999997
47173,1.754570000000002
47174,2.8950899999999984
47175,1.3091701000000007
47176,1.7564199999999999
47177,2.1806101000000027
47178,2.0487712
47179,1.9985399999999995
47180,1.9380202999999994
47181,2.022710000000001
47182,2.4094400000000014
47183,2.6934023999999988
47184,1.8195299999999992
47185,2.0786599999999975
47186,1.6756399999999996
47187,1.2033201
47188,1.3985099999999997
47189,1.8649800000000005
47190,1.4091800999999997
47191,2.0619004
47192,1.2477599999999993
47193,2.8128001000000014
47194,1.6960103000000002
47195,2.335330100000001
47196,1.8227703000000017
47197,1.4218800000000003
47198,3.5341222000000005
47199,1.6417004999999998
47200,2.2337903000000003
47201,2.25349
47202,2.8397506
47203,1.8411003000000006
47204,1.7520003
47205,2.2319700999999994
47206,2.2668902999999996
47207,3.123490499999998
47208,1.7534599999999996
47209,3.7405117000000008
47210,3.232992399999998
47211,1.9573004
47212,1.7361202
47213,1.3423799999999995
47214,1.548379999999999
47215,3.0730710999999973
47216,1.1421800000000004
47217,2.295970200000001
47218,1.9572100000000006
47219,2.346195049999999
47220,2.2533800000000004
47221,2.01469
47222,2.0500100999999993
47223,4.610437599999994
47224,2.2384004
47225,1.5055800000000001
47226,2.302111399999999
47227,1.8173306999999992
47228,1.6509699999999998
47229,1.3550201
47230,1.6749201
47231,1.1449300000000013
47232,2.3775220000000004
47233,1.3191699999999997
47234,1.5008400000000004
47235,1.79835
47236,1.6815600000000008
47237,1.8706300000000007
47238,2.777121800000001
47239,2.0157000000000007
47240,1.0507600000000006
47241,1.5069799999999998
47242,3.9185730999999953
47243,2.19328
47244,1.68749
47245,2.137359999999999
47246,1.6858300000000002
47247,1.5144301999999996
47248,2.0812603000000007
47249,1.5105802999999995
47250,1.8740501999999981
47251,2.2162412000000007
47252,2.993319999999999
47253,2.2444700999999987
47254,1.9487699999999988
47255,0.9958106999999999
47256,1.7803899999999997
47257,1.1051199999999997
47258,2.6662220000000008
47259,2.0245201000000024
47260,1.66681
47261,1.5157200000000006
47262,1.2559499999999992
47263,2.6787200000000007
47264,3.4633508999999987
47265,1.9620900000000001
47266,1.7856101999999998
47267,2.2294902000000016
47268,1.983021300000001
47269,1.8004502000000004
47270,2.212780100000003
47271,1.6330300000000002
47272,2.5003799999999994
47273,1.5595002999999996
47274,2.9505803999999993
47275,1.2658700000000005
47276,2.614350099999998
47277,1.8622834333333314
47278,1.5005001999999996
47279,1.7679802999999996
47280,2.098360000000001
47281,1.8459907000000009
47282,1.5897999999999999
47283,2.113960300000001
47284,2.3029000999999973
47285,2.5996899999999994
47286,1.8837700000000004
47287,2.6418302999999996
47288,1.9339102
47289,2.1817009999999994
47290,1.5549701000000002
47291,1.5974300000000008
47292,2.7705004999999994
47293,2.580399999999999
47294,2.4321100000000007
47295,2.1245099999999995
47296,2.555200399999999
47297,2.998010499999998
47298,2.294120000000002
47299,1.5057800000000003
47300,1.629171300000001
47301,1.8548899999999977
47302,1.5496500999999996
47303,2.04615
47304,2.4686255
47305,1.5369801000000003
47306,2.0205899999999994
47307,4.512187299999991
47308,2.9229205000000014
47309,2.1651700000000003
47310,1.5239699999999985
47311,1.7311600000000007
47312,1.4389900000000009
47313,1.4627800000000002
47314,1.8754901999999989
47315,1.8342199999999997
47316,2.099379999999999
47317,1.2591802000000003
47318,1.7940500000000004
47319,1.9191903
47320,1.7648201999999997
47321,3.9671937999999987
47322,4.111113199999997
47323,2.3490203000000003
47324,3.206350800000002
47325,1.7975900000000005
47326,2.4268708000000028
47327,2.687572966666666
47328,1.3189003999999995
47329,1.9446499999999998
47330,2.4891801
47331,2.047530000000001
47332,3.5344308000000018
47333,2.1854099999999996
47334,4.252955999999996
47335,1.2407200000000007
47336,1.8049003999999993
47337,1.8334000999999998
47338,1.48105
47339,1.6766400999999989
47340,1.9087
47341,1.938849999999999
47342,2.1907003000000005
47343,1.3193199999999996
47344,1.4830500000000004
47345,1.8479999999999996
47346,1.9466808000000007
47347,2.839820600000002
47348,1.2991399999999995
47349,1.8538600000000016
47350,1.9420500999999997
47351,1.1401600000000007
47352,2.2410305999999993
47353,1.70488
47354,3.977890399999996
47355,3.4832531999999996
47356,1.731360400000001
47357,3.8248520000000004
47358,4.198073400000002
47359,1.5141100000000005
47360,4.724018499999992
47361,1.5783699999999994
47362,1.6886499999999995
47363,2.970342
47364,3.338524399999999
47365,1.84778
47366,1.9945600000000006
47367,1.5515999999999996
47368,1.4064400000000004
47369,1.6991300000000011
47370,1.994810099999999
47371,1.4035499999999999
47372,2.0455501999999983
47373,2.155911000000001
47374,2.09654
47375,2.0485500000000005
47376,2.117709999999999
47377,1.6970900000000002
47378,3.873812199999999
47379,1.68096
47380,2.3069204000000014
47381,1.9224302000000002
47382,1.635689999999999
47383,2.381110000000002
47384,3.8624628999999966
47385,1.6109700000000005
47386,2.1666212000000016
47387,1.4982502000000018
47388,1.7030700000000005
47389,1.857630600000001
47390,1.80369
47391,2.736640099999999
47392,2.7652615000000007
47393,1.4566900000000005
47394,1.44885
47395,1.4382500000000003
47396,1.58925
47397,4.2955048999999965
47398,3.4273800000000034
47399,1.6243300000000005
47400,1.9454000000000002
47401,1.4450700000000005
47402,3.784084399999997
47403,1.8219699999999994
47404,4.227254399999996
47405,2.5429207
47406,1.0625633333333324
47407,1.1453499999999996
47408,1.4370700999999995
47409,2.1771203
47410,1.5710100000000011
47411,1.8612699999999995
47412,1.801290000000001
47413,3.7252003
47414,1.75057
47415,1.8296600000000007
47416,1.5412399999999986
47417,1.4541804000000005
47418,1.73299
47419,1.72976
47420,2.2264701000000016
47421,1.9002699999999992
47422,3.1587307000000027
47423,1.696290833333332
47424,2.116960000000001
47425,2.03638
47426,1.5273600999999997
47427,2.2105007000000008
47428,2.1999399999999985
47429,2.1837200000000005
47430,2.3566599999999993
47431,2.3895399999999993
47432,1.74042
47433,3.5930513999999976
47434,1.4263499999999987
47435,1.9041500000000002
47436,3.639252699999999
47437,1.7508600000000003
47438,2.7667800000000007
47439,2.4924213
47440,2.5204500000000003
47441,1.9091999999999993
47442,3.4829701999999996
47443,1.5715899999999992
47444,1.8873300000000008
47445,3.7984106999999985
47446,1.7062203
47447,2.6109499999999985
47448,1.8476403999999997
47449,4.922389199999989
47450,3.5167818000000013
47451,1.6587205000000005
47452,2.9051600000000013
47453,1.7012704000000005
47454,3.0772033000000003
47455,2.4895704000000016
47456,1.6697500000000003
47457,2.083310199999998
47458,1.7772202999999989
47459,1.5572199999999996
47460,2.135880000000002
47461,1.5802300000000005
47462,2.250193000000001
47463,1.5390599999999992
47464,4.262296299999994
47465,2.113879999999999
47466,1.3578499999999991
47467,1.2633700000000005
47468,1.6374100000000005
47469,1.9568133333333326
47470,1.4824703999999995
47471,1.8925808999999998
47472,1.1863400000000002
47473,1.5277300000000005
47474,1.8784099999999992
47475,1.5272900000000005
47476,4.269765799999995
47477,2.1589603000000013
47478,1.6057700000000004
47479,2.2337499999999997
47480,3.0531001999999994
47481,1.64051
47482,2.7279501000000024
47483,3.965882899999998
47484,1.6551300000000004
47485,2.0376505
47486,2.030550700000001
47487,1.9026299999999994
47488,1.014790099999999
47489,2.1391599999999986
47490,1.84583
47491,1.7002899999999996
47492,2.209769999999999
47493,1.067650000000001
47494,1.484660000000001
47495,1.7320599999999997
47496,1.8314399999999997
47497,1.8842305999999984
47498,2.029540500000002
47499,1.998330000000002
47500,1.6026801000000004
47501,1.6011900000000003
47502,1.8445399999999998
47503,1.9026400000000008
47504,2.3447000000000005
47505,1.58053
47506,1.634461
47507,1.9700699999999995
47508,1.74167
47509,1.860810000000001
47510,1.8488599999999997
47511,2.1609300000000013
47512,2.6272202999999994
47513,1.6907600000000012
47514,1.9255104000000012
47515,1.5628199999999994
47516,1.2608300000000006
47517,3.5609218
47518,2.9679000000000006
47519,1.58626
47520,2.1604807000000013
47521,2.6713299999999998
47522,3.6162046999999973
47523,1.9408600000000007
47524,1.6233999999999995
47525,2.4527166666666655
47526,1.1687400000000003
47527,1.6549399999999992
47528,1.3059301000000008
47529,1.44193
47530,1.4475900000000002
47531,1.542429999999999
47532,1.56502
47533,1.2938399999999992
47534,1.7540399999999996
47535,1.702790000000001
47536,2.1158800000000015
47537,2.5223800000000014
47538,4.716035799999993
47539,1.6905299999999988
47540,2.03388
47541,2.275389999999999
47542,1.5366
47543,2.1246701999999993
47544,2.0030309
47545,1.7493102999999999
47546,2.07984
47547,1.754469999999999
47548,2.3705501999999994
47549,1.8605933333333338
47550,2.5476900000000002
47551,2.1443700000000003
47552,1.756660200000001
47553,2.281210400000001
47554,1.710930399999999
47555,1.9486301000000008
47556,1.7693199999999993
47557,1.1397
47558,1.2768900000000003
47559,2.20046
47560,1.9048901
47561,2.5068903999999983
47562,1.5004499999999996
47563,1.6789599999999996
47564,1.9599104999999997
47565,2.3089817
47566,2.7126700000000006
47567,2.2781100000000007
47568,2.2205603000000007
47569,1.4653301000000007
47570,2.3541600000000007
47571,4.040724399999997
47572,1.557330000000001
47573,2.264219999999998
47574,1.5942600000000011
47575,1.891621100000001
47576,1.6939402
47577,1.3766800000000003
47578,2.3329102999999973
47579,2.0419701
47580,2.0530213
47581,1.4698799999999994
47582,2.4405101000000022
47583,1.7322699999999989
47584,1.4540902000000009
47585,2.1133507999999996
47586,3.970650200000002
47587,1.7187205000000003
47588,2.262560600000001
47589,1.2248301000000001
47590,1.09284
47591,1.8128502999999991
47592,3.1070605999999983
47593,1.9727700000000001
47594,2.336742800000002
47595,2.190060100000001
47596,1.7758714999999998
47597,1.663600299999999
47598,1.1223099999999997
47599,2.6638707999999998
47600,2.1026900000000013
47601,1.8319800999999998
47602,1.5518303
47603,1.4039399999999995
47604,1.668849999999999
47605,1.973790000000001
47606,1.3027400999999998
47607,0.9412599999999999
47608,1.831389999999999
47609,2.434460200000001
47610,2.2610201
47611,2.8562210000000015
47612,1.9750199999999998
47613,2.0082501000000024
47614,1.6109399999999985
47615,1.372140399999999
47616,3.8286624999999996
47617,2.715140000000001
47618,1.5387699999999993
47619,1.70614
47620,1.4674899999999993
47621,1.3603099999999995
47622,2.8577303000000014
47623,2.2505300999999993
47624,2.6772604999999983
47625,3.063620999999999
47626,2.4896999999999987
47627,3.247611799999998
47628,1.3758899999999992
47629,2.33554
47630,1.4589200000000009
47631,4.312745599999993
47632,1.5420599999999993
47633,2.4976719000000007
47634,2.189191100000001
47635,1.3628100000000003
47636,1.53999
47637,2.260609999999999
47638,2.0584304
47639,2.1641915
47640,1.4761800999999999
47641,1.2362
47642,1.9133399999999994
47643,3.7402933999999974
47644,1.5031699999999995
47645,1.9362000000000001
47646,1.382920099999999
47647,1.8654601000000002
47648,3.2523308999999996
47649,1.4593201000000013
47650,2.1525508999999996
47651,1.8430103000000013
47652,1.8823002
47653,1.55123
47654,1.1661000000000006
47655,1.7683199999999997
47656,2.5240129
47657,2.0558901000000005
47658,2.164020300000002
47659,1.9037900999999982
47660,3.541701799999998
47661,1.4680805000000001
47662,1.2444899999999988
47663,0.9937700999999995
47664,3.2601506000000002
47665,1.2942899999999997
47666,3.4276733999999953
47667,1.85965
47668,1.3871700999999994
47669,2.008390100000001
47670,2.2370201000000005
47671,1.7104499999999996
47672,1.4240799999999998
47673,1.7195500000000001
47674,1.6013305000000002
47675,1.8877015000000006
47676,1.5447704000000002
47677,2.1063206
47678,2.2073901999999985
47679,1.549900000000001
47680,2.6076422000000004
47681,1.4748503999999993
47682,3.890263299999999
47683,1.0430000000000001
47684,2.2908801
47685,1.370679999999999
47686,1.6983200999999994
47687,1.3652102
47688,1.81763
47689,1.4749401999999996
47690,1.5202401999999997
47691,1.1588201
47692,2.3411799999999987
47693,2.001910199999999
47694,1.5792700000000004
47695,1.8258506999999993
47696,1.2723500000000003
47697,1.9271902
47698,1.7487000000000004
47699,1.3701199999999998
47700,1.6449200000000002
47701,1.5501700000000014
47702,4.309194199999996
47703,2.654539999999999
47704,1.9395599999999984
47705,1.5205300000000015
47706,1.9577899999999988
47707,1.9450002000000013
47708,1.6173009999999994
47709,1.5697900000000007
47710,2.2056900000000015
47711,2.2105311000000007
47712,1.459369999999999
47713,2.276520500000001
47714,1.4148203000000001
47715,2.9659733
47716,2.112980299999999
47717,1.6105699999999996
47718,1.6803299999999992
47719,1.5039805999999993
47720,1.8868999999999985
47721,1.3527900999999998
47722,2.24935
47723,1.6886799999999982
47724,2.1158205000000003
47725,2.046479999999998
47726,3.066584299999997
47727,1.4217703
47728,1.6975499999999997
47729,2.437520299999999
47730,3.1656900999999995
47731,2.1188699999999994
47732,2.9181904000000003
47733,1.7080400000000002
47734,1.4880500000000005
47735,1.6655600000000006
47736,3.620842499999999
47737,2.40392
47738,1.8808301000000005
47739,1.8326000000000016
47740,1.8370399999999996
47741,1.5157399999999999
47742,1.7111999999999994
47743,3.441630500000001
47744,2.3674207000000003
47745,1.3991201000000004
47746,2.4501605
47747,2.0194307000000005
47748,2.7750600000000003
47749,2.1516199999999994
47750,2.254140500000001
47751,3.004132699999999
47752,2.444710400000001
47753,1.8345099999999994
47754,2.7691700000000004
47755,4.699916699999995
47756,1.5713309000000013
47757,1.656570500000001
47758,3.5212516
47759,1.6917898000000002
47760,3.5430528999999966
47761,1.6308899999999988
47762,1.7051899999999995
47763,1.8507100000000003
47764,1.4519700000000002
47765,2.0014799999999995
47766,1.6641699999999995
47767,1.895390000000001
47768,2.1535906000000002
47769,1.6672099999999999
47770,2.0900399999999992
47771,3.2145911999999988
47772,1.6196500000000011
47773,1.3909899999999995
47774,2.16036
47775,1.4094400000000002
47776,1.42149
47777,1.979229999999998
47778,1.8710203999999988
47779,1.9138404999999998
47780,2.0310200000000007
47781,1.6430500000000001
47782,2.0806917999999994
47783,3.2716308999999977
47784,3.569311299999999
47785,4.122692999999997
47786,2.2670299999999988
47787,1.6057800000000002
47788,1.7520975999999993
47789,1.382000699999998
47790,1.6415806000000006
47791,2.6722104
47792,2.666729999999999
47793,2.4983413999999997
47794,1.3456499999999993
47795,2.1217501000000003
47796,2.5927702000000017
47797,1.6769999999999994
47798,1.3846402
47799,1.5136303
47800,2.994481099999999
47801,3.167351699999999
47802,3.620050800000003
47803,2.1347302999999984
47804,1.9153099999999998
47805,1.6759000000000008
47806,1.4851500000000002
47807,1.5296600999999992
47808,1.86752
47809,3.222810200000002
47810,1.6609999999999987
47811,2.2808216000000003
47812,2.7005109999999997
47813,1.595309999999999
47814,2.0435001999999987
47815,1.6423599999999998
47816,1.8233902000000017
47817,1.9849301999999995
47818,1.6338499999999996
47819,2.453760000000001
47820,1.9655203000000006
47821,3.9851313
47822,1.4229299999999991
47823,1.9818399999999996
47824,1.7268599999999994
47825,2.2138699999999987
47826,1.65217
47827,2.2396601000000005
47828,2.3245017000000012
47829,4.614865899999995
47830,1.4486999999999997
47831,2.181539999999999
47832,2.6477801
47833,1.7978401000000002
47834,1.2074399999999998
47835,1.6423300000000003
47836,2.2372200999999987
47837,0.9394199999999999
47838,2.0898114999999997
47839,2.11916
47840,1.5480999999999994
47841,2.3260400999999984
47842,1.93983
47843,2.36103
47844,1.46992
47845,1.8370604000000006
47846,1.7865399999999996
47847,3.5385439999999977
47848,1.5709100000000005
47849,1.7427103
47850,1.1538003000000001
47851,2.28481
47852,1.5002300000000006
47853,2.6865531999999996
47854,2.636410399999998
47855,1.4992601000000019
47856,1.53605
47857,4.005964299999998
47858,2.5316412999999995
47859,4.048414599999995
47860,1.4177900000000005
47861,2.370870099999998
47862,2.327960299999999
47863,2.957671000000002
47864,1.37436
47865,2.417330200000001
47866,2.6414208
47867,2.2014500000000026
47868,1.1491099999999996
47869,2.283441
47870,1.5570000000000004
47871,1.7249500999999998
47872,1.5227802
47873,1.962919999999999
47874,1.9710100000000004
47875,1.7862699999999996
47876,2.9125126999999997
47877,1.7272900000000002
47878,2.476520199999999
47879,1.9556000999999983
47880,2.6431806999999985
47881,1.4915399999999996
47882,2.1248603
47883,1.9680700000000002
47884,4.115720800000001
47885,1.8734799999999998
47886,1.3333700000000004
47887,1.4556499999999994
47888,1.7858303000000006
47889,1.8930004000000002
47890,2.7083104
47891,1.6249000000000005
47892,1.4149900000000009
47893,1.2415200000000002
47894,2.0956201999999977
47895,1.0423199999999995
47896,1.4995400000000012
47897,1.771941600000002
47898,1.722869999999999
47899,1.6955599999999997
47900,1.5166199999999999
47901,1.79574
47902,1.9743904000000003
47903,1.9086405000000004
47904,2.8371405000000003
47905,1.73622
47906,1.6012099999999996
47907,2.5499820999999994
47908,3.2763085666666667
47909,2.2285199999999987
47910,1.4781699999999995
47911,1.6702802000000005
47912,2.256700000000001
47913,1.8675399999999989
47914,1.2535800000000001
47915,2.2715500000000004
47916,1.6311302999999993
47917,1.5410399999999984
47918,1.6782905999999997
47919,2.0378499999999997
47920,4.216834499999996
47921,2.0123801000000006
47922,3.0938028999999996
47923,2.3177199999999996
47924,4.82523879999999
47925,1.0063500000000014
47926,2.4398805000000015
47927,1.2395700999999988
47928,1.4844399999999986
47929,1.6209299999999993
47930,3.2345702999999997
47931,2.229330099999997
47932,3.0952700999999987
47933,1.9467199999999993
47934,1.7637399999999994
47935,3.0299435000000012
47936,1.19178
47937,1.5412699999999993
47938,1.4080101000000003
47939,2.997280799999999
47940,2.233179999999999
47941,1.6382100999999993
47942,1.8490999999999997
47943,3.271610999999999
47944,2.0934099999999987
47945,1.0704100000000003
47946,1.1278699999999997
47947,1.7403402000000014
47948,1.7784699999999993
47949,2.7282003999999995
47950,1.4076301
47951,3.098472299999999
47952,1.5789500000000012
47953,3.4032422999999996
47954,4.90080949999999
47955,1.9996601
47956,1.7718200999999991
47957,1.7875299999999998
47958,1.6100700000000006
47959,2.4526
47960,1.9847599999999996
47961,1.84352
47962,1.898430100000001
47963,2.0249306000000002
47964,2.0228599999999997
47965,1.51646
47966,2.0283101
47967,1.8638500999999996
47968,1.6034000000000006
47969,3.4657417999999978
47970,2.8238507000000017
47971,2.1381618000000007
47972,2.5851406999999993
47973,1.0774493999999994
47974,1.5101400999999997
47975,1.8203200000000013
47976,2.02914
47977,1.7890604
47978,1.4422100000000007
47979,1.5008303000000012
47980,1.8897399999999984
47981,1.6081904000000011
47982,1.7313804000000013
47983,1.4905999999999995
47984,1.9400900000000005
47985,3.0720507999999973
47986,1.5214399999999983
47987,1.6512701999999988
47988,1.4775400000000007
47989,1.5636000000000012
47990,1.7649401000000013
47991,2.303720000000002
47992,2.0338700000000007
47993,2.4854099999999995
47994,2.2125100999999985
47995,3.4667717999999996
47996,2.3797000000000024
47997,2.413630400000001
47998,1.45235
47999,2.3142854047619053
48000,1.9127803000000005
48001,1.9627401
48002,2.0830699999999998
48003,1.72492
48004,1.7464508000000003
48005,1.2443799999999994
48006,1.7701201
48007,1.6057199999999998
48008,1.9198501999999997
48009,1.637650100000001
48010,1.33369
48011,1.9665099999999984
48012,2.0610801000000003
48013,1.643860000000001
48014,1.7864200999999995
48015,2.00074
48016,1.827560299999999
48017,2.761540799999997
48018,1.603800300000001
48019,2.4818503999999986
48020,1.8801404000000002
48021,1.8094099999999997
48022,1.6434300000000008
48023,2.785841200000001
48024,1.959360100000001
48025,3.0102902
48026,1.8240599999999996
48027,2.259650099999999
48028,2.1036900000000025
48029,1.6626701999999995
48030,1.8813301999999994
48031,2.1783401000000007
48032,2.00675
48033,2.7990709000000003
48034,2.0018303
48035,2.5889605000000007
48036,1.7582101
48037,1.8113404
48038,1.5297600999999985
48039,1.3082300000000011
48040,1.7891699999999986
48041,1.6537403999999993
48042,2.547320000000003
48043,1.6985799999999986
48044,1.5058199999999993
48045,1.2118200000000003
48046,1.9800499999999988
48047,2.39417
48048,3.3883005
48049,2.822630000000001
48050,1.786600100000001
48051,1.3432100000000002
48052,1.8815700999999994
48053,1.6569399999999994
48054,2.050249999999999
48055,1.6071306999999997
48056,2.37189
48057,2.958640999999998
48058,3.0324201000000026
48059,1.4637899999999993
48060,1.4375600000000004
48061,3.7988608999999984
48062,1.5703300999999998
48063,1.9053400000000003
48064,2.2337803
48065,2.138169999999999
48066,1.26176
48067,1.4876301999999995
48068,1.17316
48069,2.3320900000000013
48070,4.674736799999994
48071,1.9970809000000003
48072,1.3285802000000007
48073,1.404021
48074,1.7284400000000009
48075,1.6994200000000002
48076,1.6952103000000007
48077,1.9483201999999988
48078,2.384060200000001
48079,1.7084701000000009
48080,1.4214102000000008
48081,3.958235299999995
48082,1.5580999999999992
48083,2.457670200000001
48084,1.9972100000000013
48085,1.6440900000000005
48086,1.7076702000000006
48087,1.7674601000000003
48088,1.3654600000000006
48089,2.1175101000000014
48090,1.3493102000000001
48091,2.3241400000000016
48092,2.1500699999999986
48093,2.0283999999999995
48094,1.5249000000000004
48095,1.450800099999999
48096,1.6920099999999996
48097,1.2574101000000002
48098,4.399133699999997
48099,1.7601699999999996
48100,2.1001500000000006
48101,1.7351000000000005
48102,1.5898400000000015
48103,1.7215599999999995
48104,2.1690599999999995
48105,1.78732
48106,1.6068401000000003
48107,2.2008303999999996
48108,2.4314702999999995
48109,2.448640000000001
48110,1.3543004000000005
48111,1.5801600000000002
48112,1.5065802
48113,1.9892800000000008
48114,1.75309
48115,1.3870999999999996
48116,1.875320200000001
48117,2.2248323000000005
48118,2.1629302000000017
48119,1.2899599999999998
48120,3.6692203000000005
48121,1.61627
48122,1.5314599999999998
48123,1.5946699999999994
48124,1.8123400000000016
48125,3.9072630000000017
48126,1.4397399999999987
48127,1.358699999999999
48128,1.742869999999999
48129,2.2185201
48130,2.5707399999999985
48131,2.1971000000000003
48132,1.6579302000000005
48133,2.5005024
48134,2.2130501999999974
48135,1.8032601
48136,1.8285202000000012
48137,1.6074999999999986
48138,1.4025201
48139,1.4230200000000004
48140,1.78112
48141,2.0470299999999995
48142,4.8219474999999905
48143,1.4487700000000021
48144,2.9932404999999975
48145,3.8996922999999994
48146,1.856030000000002
48147,2.1168801000000004
48148,2.9336401000000016
48149,3.5436221999999997
48150,1.6546800999999995
48151,2.3417699999999995
48152,1.687809999999999
48153,1.56855
48154,1.9237415999999998
48155,1.6057200000000003
48156,1.982999999999998
48157,3.617710399999995
48158,2.067459999999999
48159,1.5890200000000005
48160,2.3022400000000016
48161,2.7202400999999985
48162,2.0616399999999993
48163,2.2469799999999998
48164,1.8642103000000005
48165,1.9728910999999996
48166,1.8517101000000002
48167,1.8100999999999994
48168,2.1674201
48169,2.5443601999999985
48170,2.2371305999999995
48171,1.1019700000000008
48172,3.0819026999999966
48173,3.434631800000001
48174,1.1049499999999994
48175,1.8099900999999994
48176,1.8698000999999993
48177,2.4169100000000014
48178,1.5518633333333338
48179,1.9467009000000006
48180,2.8249099999999983
48181,1.3911400000000003
48182,2.0306407000000006
48183,1.5135502
48184,2.7263100000000002
48185,4.441405399999993
48186,1.625240400000001
48187,2.637021399999999
48188,1.4199899999999992
48189,1.2305600000000008
48190,2.868129999999998
48191,1.7451301000000017
48192,1.9174804000000005
48193,2.3344899999999997
48194,1.3421398000000009
48195,1.8803902000000015
48196,2.586759999999997
48197,1.2340400000000005
48198,1.7280600000000002
48199,1.5919600999999997
48200,1.6491799999999994
48201,1.38342
48202,2.324100699999999
48203,1.46381
48204,2.010550800000001
48205,1.2465199999999996
48206,4.438856499999994
48207,1.2342000000000004
48208,1.582749999999999
48209,2.4307941000000013
48210,0.9241500000000006
48211,1.4130700000000005
48212,2.283169999999999
48213,1.4998700000000003
48214,1.9909702999999999
48215,3.8272538999999965
48216,4.1159344999999945
48217,1.6377099999999998
48218,3.1485606000000024
48219,1.8146899999999997
48220,1.2481999999999995
48221,1.8630001
48222,2.659609999999998
48223,2.249210000000002
48224,1.6371902000000014
48225,2.372709999999999
48226,2.506700900000001
48227,2.36159505
48228,1.6071600000000001
48229,3.3613829999999982
48230,3.6462118999999977
48231,1.6683103
48232,2.2276401000000017
48233,1.8043105000000004
48234,1.3603700999999995
48235,2.0647299999999986
48236,2.3767304000000005
48237,2.8479601
48238,2.2302302
48239,1.5344500000000005
48240,1.4821500999999995
48241,2.2283301999999994
48242,1.2658100000000012
48243,2.1261999999999985
48244,1.7039700000000002
48245,2.15513
48246,1.7940401000000006
48247,2.1079399999999997
48248,1.4356003999999996
48249,1.4205301000000006
48250,1.9099904000000008
48251,2.1196099999999998
48252,1.86824
48253,1.6171700000000002
48254,1.1300600000000007
48255,1.7975408000000002
48256,1.5170699999999997
48257,1.5644800000000003
48258,3.0530705
48259,3.006021299999999
48260,2.708850799999999
48261,1.69916
48262,2.4604800999999985
48263,3.2790247999999993
48264,1.6420400000000008
48265,1.9240300000000006
48266,1.49913
48267,4.1448059999999955
48268,1.633349999999999
48269,1.5363399999999987
48270,1.247859999999999
48271,3.568031600000001
48272,2.9643903999999996
48273,2.1767199999999995
48274,1.812810600000001
48275,4.358913599999995
48276,1.2096899999999988
48277,1.4571401999999996
48278,1.4593200999999991
48279,2.7227305
48280,2.294211300000002
48281,1.63453
48282,3.039890699999997
48283,1.59627
48284,2.9564904000000003
48285,2.7649200000000014
48286,1.5403900000000004
48287,4.461845299999996
48288,1.7275800000000003
48289,2.322050800000002
48290,1.8122600000000002
48291,1.4064899999999991
48292,2.6119401
48293,1.8039499999999986
48294,2.536450299999999
48295,2.717959999999999
48296,1.9054799999999998
48297,1.5175200000000004
48298,1.8791099999999994
48299,1.4316000000000004
48300,1.073699999999999
48301,1.8740299999999983
48302,1.3709600000000006
48303,3.1614805000000006
48304,1.7435799999999992
48305,1.9493699999999985
48306,1.603280000000001
48307,1.1809999999999992
48308,2.5433799999999978
48309,1.6356500000000012
48310,1.6104903
48311,2.4460802000000017
48312,1.1226900000000002
48313,2.5119600000000006
48314,1.5193800000000002
48315,1.8007902999999996
48316,1.8997604000000008
48317,3.6243533999999986
48318,1.8031402999999995
48319,1.691679999999999
48320,2.4549304000000007
48321,1.6128004000000002
48322,1.7475100000000003
48323,1.7629600000000003
48324,1.5946599999999997
48325,1.5749600000000001
48326,2.042369999999999
48327,3.4786902999999993
48328,2.1644400000000013
48329,4.080454599999998
48330,2.7281304000000013
48331,1.5988799999999999
48332,2.466829999999998
48333,1.798320100000002
48334,1.5948500000000008
48335,2.103270200000002
48336,1.3811900000000004
48337,1.8275301999999995
48338,1.3656901
48339,2.917150600000001
48340,2.3602899999999996
48341,3.7757321999999998
48342,2.1704004000000015
48343,2.147060000000001
48344,2.2241099999999996
48345,2.2524001000000013
48346,1.4884199999999999
48347,1.8476801333333333
48348,1.2859300000000002
48349,2.8293400000000015
48350,1.5091299999999996
48351,3.2250110999999997
48352,3.1274031000000004
48353,1.4736600000000004
48354,1.9190903
48355,2.1554208
48356,1.6500500000000005
48357,2.350150000000002
48358,3.478360033333333
48359,1.7064201000000008
48360,2.1499002000000003
48361,0.8567999999999999
48362,2.7393100999999977
48363,1.59187
48364,1.49503
48365,1.33428
48366,3.2259718000000004
48367,1.6801800000000007
48368,2.5755002000000013
48369,1.28023
48370,1.8809599999999997
48371,3.4263214
48372,2.2658212
48373,1.9453700000000007
48374,1.8145401999999984
48375,1.9213400000000007
48376,1.9005401000000006
48377,3.3050508
48378,2.0376299999999996
48379,1.4660699999999998
48380,1.7459299999999995
48381,1.9434400000000007
48382,1.5027300000000006
48383,1.8367401999999993
48384,1.6483300000000003
48385,2.80909
48386,2.5027600000000003
48387,1.789889999999999
48388,1.631550300000001
48389,1.3338704
48390,2.1828612999999994
48391,1.6275500999999994
48392,1.7263499999999996
48393,1.7741500000000001
48394,2.29552
48395,1.6797701
48396,1.4857800000000003
48397,1.8290303000000006
48398,2.4351204999999982
48399,1.9165400000000006
48400,2.8860601
48401,2.2451099999999986
48402,1.8941200000000007
48403,1.9911404
48404,1.999730099999999
48405,1.5361000999999999
48406,2.329059999999998
48407,1.937510000000001
48408,1.8873500000000005
48409,1.8649705000000003
48410,1.6677299999999995
48411,1.3088500000000003
48412,2.6090299999999975
48413,1.6404200000000002
48414,1.549739999999999
48415,2.2264299999999992
48416,1.1306000000000007
48417,1.6954999999999993
48418,1.2418400000000007
48419,1.510540100000001
48420,3.2250003999999977
48421,3.5594615999999974
48422,1.8767313000000003
48423,1.4696702
48424,1.4967600000000005
48425,1.1818800000000005
48426,1.7585598000000007
48427,1.5440600000000007
48428,1.99399
48429,2.2260799999999987
48430,1.6777000000000004
48431,2.5199300000000013
48432,2.1557505999999993
48433,1.7572805
48434,1.818659999999999
48435,1.5862899999999993
48436,1.9244301999999995
48437,1.8527301000000005
48438,1.8006800000000007
48439,2.413660100000001
48440,2.554490400000001
48441,1.4703398999999988
48442,2.1870108000000004
48443,2.1438800000000016
48444,3.2796904000000002
48445,1.3445199999999997
48446,1.648870000000001
48447,1.7893805
48448,2.8401303000000007
48449,3.5022821999999985
48450,4.655756999999992
48451,2.6705113999999974
48452,3.0603711000000002
48453,2.186130000000002
48454,1.7043999999999997
48455,1.584050000000001
48456,1.9931106000000007
48457,2.4966106000000026
48458,1.5204700000000002
48459,1.6963302000000002
48460,1.7720403000000002
48461,3.5009219999999974
48462,2.0762300999999983
48463,3.6184104999999978
48464,1.3209099999999998
48465,2.531830000000002
48466,2.4670999999999994
48467,1.1197499999999991
48468,2.937411099999996
48469,2.4666033333333335
48470,1.5856900999999999
48471,2.2668511999999987
48472,2.035229999999999
48473,1.7899002000000004
48474,2.645350499999999
48475,1.5796803000000004
48476,1.48124
48477,2.2294
48478,1.3389100000000007
48479,2.228720000000001
48480,1.63427
48481,1.7058301999999994
48482,1.4803100999999999
48483,1.7878901000000005
48484,2.0179905000000016
48485,1.2921200000000002
48486,2.369460199999997
48487,2.693371099999997
48488,1.6392700000000007
48489,2.10001
48490,2.1844499999999996
48491,2.5309326000000008
48492,2.8997299999999986
48493,1.4331299999999998
48494,2.5609699999999993
48495,3.286851699999997
48496,4.025814799999996
48497,2.198359999999999
48498,2.437930099999999
48499,4.464043299999994
48500,1.6767600000000007
48501,1.1681300000000003
48502,1.579870200000001
48503,2.5254901999999997
48504,1.5627999999999997
48505,1.5136499999999995
48506,1.680329999999999
48507,1.7617699999999998
48508,2.03768
48509,2.012960000000001
48510,1.7903201000000002
48511,3.288071199999998
48512,1.2755700000000003
48513,1.9038199999999994
48514,1.9134708000000002
48515,1.3062599999999995
48516,2.183240300000001
48517,1.46647
48518,4.466866799999995
48519,2.01995
48520,1.818009999999999
48521,1.16031
48522,1.7014800000000008
48523,1.5570399999999986
48524,1.8025799999999996
48525,2.6666007000000014
48526,1.5185
48527,1.4354400000000005
48528,3.451932799999997
48529,2.008909999999999
48530,2.233120099999999
48531,1.5934099000000006
48532,2.0826800999999993
48533,1.6981901000000006
48534,1.497980000000001
48535,1.7387004
48536,2.6988503999999995
48537,3.331851499999999
48538,1.5917899999999994
48539,1.2302499999999994
48540,3.7209010999999985
48541,1.2491099999999997
48542,2.6884302999999994
48543,2.238381
48544,2.1747199999999984
48545,1.4952299999999996
48546,1.8731800999999992
48547,2.0799006999999996
48548,2.4145899999999996
48549,1.8028799999999998
48550,1.4619401000000003
48551,1.8403000999999997
48552,1.5238600999999994
48553,1.4311000000000005
48554,1.9434500999999997
48555,1.4982400000000005
48556,1.9832099999999997
48557,1.813970000000003
48558,2.3933801
48559,1.7188300000000003
48560,1.7560400000000007
48561,2.1528503
48562,1.6673702000000008
48563,1.3232400000000002
48564,4.091030799999996
48565,2.1598200000000016
48566,1.6796200000000008
48567,2.9860003
48568,1.4108000999999992
48569,2.694752300000001
48570,1.9317000000000015
48571,1.7578299999999998
48572,1.6487299999999991
48573,1.6241700000000008
48574,2.1025203
48575,3.4354112
48576,1.8184100999999993
48577,1.6914701999999997
48578,1.3634500999999997
48579,2.9145399999999984
48580,2.8402708999999993
48581,1.3765800000000001
48582,1.752439999999999
48583,1.8070099999999985
48584,1.7253001000000003
48585,2.1399400000000033
48586,1.758269999999999
48587,2.6367013000000004
48588,1.8417400000000015
48589,1.6034800000000007
48590,2.5071614999999987
48591,1.928659999999999
48592,1.4914400999999993
48593,1.3948201000000007
48594,2.080551000000001
48595,1.9761200000000003
48596,1.4518799999999998
48597,4.813808099999991
48598,1.7457802999999987
48599,2.1352504999999984
48600,1.4122
48601,2.4694003999999987
48602,1.7753002999999998
48603,2.7636806000000003
48604,1.2773299999999996
48605,2.675170000000001
48606,2.0229401999999994
48607,2.13007
48608,3.8651360999999973
48609,1.0151399999999997
48610,1.7285705000000007
48611,1.40276
48612,1.8097900000000007
48613,1.9605299999999994
48614,1.7747600000000017
48615,1.6683001999999996
48616,1.7069700000000003
48617,1.3347200000000004
48618,1.7046704999999995
48619,1.9689604999999988
48620,2.0237402
48621,2.185100000000002
48622,1.6935599999999993
48623,4.065886499999994
48624,1.7986100000000016
48625,2.403960100000001
48626,1.2599700999999999
48627,2.793080199999999
48628,1.9046200000000002
48629,1.302700099999999
48630,2.054279999999999
48631,3.2152325000000004
48632,1.3218799999999993
48633,2.6900403000000006
48634,1.9692500000000013
48635,2.4185401
48636,2.6584100000000017
48637,4.550346099999997
48638,1.3934499999999994
48639,1.5802806999999992
48640,2.6383700000000005
48641,2.3277305999999998
48642,1.7742605000000007
48643,3.1262207000000024
48644,2.9743100000000005
48645,4.668448899999991
48646,1.8977200000000003
48647,1.902219999999999
48648,1.1978600000000004
48649,1.4901299999999993
48650,1.6232804000000007
48651,2.4368302
48652,1.649650000000001
48653,3.4242405
48654,1.95875
48655,1.4716899999999997
48656,1.89522
48657,2.0757301000000017
48658,1.607819999999999
48659,1.5696205
48660,2.3737200000000005
48661,1.6617199999999996
48662,1.888630000000001
48663,1.6748501999999996
48664,1.5379700000000012
48665,1.8821299999999996
48666,1.6364200000000002
48667,1.6036099999999995
48668,1.2137099999999996
48669,4.228145799999996
48670,1.2300001999999994
48671,2.025210100000001
48672,3.7888113000000008
48673,1.7633099999999997
48674,2.7371000000000003
48675,3.0394099999999993
48676,2.250880200000001
48677,1.778430400000001
48678,1.8278800999999993
48679,1.7200999999999995
48680,2.032820000000001
48681,2.15663
48682,2.5973299999999995
48683,1.3770300000000004
48684,1.7881702000000006
48685,2.7187315999999986
48686,1.8240300000000003
48687,1.6992500999999998
48688,2.322690400000001
48689,1.6712000000000002
48690,2.314420200000001
48691,1.8317499999999984
48692,1.410919999999999
48693,2.303299999999999
48694,1.6119500000000002
48695,1.664539999999999
48696,2.267312
48697,2.1674500000000023
48698,1.5036400000000005
48699,4.518077499999993
48700,3.303300999999999
48701,3.1075407000000026
48702,3.8124817999999987
48703,1.8799699999999993
48704,1.6112400000000004
48705,2.3163600999999994
48706,1.765660000000001
48707,1.9744805999999997
48708,2.4502401000000007
48709,2.5157909
48710,2.1191211999999995
48711,3.353270299999997
48712,2.2052701000000003
48713,2.094229999999998
48714,1.3092400999999996
48715,2.5961806000000003
48716,2.1731002000000017
48717,1.6119200000000005
48718,4.87000889999999
48719,2.8293400000000006
48720,1.6894199999999993
48721,2.171090900000001
48722,2.0655312
48723,2.6127931000000006
48724,1.3830900000000002
48725,1.5828800000000007
48726,1.860350000000001
48727,2.521420099999999
48728,1.8025901000000004
48729,1.7935701000000004
48730,1.5921699999999999
48731,1.9833300000000014
48732,1.4977399999999983
48733,2.4660600999999995
48734,2.0727604000000004
48735,3.6737928999999965
48736,2.100630000000002
48737,2.067099999999998
48738,1.6151001000000005
48739,1.8986700000000007
48740,2.189820000000001
48741,1.65427
48742,1.7464403
48743,1.4744799999999996
48744,1.2400600000000006
48745,2.7117916999999987
48746,1.7751503
48747,1.6596100000000005
48748,1.8591200999999997
48749,1.3722799999999997
48750,2.8228203
48751,1.709750099999999
48752,1.526680000000001
48753,2.2963200999999995
48754,2.275370500000001
48755,3.106730799999998
48756,2.903991099999999
48757,4.632556399999995
48758,2.6524003
48759,2.159920000000001
48760,1.5596200000000007
48761,2.570660099999999
48762,2.324010400000002
48763,1.9220706999999997
48764,2.6346303999999994
48765,1.91695
48766,1.5451101999999983
48767,2.949731499999998
48768,1.785820000000001
48769,3.5420518999999984
48770,1.6836800000000003
48771,2.1680804000000005
48772,2.341019999999997
48773,1.2109199999999996
48774,1.5880299999999996
48775,1.6879799999999994
48776,1.9221900000000014
48777,1.1404501
48778,2.0518599999999965
48779,1.7915506
48780,1.4656499999999997
48781,2.21163
48782,3.1687632999999975
48783,1.4312300000000004
48784,1.22792
48785,2.2042999999999995
48786,2.092770600000001
48787,1.947540099999999
48788,1.721900600000001
48789,1.8269099999999994
48790,1.55784
48791,2.5864703
48792,1.303630000000001
48793,2.1234200999999997
48794,1.4759904
48795,2.5234004000000008
48796,2.5030300000000008
48797,2.254280100000001
48798,2.530010700000002
48799,3.9684614000000016
48800,1.5713801
48801,1.49501
48802,2.257071900000002
48803,2.088529999999998
48804,1.107369999999999
48805,1.2234299999999998
48806,2.2132000000000023
48807,1.3106200000000003
48808,2.871670700000001
48809,1.32237
48810,1.8155199999999994
48811,2.2373602000000026
48812,2.003739999999999
48813,4.6164671999999936
48814,2.0025900000000014
48815,1.9116299999999986
48816,1.6047900000000004
48817,1.8264100000000005
48818,1.6627799999999986
48819,1.0425800000000007
48820,1.5266499999999996
48821,1.5789208000000001
48822,3.0914520000000003
48823,2.869851100000001
48824,2.149310399999999
48825,2.4607414000000003
48826,1.1887399999999995
48827,3.0826800999999993
48828,2.7233801999999985
48829,1.3313900000000003
48830,1.9521300000000006
48831,1.8145099999999996
48832,3.0273613
48833,1.4562599999999997
48834,1.6960794000000012
48835,1.4420500000000005
48836,2.6763300000000005
48837,1.5675099999999988
48838,1.7259599999999997
48839,2.2380900000000015
48840,2.0004401
48841,1.6713907000000006
48842,1.3467800999999993
48843,2.2461601000000018
48844,1.8355699999999984
48845,1.7462305000000002
48846,2.7428999999999992
48847,1.8789800000000008
48848,1.7983500000000006
48849,1.6216200000000003
48850,2.54519
48851,3.4535532999999963
48852,2.1184199999999977
48853,1.7742605999999994
48854,1.8998101999999997
48855,3.2313011999999977
48856,3.385033199999999
48857,1.4315700999999987
48858,1.7250300000000005
48859,2.781540700000001
48860,2.4337000000000004
48861,1.7450499999999998
48862,3.4822715
48863,1.528560000000001
48864,2.9954610999999987
48865,1.6698600000000001
48866,2.0610806999999993
48867,4.052686399999994
48868,1.7017999999999984
48869,1.3410299999999997
48870,2.054590300000001
48871,1.9436449999999996
48872,2.0566008
48873,2.1140901999999975
48874,1.6684400000000001
48875,1.3824300000000007
48876,2.1832599999999998
48877,1.9537200000000008
48878,1.8518199999999998
48879,2.6500400000000006
48880,2.1631601000000016
48881,2.4922799999999996
48882,1.6361101
48883,1.2944500999999997
48884,1.5734099999999995
48885,1.2392500000000004
48886,3.2236302
48887,1.0405300000000006
48888,1.901900000000002
48889,2.5841315
48890,1.6916199999999995
48891,1.4388700000000003
48892,1.3141301000000016
48893,1.7054999999999993
48894,2.7801306000000015
48895,1.3473100999999983
48896,2.7035000999999976
48897,2.3142854047619053
48898,2.108740000000002
48899,1.2899800000000001
48900,1.1648399999999994
48901,1.6127600000000004
48902,1.4933702999999994
48903,2.0169599999999996
48904,2.0344912
48905,1.9556814999999999
48906,2.4295400000000016
48907,4.970596699999993
48908,1.9289904000000002
48909,1.9227501000000007
48910,2.140370999999999
48911,1.817210000000001
48912,1.3293000999999995
48913,1.9564804000000005
48914,2.13044
48915,2.3628701999999975
48916,2.5759600000000016
48917,2.741050399999998
48918,1.6447199999999995
48919,2.6649600999999983
48920,1.7609006000000007
48921,1.6180102999999995
48922,1.7225600000000005
48923,1.60486
48924,3.0595703000000003
48925,1.4917799999999994
48926,1.6866499999999993
48927,1.8155501000000012
48928,3.1137922
48929,3.786612800000002
48930,1.7792800000000002
48931,1.5874200000000005
48932,2.189430000000001
48933,2.1025199999999997
48934,3.9364255999999953
48935,1.3278701999999996
48936,1.6734000000000007
48937,3.204410400000002
48938,1.6004500000000002
48939,1.7470599999999998
48940,1.9100499999999991
48941,1.9430200000000009
48942,2.295377066666666
48943,1.7109900999999998
48944,3.7571414000000005
48945,2.12172
48946,1.6903301000000004
48947,3.235140599999998
48948,1.7728406
48949,1.8915899999999999
48950,1.5128501000000012
48951,2.1562003000000005
48952,1.8388500000000008
48953,1.5234399999999995
48954,1.7913402000000007
48955,2.15294
48956,1.6569007999999998
48957,2.5378010000000013
48958,1.58744
48959,1.6455200000000008
48960,2.032610200000001
48961,1.2706501000000003
48962,1.8241701999999989
48963,1.57767
48964,1.1796500000000005
48965,1.6901299999999986
48966,1.0877596
48967,1.5819999999999996
48968,2.0512301000000006
48969,1.4593000000000007
48970,1.4689499999999995
48971,2.0429399999999998
48972,1.6110505999999996
48973,1.9974101999999987
48974,1.6453400000000007
48975,2.0265400000000016
48976,1.5414199999999993
48977,1.5082099999999994
48978,2.195829999999998
48979,2.090360200000001
48980,2.1609399999999996
48981,1.2651000000000001
48982,2.400675299999998
48983,2.6316499999999987
48984,3.866501399999998
48985,2.2122703000000015
48986,2.1059999999999994
48987,1.6686810000000003
48988,1.7511199999999991
48989,2.153350900000001
48990,1.6850599999999991
48991,1.5079501999999991
48992,1.7721799999999988
48993,1.6592400999999992
48994,1.4903604000000004
48995,2.0278699999999996
48996,2.0368399999999998
48997,1.7932400999999996
48998,1.5437600000000002
48999,3.0697515999999996
49000,2.640769999999999
49001,1.7540399999999983
49002,3.2300832999999995
49003,1.7562600000000006
49004,2.529079999999999
49005,1.40026
49006,2.247280100000001
49007,2.16438
49008,2.0632224999999993
49009,1.4952904000000005
49010,4.030573599999999
49011,3.1205499999999984
49012,1.834970299999999
49013,1.0807299999999997
49014,1.9726304000000008
49015,2.6315800999999976
49016,1.94576
49017,1.9683600000000014
49018,1.9288100000000004
49019,4.0271357999999955
49020,1.7800503000000003
49021,1.9451607000000022
49022,1.9039399999999995
49023,1.5901700000000003
49024,1.9628302999999996
49025,1.4300403000000017
49026,1.3978801
49027,1.43716
49028,1.4859900000000001
49029,2.1818399999999976
49030,2.8177216000000005
49031,2.532430000000002
49032,4.2572439
49033,1.6499700000000015
49034,2.1468103999999997
49035,1.8304201
49036,2.3529601
49037,1.5955500000000002
49038,2.1888710000000007
49039,3.3298805999999983
49040,1.8656700000000004
49041,1.882069999999999
49042,1.9233917
49043,3.5234019999999986
49044,1.8900499999999996
49045,1.3814901
49046,1.9731299999999996
49047,2.5497300999999974
49048,1.5458199999999997
49049,1.4722599999999997
49050,2.1657401000000003
49051,2.3810400999999985
49052,2.00407
49053,1.7049100999999995
49054,1.8518799999999995
49055,1.5460200999999991
49056,1.6515301000000013
49057,1.9971303
49058,1.802190000000001
49059,2.0188404999999987
49060,2.0771205000000013
49061,1.4135300000000013
49062,1.3006201000000004
49063,2.0097600999999994
49064,1.8865800000000004
49065,2.089780100000001
49066,2.8527128
49067,1.9702000000000004
49068,1.315110000000001
49069,1.592000200000001
49070,1.5226804
49071,2.1606202999999993
49072,2.6579205000000004
49073,1.3659599000000007
49074,2.2033612000000002
49075,1.5376500000000004
49076,2.9494002999999993
49077,1.8989799999999986
49078,3.0749106999999984
49079,2.0112103999999995
49080,2.0400001
49081,2.9246804
49082,1.5212100999999996
49083,1.4910100000000002
49084,3.7315336999999973
49085,2.095210199999999
49086,1.4571599999999998
49087,2.2537500999999978
49088,1.841849999999999
49089,1.3945199999999993
49090,1.3778101
49091,1.8759000000000008
49092,1.6299300000000003
49093,2.3580604000000007
49094,4.173466180952377
49095,2.0832709000000005
49096,2.087470600000001
49097,1.7668701000000027
49098,1.992409999999999
49099,1.9936414000000016
49100,1.9998400000000007
49101,1.99467
49102,1.7600500000000003
49103,3.595351200000002
49104,2.063010100000001
49105,2.7651300000000005
49106,1.47605
49107,1.640429999999999
49108,1.5866799999999992
49109,1.2154899999999997
49110,2.1465803
49111,4.831348699999991
49112,2.020961499999999
49113,2.1956903000000003
49114,1.7092208999999996
49115,1.9385305
49116,1.5582607999999987
49117,1.5845399999999998
49118,1.7380000000000002
49119,1.8411812
49120,2.1627799999999997
49121,1.973019999999999
49122,1.37979
49123,1.9875200999999996
49124,1.479470299999999
49125,2.3543102999999994
49126,2.614530600000001
49127,2.3796308
49128,2.2626299999999993
49129,2.4358099999999974
49130,1.61971
49131,1.7751500000000002
49132,1.6014
49133,1.8156800000000006
49134,1.3104404000000007
49135,1.8972400999999988
49136,2.130549999999999
49137,1.859320000000003
49138,3.2220219999999995
49139,1.8544700000000018
49140,2.5668518999999996
49141,1.73739
49142,3.2071304999999986
49143,1.3660399999999993
49144,1.61596
49145,3.363120200000002
49146,1.5609499999999996
49147,1.6894501000000006
49148,2.3244915
49149,2.2999902
49150,2.0181002000000006
49151,1.9415799999999992
49152,1.4450801999999998
49153,1.989120299999998
49154,1.8349203000000005
49155,3.9146132999999956
49156,2.041641200000001
49157,1.5602905
49158,1.548880300000001
49159,1.3982700000000008
49160,2.4561010000000025
49161,1.9933599999999982
49162,1.8611105000000006
49163,2.4691100000000015
49164,1.8827252000000012
49165,2.6483909000000017
49166,1.571979999999999
49167,1.8562401000000006
49168,2.7698799999999992
49169,1.34454
49170,2.177530199999999
49171,2.617070400000001
49172,1.7192599999999998
49173,1.6217500999999999
49174,1.8624004999999997
49175,1.1148401999999988
49176,1.6759923333333344
49177,3.9802002666666643
49178,1.4735899999999986
49179,1.9247900000000004
49180,3.4001014000000014
49181,2.5359311000000004
49182,1.961580000000001
49183,1.8440499999999997
49184,1.5043999999999997
49185,1.5460799999999997
49186,1.6043000000000007
49187,2.2636201999999996
49188,1.8694799999999991
49189,1.9902200999999988
49190,2.413670099999999
49191,3.8717452999999953
49192,1.898264999999999
49193,3.2538328
49194,2.1735303999999993
49195,1.7051800000000004
49196,1.6741799999999971
49197,1.915460000000001
49198,1.7720802000000009
49199,2.14677
49200,1.6561800000000009
49201,1.5400700000000003
49202,1.6058200000000014
49203,2.3780103
49204,3.3459109000000007
49205,4.223624499999995
49206,1.702539999999999
49207,4.798708699999991
49208,1.9450801999999987
49209,2.1971004999999995
49210,1.5533101
49211,2.273050699999999
49212,3.263984499999999
49213,2.543750100000001
49214,1.9469001000000008
49215,1.7112001000000001
49216,2.5340402000000015
49217,1.9433101999999998
49218,2.1468601000000005
49219,1.4351499999999993
49220,2.090770199999999
49221,1.607300000000001
49222,1.3090202999999994
49223,1.6559405000000005
49224,2.1829
49225,2.989421899999999
49226,1.66123
49227,2.9416309000000007
49228,1.3315499999999993
49229,1.7054902999999992
49230,1.6744500000000004
49231,2.9591304000000007
49232,2.8740401999999996
49233,2.317840000000001
49234,1.5011333333333325
49235,2.0976711999999984
49236,2.2504907000000007
49237,3.4601634999999984
49238,1.522140900000002
49239,2.13527
49240,1.9173300000000009
49241,1.5444900000000004
49242,1.6519899999999992
49243,3.573702899999998
49244,1.7740299999999993
49245,2.7690203999999996
49246,1.7640500000000001
49247,1.6955899999999995
49248,1.4488599
49249,1.733269999999998
49250,3.6524253999999985
49251,1.0636499999999995
49252,2.018689999999999
49253,2.0060301999999997
49254,2.6741502999999995
49255,1.6617000000000002
49256,1.3622899999999993
49257,2.57709
49258,1.5312700000000012
49259,1.7943099999999987
49260,2.840680200000001
49261,1.8957709000000003
49262,2.0187299999999992
49263,2.2257206000000007
49264,1.6062003000000005
49265,1.5300600000000006
49266,1.2415099999999994
49267,1.7421801000000001
49268,1.8863904000000016
49269,2.7670804000000015
49270,2.24976
49271,1.4581199999999999
49272,4.040945999999995
49273,2.2767699999999995
49274,1.2431000999999995
49275,2.386449999999997
49276,1.2646701000000007
49277,3.635364599999997
49278,2.835886666666667
49279,2.240420099999998
49280,2.9586212
49281,1.7963302999999982
49282,1.9256600999999987
49283,2.9239129000000004
49284,2.068579999999999
49285,2.38075
49286,2.693479999999998
49287,1.4643400000000002
49288,1.8398804999999996
49289,2.0290399999999984
49290,1.7720203
49291,2.2077507999999995
49292,4.043913199999995
49293,2.222660200000001
49294,2.556650300000001
49295,1.9758699999999998
49296,2.281510999999999
49297,1.9708902999999989
49298,2.0536005
49299,2.2846501
49300,2.2616299999999994
49301,1.9873115000000003
49302,1.8903702000000002
49303,1.9463005000000013
49304,1.9505400000000004
49305,3.5614804000000015
49306,1.2114899999999995
49307,1.562789999999999
49308,2.0685399999999996
49309,2.6247802
49310,2.4219604000000015
49311,1.9987200000000007
49312,2.382531300000002
49313,1.0387899999999997
49314,2.574300199999998
49315,2.1740203000000005
49316,3.433792899999998
49317,1.5283100000000003
49318,1.8987602000000021
49319,2.11299
49320,1.5359001000000012
49321,1.7585102999999997
49322,1.793050000000001
49323,2.1481999999999988
49324,1.4314303000000004
49325,1.8842800000000006
49326,2.4602118000000006
49327,1.5770205
49328,1.4033699999999998
49329,1.4454105999999998
49330,1.6316399999999995
49331,1.736930000000001
49332,2.665992300000001
49333,2.044460000000001
49334,2.483124033333332
49335,2.1901401
49336,1.7551303000000005
49337,1.8466000000000002
49338,2.4709505
49339,1.7922500000000006
49340,1.5853900999999992
49341,2.9052001
49342,1.57132
49343,1.5290599999999994
49344,2.0780603999999996
49345,2.4055916
49346,1.6621799999999987
49347,1.826730100000001
49348,1.2340902
49349,2.3091311000000005
49350,2.462280699999999
49351,2.1083411000000005
49352,1.7762199999999988
49353,2.543441599999999
49354,1.4968800000000004
49355,1.48003
49356,2.037620000000001
49357,2.1099701999999967
49358,1.94568
49359,1.7592604999999997
49360,1.4577202999999992
49361,1.780129999999999
49362,2.057570000000002
49363,1.6729106000000002
49364,1.5238799999999992
49365,1.50042
49366,3.2248708999999973
49367,2.098140499999998
49368,2.29772
49369,1.6276200000000005
49370,1.8102503999999993
49371,2.230620400000001
49372,1.8982399999999986
49373,2.5760905000000007
49374,2.2004201999999995
49375,2.897350899999999
49376,4.7628480999999905
49377,4.697478899999991
49378,1.466759999999999
49379,2.1034900999999984
49380,2.3381105999999994
49381,3.353172699999998
49382,2.0664415999999997
49383,2.0426700000000007
49384,2.911130400000001
49385,4.127753199999997
49386,2.8340900999999987
49387,1.8492099999999996
49388,1.6887100000000004
49389,2.3608610499999996
49390,2.4838711
49391,2.025800000000002
49392,2.784761599999998
49393,1.380420300000001
49394,1.8576205999999997
49395,1.35062
49396,4.193515899999996
49397,1.7104499999999998
49398,1.8224615
49399,2.889369999999999
49400,2.1473901000000026
49401,2.709459999999999
49402,1.5318208999999994
49403,2.0201507999999984
49404,1.1092100000000003
49405,1.2762602
49406,1.9554199999999997
49407,1.4429305999999997
49408,1.6553699999999987
49409,1.6540700000000004
49410,3.304260199999999
49411,1.7054600000000002
49412,2.0423103
49413,1.3238500000000004
49414,2.299889999999999
49415,1.8729599999999997
49416,2.2532699999999988
49417,1.4713099999999997
49418,2.8445119000000005
49419,1.3806901999999996
49420,1.2022099000000004
49421,1.6391011000000006
49422,2.2456800000000006
49423,1.7805499999999999
49424,1.7289900000000014
49425,1.6702900000000007
49426,1.2762402
49427,2.398120200000001
49428,1.399880000000001
49429,1.2965600000000004
49430,1.9368301999999995
49431,1.6675602000000012
49432,1.7159999999999997
49433,3.0506029999999997
49434,1.5670501000000012
49435,4.192425999999996
49436,1.9861303000000003
49437,2.714460100000002
49438,1.8830201000000009
49439,1.54345
49440,2.3901902000000006
49441,2.2979300000000014
49442,2.5414299999999996
49443,2.6325903999999984
49444,2.23424
49445,1.7181303000000006
49446,3.5306048999999984
49447,1.8895400000000007
49448,1.8577752999999984
49449,1.9592099999999995
49450,2.9521601999999985
49451,1.3070399999999998
49452,1.6396805
49453,3.2813304999999997
49454,1.8130699999999984
49455,2.20242
49456,3.7934629
49457,1.771880100000001
49458,1.7960302000000008
49459,1.5472501999999992
49460,1.7340904000000006
49461,1.6795600000000008
49462,2.1955506000000007
49463,2.6773701999999973
49464,1.3950801
49465,1.36705
49466,2.675870300000001
49467,1.1729600000000002
49468,1.7850600999999995
49469,2.0753500000000025
49470,1.7670503000000013
49471,1.8019303999999994
49472,1.8222601
49473,1.3823801000000002
49474,2.5758428
49475,1.7666399999999982
49476,1.4554099999999996
49477,1.3455199999999998
49478,1.9595799999999994
49479,2.2303199999999994
49480,1.899619999999999
49481,2.082260000000001
49482,2.890880499999998
49483,1.8484810000000005
49484,2.1851000000000003
49485,2.2240599999999993
49486,2.8792203000000014
49487,1.7734002000000015
49488,2.323949999999999
49489,1.780019999999999
49490,1.6901302000000007
49491,1.7649699999999993
49492,1.4987799999999996
49493,1.6592899999999997
49494,2.2829503000000004
49495,1.8248300000000017
49496,2.260630000000001
49497,1.7491500999999996
49498,2.6448799999999992
49499,1.5249200000000003
49500,1.4533300000000002
49501,2.3026702000000006
49502,2.0417412000000006
49503,1.4762299999999993
49504,3.0475825999999997
49505,2.5976122999999998
49506,1.9231299999999996
49507,1.2482599999999997
49508,2.7910907000000007
49509,1.48168
49510,2.1612
49511,1.8443099999999983
49512,3.1361606999999996
49513,2.1989499999999995
49514,1.6711900000000008
49515,1.8316200000000018
49516,3.5436799999999984
49517,2.1958499999999987
49518,2.9361520999999993
49519,1.861379999999998
49520,0.98484
49521,1.7610401999999996
49522,2.0241899999999995
49523,3.8854719999999974
49524,1.9278400000000004
49525,4.018223899999995
49526,2.0302812000000015
49527,1.3025099999999992
49528,4.272604
49529,1.7468301999999982
49530,1.3309501000000012
49531,2.1368599999999995
49532,2.5760504999999996
49533,2.2732199999999994
49534,1.8502710000000004
49535,2.0362507
49536,1.891040100000001
49537,1.7269400000000004
49538,2.0004112000000003
49539,1.8852708000000005
49540,1.9770799999999997
49541,1.4894601
49542,1.7670701000000006
49543,2.01456
49544,1.8220700000000003
49545,1.8294102000000003
49546,1.9372999999999996
49547,2.1163305
49548,1.2731799999999982
49549,1.5986800000000005
49550,1.4507299999999994
49551,1.9985700000000008
49552,1.2022700000000004
49553,3.6202928999999995
49554,1.9361100000000004
49555,1.4918750000000003
49556,2.559270200000002
49557,1.883990000000001
49558,1.498489999999999
49559,1.4993699999999999
49560,1.6787799999999995
49561,3.8910326999999985
49562,1.5765700000000011
49563,3.7109339999999973
49564,3.0692211999999977
49565,1.5823500999999995
49566,1.5834700000000004
49567,4.460096999999995
49568,1.9300607000000005
49569,2.628560100000002
49570,1.6183899999999998
49571,2.275680300000001
49572,1.595969999999999
49573,1.8483400000000005
49574,1.4770800999999993
49575,1.346910000000001
49576,1.8126899999999997
49577,1.3446101000000008
49578,2.6320920000000023
49579,2.0596701000000017
49580,3.195942799999999
49581,3.492810800000001
49582,1.8590001999999988
49583,2.3878201000000003
49584,2.886621899999999
49585,1.435920000000001
49586,1.898490100000001
49587,2.04352
49588,2.0037103
49589,1.9331199999999997
49590,4.009195599999997
49591,2.340929999999999
49592,2.4659200000000014
49593,1.417190000000001
49594,0.9593000000000005
49595,2.241500199999999
49596,1.7021803000000002
49597,1.6198899999999994
49598,2.8592706000000008
49599,2.5603099999999994
49600,2.45705
49601,1.8970799999999988
49602,1.3700592000000003
49603,2.1427399999999994
49604,1.3860899999999992
49605,3.0520643999999977
49606,2.5661004000000003
49607,1.352669999999999
49608,4.175905699999999
49609,1.8883509999999994
49610,1.7918501
49611,1.3930000999999999
49612,1.4264499999999998
49613,2.3767312000000005
49614,2.4484200999999994
49615,2.0423900999999987
49616,2.207559999999999
49617,1.4719205000000009
49618,1.8339505999999992
49619,2.6489401000000017
49620,2.5609723000000018
49621,4.3502244999999995
49622,1.6638099999999998
49623,2.3731400000000007
49624,2.223310399999999
49625,1.195180099999999
49626,2.2787520000000017
49627,0.8892700000000007
49628,2.731492199999999
49629,1.3725300000000005
49630,2.0271299333333346
49631,1.7831599999999992
49632,3.2714516999999987
49633,1.777689999999999
49634,2.2374400000000008
49635,2.443165023809524
49636,2.2518899999999995
49637,1.4182799999999995
49638,1.3130800000000002
49639,3.978493499999995
49640,2.2906500000000007
49641,2.5477200000000004
49642,1.7513401000000008
49643,1.9920100999999997
49644,1.6896203000000003
49645,2.271381399999999
49646,1.20643
49647,2.6923201
49648,1.287310000000001
49649,2.3771700000000013
49650,1.9155299999999988
49651,2.110499999999999
49652,1.6488900000000002
49653,1.3689000000000002
49654,1.5664700000000016
49655,2.07969
49656,3.3598048999999977
49657,2.4080827250000016
49658,2.2360300000000004
49659,1.7282600000000008
49660,2.4532816000000004
49661,1.6733900000000004
49662,1.37243
49663,2.2563602999999985
49664,1.6956499999999999
49665,1.3223200000000006
49666,3.1206901
49667,1.0825599999999997
49668,2.2053899999999995
49669,1.7575299999999998
49670,1.6465299999999992
49671,1.3657200000000003
49672,2.2715600000000005
49673,2.4751899999999996
49674,3.041300500000002
49675,1.7615303
49676,1.7343600000000017
49677,1.9289801000000002
49678,1.8616201000000014
49679,1.3982903999999994
49680,1.3585900000000013
49681,1.8163599999999993
49682,2.3631301000000002
49683,1.9311799999999977
49684,2.6405914
49685,1.799419999999998
49686,1.4441002000000003
49687,1.7880902000000012
49688,1.9558900999999986
49689,2.7203901999999993
49690,1.711820000000001
49691,1.9006299999999994
49692,1.8627099999999988
49693,1.7404199999999996
49694,1.5840402999999994
49695,1.6900702000000003
49696,1.5080300999999998
49697,1.7299900999999993
49698,1.7155805000000004
49699,2.1659301999999987
49700,2.363050199999999
49701,2.4303815999999996
49702,1.9125899999999996
49703,1.9777399999999983
49704,1.4333100000000005
49705,1.86829
49706,2.0005003999999986
49707,2.242720400000001
49708,1.5074999999999996
49709,2.027300600000001
49710,1.5859000000000003
49711,1.9265705
49712,3.9540237999999963
49713,2.8674708000000027
49714,1.9501600000000012
49715,1.4733299999999994
49716,1.9301199999999994
49717,1.4863900999999982
49718,1.7892199999999996
49719,1.7909699999999995
49720,2.05839
49721,1.6471100999999997
49722,2.106230000000002
49723,3.1397406000000028
49724,1.8504401000000013
49725,1.948980000000002
49726,1.6216000999999993
49727,2.7055902000000005
49728,1.42269
49729,4.090521499999998
49730,1.5699600000000007
49731,4.218775199999996
49732,1.4105
49733,1.9215400999999992
49734,2.2832602
49735,1.4530102999999999
49736,1.591530000000001
49737,1.2655
49738,1.8055199999999996
49739,2.203030000000001
49740,1.5961800999999989
49741,2.1828300000000005
49742,2.3647299999999993
49743,3.3375642999999973
49744,2.9907402999999992
49745,1.7524801000000005
49746,2.4834911999999987
49747,1.8222000999999992
49748,2.529691900000001
49749,2.6973399999999996
49750,2.4243416000000004
49751,1.7405403000000004
49752,1.647470200000001
49753,1.3510900000000001
49754,1.3378202000000003
49755,1.834830000000001
49756,2.7193400000000003
49757,3.3955001999999994
49758,1.253710000000001
49759,1.61839
49760,4.001664799999995
49761,1.6480599999999999
49762,1.31896
49763,1.720570500000001
49764,1.7009100000000006
49765,1.6592300000000006
49766,1.5389399999999995
49767,3.0746399999999996
49768,4.656386299999994
49769,1.9311702999999993
49770,2.296521433333334
49771,1.8485304
49772,1.5898199999999998
49773,1.3404399999999999
49774,1.6819206000000009
49775,4.481146099999994
49776,2.4330801000000006
49777,1.9954100000000008
49778,2.558361399999999
49779,2.672630100000001
49780,1.5684399999999994
49781,1.6089101000000008
49782,2.635289999999999
49783,1.7912301999999998
49784,1.5025500000000007
49785,2.1940399999999993
49786,1.5273200000000005
49787,2.323729999999999
49788,1.2673999999999999
49789,2.5997201000000003
49790,3.1432822999999996
49791,3.263720999999998
49792,1.589389999999999
49793,4.376586599999993
49794,1.5622099999999994
49795,3.7976325999999965
49796,2.0505301
49797,1.5340101
49798,1.9749299999999996
49799,0.8784099999999991
49800,2.066120900000001
49801,2.589079999999999
49802,1.6417900000000005
49803,2.3719307999999995
49804,4.500845199999995
49805,1.9877900000000008
49806,1.6495100999999996
49807,1.3094699999999997
49808,2.104720100000002
49809,4.021392799999996
49810,3.123042299999999
49811,1.796910500000001
49812,4.084015499999996
49813,2.4728405000000007
49814,1.8009004999999987
49815,1.6494899999999988
49816,3.6598302333333304
49817,4.101695599999997
49818,2.66674
49819,1.9334904000000008
49820,2.8196399999999984
49821,3.8769519999999984
49822,1.5672500000000007
49823,2.0733806999999995
49824,1.7370900000000002
49825,3.0976216999999995
49826,2.0638805
49827,2.4312313999999997
49828,2.320489999999998
49829,1.6417900000000005
49830,1.6447999999999996
49831,4.432266999999993
49832,2.688921
49833,2.2527912999999997
49834,1.8457100999999998
49835,1.1474099999999985
49836,2.663642400000002
49837,1.6622999999999997
49838,1.4616699999999998
49839,2.8381714000000007
49840,1.6326701999999995
49841,1.4574300000000002
49842,2.0451000000000006
49843,2.1643300999999995
49844,1.9088206000000003
49845,1.4251601
49846,2.565190100000001
49847,2.2710404000000004
49848,2.076299999999999
49849,2.6761602
49850,1.7589333333333343
49851,2.5352799999999993
49852,1.8809005
49853,2.6827004999999975
49854,1.65829
49855,1.8508600999999998
49856,1.6341200999999999
49857,1.72774
49858,1.42734
49859,1.3671900000000017
49860,1.7174401000000004
49861,2.733180200000003
49862,2.293119999999999
49863,1.8743000000000003
49864,1.2866400000000002
49865,1.5196300000000005
49866,1.8652701000000007
49867,4.095881500000001
49868,1.607380000000001
49869,3.2045515999999994
49870,1.666950500000001
49871,1.5493199999999998
49872,2.3037299999999985
49873,1.86803
49874,2.1256300999999995
49875,1.8427
49876,2.24897
49877,1.4305100000000008
49878,1.4655601000000007
49879,1.9069309000000003
49880,2.865300400000001
49881,1.787510200000001
49882,2.0230899999999994
49883,1.8870700999999994
49884,3.377652699999995
49885,1.9125599999999994
49886,1.4661400000000007
49887,1.9735699999999996
49888,1.8084600000000006
49889,1.4615900000000002
49890,1.3938902999999996
49891,3.0160526999999995
49892,2.080780099999999
49893,1.9894900000000006
49894,1.5382699999999991
49895,3.2065212999999977
49896,1.8518999999999997
49897,1.7268902000000008
49898,1.6353600000000004
49899,1.901950499999999
49900,2.107639999999999
49901,4.8392157999999945
49902,1.7195099999999996
49903,1.6627802
49904,2.6074502
49905,2.6373505000000024
49906,1.0986400000000014
49907,2.7022000000000013
49908,1.811180000000002
49909,1.9030706000000004
49910,1.5555100000000013
49911,1.551100000000001
49912,1.2036999999999984
49913,1.4475400000000005
49914,1.708149999999999
49915,1.9698599999999988
49916,1.4549000000000003
49917,2.17202
49918,1.6062700000000003
49919,1.6969999999999996
49920,1.8363800999999997
49921,2.7053814999999997
49922,1.8279400000000008
49923,2.361760500000002
49924,2.8281799999999997
49925,1.7148501000000007
49926,1.9731706
49927,2.5871304999999984
49928,1.6387399999999992
49929,1.5764399999999994
49930,2.512991000000001
49931,1.6804200000000007
49932,1.37459
49933,1.7580405999999988
49934,1.278670000000001
49935,2.6210299999999993
49936,4.231882499999998
49937,1.500539999999999
49938,1.9817204999999993
49939,1.6122799999999993
49940,2.8721715999999997
49941,2.8203406999999983
49942,1.9681802000000008
49943,1.5494400000000004
49944,1.4634200000000004
49945,1.5508000000000002
49946,1.5650905
49947,2.0979199999999993
49948,2.19062
49949,1.9844504999999995
49950,2.2583953000000005
49951,1.5018999999999998
49952,2.201149999999997
49953,3.5280100000000014
49954,2.5892401000000005
49955,1.7642002000000006
49956,3.096562699999999
49957,1.5991000000000009
49958,3.0220238999999993
49959,1.4565199999999994
49960,1.5034800000000001
49961,2.7728999999999995
49962,1.9420503999999996
49963,2.093620100000001
49964,2.359880000000002
49965,1.2899800000000008
49966,1.054100100000001
49967,2.1912602999999997
49968,1.3118000000000003
49969,3.1223804999999993
49970,2.2986203000000005
49971,1.9397000999999998
49972,2.0210700000000004
49973,1.9313099999999996
49974,3.291482499999999
49975,1.9761812999999997
49976,2.1599299999999997
49977,1.922090000000001
49978,2.292810000000001
49979,2.8166901999999983
49980,1.8463904
49981,1.7226200000000005
49982,2.0709302000000007
49983,2.3771999999999975
49984,2.455360099999999
49985,2.714671500000001
49986,4.862005799999993
49987,1.61729
49988,1.9125300000000007
49989,1.5368601999999996
49990,1.9184707000000012
49991,2.7792005
49992,1.8493807000000015
49993,1.77186
49994,1.9388299999999987
49995,2.229920000000001
49996,1.9141514000000008
49997,2.0842099999999983
49998,1.1587400000000003
49999,2.5297401999999987
50000,1.51393
50001,2.2476499999999997
50002,3.0217102000000007
50003,1.8617505000000014
50004,2.1153803
50005,1.6830505000000002
50006,1.7186399999999995
50007,2.1469304999999994
50008,3.7363319999999978
50009,2.426110900000002
50010,1.3485800000000017
50011,1.8925299999999994
50012,1.6026400000000003
50013,1.9993999999999996
50014,2.6323708000000003
50015,2.5458299999999996
50016,1.8677600999999995
50017,3.004270099999999
50018,1.1977402000000001
50019,1.7467599999999996
50020,1.9238412999999988
50021,2.216230000000001
50022,1.9421799999999998
50023,3.0022800000000007
50024,4.330274299999997
50025,1.2986401000000012
50026,1.6143700000000012
50027,1.0320300000000004
50028,1.4480300000000002
50029,2.147369999999999
50030,1.8476904000000003
50031,1.6388299999999998
50032,3.4726739999999996
50033,1.8851702999999986
50034,3.7507099999999998
50035,4.583607499999994
50036,3.0424726999999994
50037,1.2457400000000005
50038,2.005259999999998
50039,1.7772000000000003
50040,2.6379201
50041,1.5155400000000006
50042,1.5695899999999987
50043,2.0837707000000005
50044,2.3108499999999994
50045,1.25055
50046,1.8030901999999998
50047,2.0304203000000003
50048,1.5859616000000005
50049,1.945559999999999
50050,1.5307599999999988
50051,1.869420000000001
50052,1.4874999999999992
50053,1.4126399999999995
50054,2.0228399999999995
50055,1.831019999999999
50056,1.4877199999999997
50057,3.184804
50058,1.2868600999999995
50059,1.4820300000000015
50060,2.148411300000001
50061,1.5024904000000006
50062,2.2414500999999993
50063,1.4328999999999996
50064,2.1856701999999997
50065,2.1177600999999986
50066,0.9100399999999996
50067,3.4317434999999974
50068,1.9074900000000001
50069,2.6452508000000012
50070,2.3106112999999993
50071,1.58087
50072,1.6264903000000006
50073,1.5176399999999988
50074,1.8712799999999994
50075,1.8853502999999998
50076,1.55075
50077,3.729423300000001
50078,1.58666
50079,1.77006
50080,1.1755100999999997
50081,2.7492316000000003
50082,2.04957
50083,1.7259705000000003
50084,2.9158423000000004
50085,1.4998799
50086,1.8972001999999994
50087,1.6808199999999998
50088,1.2082899999999999
50089,2.243721699999999
50090,1.3818300000000006
50091,2.734859033333334
50092,3.4237523000000003
50093,1.9704901000000001
50094,1.6696700000000002
50095,1.7337500000000003
50096,1.2110799999999993
50097,2.151431200000001
50098,1.2222799999999996
50099,3.5625712999999997
50100,2.0439607
50101,1.8324401999999993
50102,1.679939999999999
50103,2.5699716000000006
50104,2.6360504000000002
50105,1.2834200000000002
50106,1.9278799999999991
50107,2.3859607999999994
50108,1.506309999999999
50109,1.7867603999999997
50110,1.3472599999999997
50111,1.3583500000000006
50112,1.3851399999999998
50113,2.8769306999999973
50114,2.270059999999998
50115,1.4153699999999998
50116,1.6640000000000015
50117,1.74113
50118,2.2690119
50119,1.4190699999999987
50120,1.0192100000000002
50121,2.0283814999999983
50122,1.4072599999999997
50123,2.200740799999999
50124,1.90413
50125,1.6252002000000005
50126,1.409880199999999
50127,1.0502799999999992
50128,1.7874499999999978
50129,2.3859103000000004
50130,1.6354904000000006
50131,2.1272399999999996
50132,2.049430400000001
50133,1.0940401000000006
50134,2.554100099999998
50135,2.2421601000000004
50136,1.4869601000000006
50137,2.218240100000002
50138,1.5171900000000003
50139,1.4863503000000007
50140,1.620660099999999
50141,1.3512699999999982
50142,2.6923014999999997
50143,3.155390300000002
50144,2.7134617000000003
50145,1.7871200000000003
50146,2.9030910000000008
50147,3.0461300000000024
50148,1.8325501000000002
50149,1.7521799999999994
50150,1.8641400000000001
50151,3.229730999999997
50152,2.968224299999999
50153,1.3908404000000005
50154,2.0688502000000004
50155,2.125400300000001
50156,1.9865601999999998
50157,1.678949999999999
50158,3.470193499999999
50159,1.8595800000000011
50160,2.5923606000000006
50161,2.40153
50162,1.6393397999999997
50163,1.2787924999999998
50164,1.5517800000000006
50165,2.166671300000001
50166,1.2326400000000002
50167,1.5491302000000002
50168,1.9131201999999998
50169,1.7159403999999996
50170,1.4142799999999998
50171,2.133059999999999
50172,1.0875500000000002
50173,1.8470301999999992
50174,1.7683204000000001
50175,1.4253501000000015
50176,1.2659800999999986
50177,4.847597699999992
50178,1.6812703999999996
50179,1.9679001
50180,1.8661803000000001
50181,2.4960400000000003
50182,3.1381201000000005
50183,1.3805900999999998
50184,1.8930000000000007
50185,2.1774217999999994
50186,1.8605899999999997
50187,2.1896199999999992
50188,1.9292704000000003
50189,1.19778
50190,1.5689700000000013
50191,1.1560700000000004
50192,1.7744203
50193,2.7196903999999984
50194,1.6494400000000007
50195,1.3982999999999999
50196,1.9353905999999994
50197,2.5452999999999983
50198,1.8840300000000005
50199,1.345150100000001
50200,2.509771000000003
50201,1.1612100000000003
50202,2.831310499999999
50203,1.8028500000000007
50204,1.9111307000000004
50205,1.2396099999999999
50206,1.9695199999999986
50207,2.3280012999999995
50208,2.243770400000002
50209,1.4577900000000006
50210,4.269944799999994
50211,1.665159999999999
50212,1.9391499999999997
50213,3.2536317999999964
50214,1.8726000999999999
50215,2.156990699999999
50216,2.0276599999999987
50217,2.3597104000000004
50218,1.706970400000001
50219,2.0736599999999994
50220,2.0484502999999994
50221,2.165270200000001
50222,2.5619905000000007
50223,2.0858101999999987
50224,1.5232301999999998
50225,2.2060001999999996
50226,2.2663301000000002
50227,2.6768802
50228,1.4493207000000004
50229,1.528759999999999
50230,1.4144802
50231,1.5059503
50232,3.0108409999999974
50233,3.2777708000000003
50234,1.9968700000000006
50235,1.3910400000000005
50236,2.134559999999999
50237,1.5458399999999994
50238,3.1354309000000016
50239,2.5567805000000026
50240,3.673853999999997
50241,1.3692600000000001
50242,1.5619800000000004
50243,1.4430299999999994
50244,2.420221499999998
50245,1.7444199999999992
50246,1.600290399999999
50247,2.10843
50248,2.4758703
50249,1.6938899999999995
50250,1.4583401000000007
50251,1.5764602000000005
50252,1.5827600000000013
50253,2.7258501
50254,1.9965602999999987
50255,3.8337435999999974
50256,2.4732700999999992
50257,2.0497199999999993
50258,1.657450000000001
50259,1.9075499999999996
50260,2.100929999999999
50261,2.772170000000001
50262,1.2826901000000004
50263,2.23044
50264,1.7186799999999993
50265,1.5060399999999998
50266,3.829352299999997
50267,1.2451504000000007
50268,1.2939500000000006
50269,3.1078106999999995
50270,2.8339310000000006
50271,2.9614999999999982
50272,1.4048299999999998
50273,1.686100000000001
50274,2.2002710000000008
50275,1.3581204
50276,3.393152100000001
50277,2.767241099999999
50278,2.0761101000000006
50279,2.2014400999999992
50280,2.1186000000000016
50281,1.4842199999999994
50282,1.2986701000000007
50283,1.7087500999999998
50284,1.6686301999999993
50285,3.2169511999999996
50286,1.967019999999999
50287,2.0042699999999996
50288,2.1210999999999998
50289,3.3976025999999986
50290,2.075180000000002
50291,1.7932000000000006
50292,1.6645599999999998
50293,1.79582
50294,1.6010700000000009
50295,1.41347
50296,1.3484101000000004
50297,2.184199999999998
50298,2.1689701000000006
50299,1.496870300000001
50300,1.13388
50301,2.7555904000000013
50302,4.638208199999991
50303,1.547250000000001
50304,3.0788306
50305,2.1588306000000013
50306,2.565001799999998
50307,1.7302701000000003
50308,1.7447602
50309,1.6596099999999998
50310,1.7724601999999985
50311,2.209340000000001
50312,1.2699399999999996
50313,2.315400100000001
50314,2.7615606999999995
50315,1.6333799999999998
50316,1.8715100000000005
50317,1.28982
50318,2.7228301
50319,1.8106399999999987
50320,4.195974999999994
50321,2.4187117000000002
50322,1.07869
50323,1.7854700999999997
50324,1.6647999999999998
50325,1.7399900000000001
50326,3.4778028999999986
50327,2.325470100000002
50328,2.1271907000000003
50329,2.1015900000000003
50330,1.6644101000000016
50331,1.6155899999999987
50332,2.7885906
50333,4.315974199999995
50334,2.3676103000000013
50335,2.3843400000000003
50336,3.1701502999999964
50337,1.3129000000000008
50338,1.3848000000000005
50339,1.27341
50340,4.304415799999995
50341,1.4509899999999993
50342,2.1420306999999994
50343,2.0980803000000003
50344,1.4511300000000011
50345,2.5478725999999994
50346,4.084914899999995
50347,1.291020000000001
50348,2.06237
50349,1.9372300000000002
50350,2.036111299999999
50351,2.9153515999999997
50352,1.26939
50353,2.7979803999999997
50354,1.8033599999999992
50355,1.8063303
50356,1.4544300000000003
50357,2.026950599999999
50358,1.7572900000000007
50359,2.0238600000000018
50360,1.8248794404761914
50361,1.6485400000000008
50362,1.5966699999999998
50363,2.7352501999999985
50364,1.8020704999999981
50365,1.6163899999999984
50366,1.5869399999999998
50367,1.610810100000001
50368,1.8969399999999985
50369,2.111720599999999
50370,2.2158699999999993
50371,1.9319999999999993
50372,2.0790501999999993
50373,1.41515
50374,1.5179299999999991
50375,1.5827202000000005
50376,4.254125299999995
50377,2.0150099999999993
50378,1.9304305999999993
50379,1.6559202
50380,2.161690000000001
50381,1.8699300000000014
50382,2.0818010000000022
50383,1.9712600999999992
50384,2.016790000000001
50385,2.8256202999999993
50386,2.06332
50387,3.070370799999998
50388,2.4500819
50389,1.2317002000000001
50390,2.6165800000000035
50391,1.7698800999999995
50392,2.8325007000000015
50393,1.4277000000000002
50394,1.8954109
50395,2.9439501999999997
50396,1.9841200999999995
50397,1.8655709000000003
50398,1.6982699999999997
50399,3.323590100000002
50400,2.106749999999999
50401,1.6558803999999998
50402,2.0203901999999996
50403,1.8553099999999991
50404,1.4089500000000001
50405,1.3366725
50406,1.7342899999999997
50407,3.160609999999998
50408,1.9983908999999989
50409,2.1349601000000002
50410,2.1574702000000023
50411,1.5607202000000004
50412,2.212630299999998
50413,3.2801995666666657
50414,2.3255799999999986
50415,3.4346410000000005
50416,1.3992302
50417,1.5191500000000007
50418,2.4434206999999986
50419,1.608780000000001
50420,1.4058700000000002
50421,1.5990002000000003
50422,1.7017300000000009
50423,3.6980111
50424,1.8115000000000003
50425,2.6238601000000004
50426,2.7841356999999984
50427,1.7403203999999997
50428,2.3123699999999987
50429,1.76798
50430,1.2129200000000002
50431,2.8987705000000012
50432,1.3691200000000006
50433,3.8624121999999987
50434,2.119321099999999
50435,1.8981999999999999
50436,2.4080310999999996
50437,1.7602599999999984
50438,1.9018900000000005
50439,3.480222799999999
50440,2.1545599999999983
50441,1.6592099999999994
50442,2.0479700000000016
50443,1.8820905000000006
50444,1.8332700999999993
50445,3.879654699999997
50446,1.534159999999999
50447,1.5738102000000007
50448,1.9265700000000001
50449,1.4889799999999997
50450,2.309729999999999
50451,1.4698100000000014
50452,1.3000600000000002
50453,1.2902699999999998
50454,1.8616100000000009
50455,2.496940100000001
50456,2.4647000999999986
50457,2.844930200000001
50458,2.980770000000001
50459,1.53351
50460,1.8631300000000002
50461,2.0563000000000007
50462,1.7401800000000003
50463,2.8907516
50464,1.8458400000000006
50465,1.9409300000000007
50466,1.8779700000000015
50467,1.5445204
50468,1.5699500000000006
50469,1.4758000000000002
50470,2.0877609999999978
50471,1.8825699999999999
50472,1.6050000000000006
50473,2.486290699999999
50474,1.552580000000001
50475,2.0708106
50476,1.3932999999999995
50477,2.3723905999999992
50478,1.2693700999999988
50479,2.7713902999999993
50480,2.440720399999999
50481,2.4982903999999992
50482,1.6488799999999995
50483,2.0437909000000003
50484,1.7041499999999998
50485,1.4661300000000008
50486,1.6727799999999997
50487,1.5186005000000002
50488,2.7687804999999996
50489,2.2855800000000004
50490,3.0079911
50491,1.6800099999999998
50492,4.552492199999995
50493,1.5218002000000002
50494,1.229200000000001
50495,1.9146499999999989
50496,1.4215200000000003
50497,2.346330200000001
50498,1.7981600000000006
50499,1.8904600000000003
50500,3.125772299999998
50501,2.9389618000000013
50502,1.2150302000000008
50503,1.7471011000000018
50504,2.4753102999999985
50505,3.3470307999999984
50506,1.78595
50507,1.76055
50508,2.1801119000000013
50509,3.9904718
50510,1.6731400000000003
50511,1.7258899999999997
50512,1.8866099999999992
50513,2.2183200999999997
50514,2.1305408000000003
50515,1.6314306999999995
50516,2.116270400000001
50517,1.6692400999999983
50518,2.178520500000001
50519,2.4585999999999983
50520,1.5495999999999992
50521,1.4967200000000007
50522,2.6662899999999996
50523,1.6924800000000004
50524,1.975769999999998
50525,1.5300899999999993
50526,1.5208999999999997
50527,1.7350960000000004
50528,1.2542699999999998
50529,1.4261699999999993
50530,3.6461132999999983
50531,1.4051700000000003
50532,1.7139299999999995
50533,2.4568100000000017
50534,3.5377922999999982
50535,2.6258803
50536,1.3823500000000004
50537,1.8618599999999994
50538,1.8416500000000002
50539,2.6039700000000003
50540,1.2899200000000008
50541,1.7100700000000004
50542,2.25774
50543,1.5746600000000008
50544,1.9474100000000008
50545,1.4615001
50546,1.7295002000000008
50547,1.8542899999999989
50548,2.6577628000000004
50549,2.3694303999999984
50550,1.935630399999999
50551,1.4918407000000002
50552,2.0750104
50553,1.3887703000000002
50554,1.3176608000000007
50555,1.7429299999999985
50556,1.1853100999999997
50557,1.57134
50558,2.4926209000000004
50559,4.8894647999999945
50560,3.238269999999998
50561,1.0394401
50562,2.461399999999998
50563,2.5244606000000007
50564,2.527039999999998
50565,2.3050002000000003
50566,1.9222507
50567,1.3050799999999996
50568,1.745599999999999
50569,1.6721850999999992
50570,2.147620199999999
50571,2.18991
50572,0.96276
50573,2.023479999999999
50574,1.4842900000000003
50575,1.6135399999999986
50576,1.9463300000000014
50577,1.6950403
50578,2.23267
50579,1.75892
50580,1.32582
50581,1.2615799999999993
50582,2.153509999999998
50583,3.1618916999999995
50584,1.5664799999999994
50585,2.5138406000000004
50586,2.344110399999999
50587,1.0564800000000005
50588,1.3928501000000009
50589,2.2167801999999974
50590,2.328390800000001
50591,2.8333602
50592,2.0848605000000004
50593,1.2620199999999997
50594,1.9680001000000003
50595,1.9388506
50596,1.9967501
50597,3.325781899999999
50598,1.5234600000000003
50599,2.0880221999999997
50600,1.6582701000000002
50601,1.844940000000001
50602,2.686640300000002
50603,1.7582400999999988
50604,2.4468616
50605,1.5952699999999993
50606,1.7317400000000003
50607,1.6077999999999986
50608,2.880492
50609,1.922869999999999
50610,2.9023906999999993
50611,1.979780200000001
50612,2.0443903000000008
50613,1.316669999999999
50614,1.6278299999999988
50615,2.0635400000000006
50616,2.987063599999999
50617,1.6329199999999986
50618,2.6121907999999996
50619,1.9881099999999998
50620,2.362870800000001
50621,4.989649899999989
50622,2.3852500000000005
50623,1.58362
50624,1.5839303000000005
50625,2.2168425666666653
50626,2.3247800000000014
50627,2.7180334000000004
50628,2.026910199999999
50629,2.4740303999999975
50630,1.3480799999999993
50631,1.5941200000000009
50632,1.7558899999999997
50633,2.023879999999999
50634,1.6735000000000002
50635,2.0817600000000014
50636,2.5629012999999987
50637,1.5256099999999986
50638,2.2977902000000006
50639,1.29998
50640,2.9568600999999983
50641,1.48778
50642,3.010170199999999
50643,1.631060000000001
50644,1.6474999999999997
50645,1.7675300000000005
50646,1.8421499999999988
50647,1.8982902000000008
50648,2.2435800000000015
50649,1.5714002000000005
50650,2.2200910000000005
50651,0.8865399999999994
50652,1.7816600000000005
50653,2.3397422000000008
50654,1.5104101000000005
50655,1.9121501
50656,2.6404401999999982
50657,1.67031
50658,2.16499
50659,1.7061400000000009
50660,2.4059202999999996
50661,2.914830999999999
50662,1.5804600000000004
50663,2.2088304999999986
50664,2.3359700000000005
50665,2.407319999999999
50666,1.8357101000000007
50667,1.6239199999999985
50668,2.643219999999999
50669,1.9450299999999998
50670,1.6239303999999992
50671,1.6102200000000004
50672,1.8683899999999993
50673,1.7981205999999994
50674,0.8939199999999999
50675,2.4451207999999975
50676,1.6649483333333328
50677,3.712092800000002
50678,2.044670000000001
50679,1.7874000000000008
50680,1.7273500000000006
50681,3.509472300000001
50682,3.162391900000001
50683,1.4928000000000012
50684,1.4706001000000006
50685,1.3273799999999991
50686,1.8500401000000004
50687,2.0426302000000005
50688,1.7421100000000005
50689,1.9147901999999997
50690,1.9087099999999995
50691,1.0418700000000005
50692,1.6696499999999994
50693,1.4920400000000003
50694,2.2840502000000003
50695,1.6262500000000009
50696,0.7556500000000007
50697,2.373020299999999
50698,1.5631799999999998
50699,1.9076299999999997
50700,1.5307099999999993
50701,1.7014199999999995
50702,1.8788500999999997
50703,2.7698104999999993
50704,2.2099500999999986
50705,1.4915299999999985
50706,1.8464407999999997
50707,1.561700099999999
50708,4.484384899999994
50709,1.6401000000000008
50710,1.6663499999999996
50711,1.7074402000000017
50712,1.8207802000000006
50713,2.069930500000001
50714,2.2823500000000005
50715,1.3148104000000007
50716,3.7811752999999952
50717,2.133480399999998
50718,2.873370499999999
50719,1.8815001999999996
50720,1.5301800000000012
50721,2.5762799999999983
50722,3.2648227
50723,1.7496500000000008
50724,1.66958
50725,1.0298600000000002
50726,2.1994906999999984
50727,2.4758605000000005
50728,1.4136499999999996
50729,1.703720099999999
50730,1.6480001
50731,2.4271716000000016
50732,2.5932303
50733,2.1731000999999983
50734,1.4467206
50735,2.3810699999999994
50736,3.7297826999999986
50737,2.2326399999999995
50738,1.9888700000000012
50739,1.869870000000001
50740,1.9270400000000008
50741,3.0945109000000017
50742,1.4671499999999997
50743,1.5544000000000002
50744,2.3884
50745,1.796400099999999
50746,1.8769399999999994
50747,1.3976600999999989
50748,1.337030100000001
50749,1.5926399999999998
50750,1.9945300000000015
50751,1.9416106000000002
50752,1.5839299999999994
50753,2.6498407
50754,2.072380000000001
50755,2.650391299999999
50756,1.6991799999999997
50757,4.250604599999995
50758,1.5991399999999991
50759,1.8838008
50760,2.2719711
50761,1.4694400999999992
50762,1.5460299999999998
50763,2.211199999999999
50764,1.7148904000000005
50765,1.4766500000000014
50766,1.35382
50767,1.7782399999999996
50768,3.075830800000001
50769,1.7327796
50770,4.264247499999994
50771,1.8385700000000011
50772,2.2005904999999997
50773,2.336591499999999
50774,1.8306799999999983
50775,2.0793704000000006
50776,1.777690100000001
50777,2.769243499999999
50778,1.9015999999999986
50779,1.7411402
50780,1.7433099999999992
50781,1.6130399999999998
50782,1.6202499999999989
50783,2.3741523999999994
50784,1.193929999999999
50785,1.6688399
50786,2.0965499999999997
50787,2.808270099999999
50788,2.117790000000001
50789,1.9602205000000017
50790,2.2063799999999993
50791,1.4588699999999988
50792,2.3394801
50793,1.7151000000000014
50794,2.0341500000000012
50795,2.1178701
50796,1.862029999999999
50797,1.9009900000000013
50798,1.712300099999999
50799,2.1168406000000006
50800,1.8833905999999998
50801,1.20798
50802,2.3028608999999993
50803,3.0280206000000014
50804,2.0759801000000007
50805,1.7944700000000011
50806,1.8007207999999997
50807,1.2120299999999988
50808,1.965229999999999
50809,2.3838303000000014
50810,1.3346802999999996
50811,1.7115100000000008
50812,2.4094302999999986
50813,2.0656200999999994
50814,1.6276502000000006
50815,2.1677000000000004
50816,1.5282300000000013
50817,1.7655800999999993
50818,2.0865400000000003
50819,1.9975399999999985
50820,3.7198201999999982
50821,1.5006300000000001
50822,1.337149999999998
50823,1.8431804999999999
50824,2.2029212
50825,2.3007109
50826,1.8755711000000002
50827,3.692683799999996
50828,3.355481299999998
50829,1.5989699999999984
50830,1.7411301000000003
50831,2.7176099999999987
50832,2.162800300000001
50833,1.9123302999999998
50834,1.5943199999999988
50835,3.5247906999999983
50836,3.2758700999999992
50837,2.0172700999999997
50838,1.6732799999999992
50839,1.4074699999999996
50840,1.8277804000000004
50841,1.8863399999999977
50842,1.5766699999999991
50843,1.8592799999999994
50844,1.7204501000000005
50845,2.53289
50846,3.4077629999999974
50847,1.8889606
50848,3.1883711
50849,1.7061702999999995
50850,3.855673399999997
50851,1.9278500000000012
50852,1.7874801000000005
50853,1.5665600999999996
50854,2.1309200000000006
50855,4.368237099999995
50856,1.37152
50857,1.62128
50858,2.2110310999999996
50859,1.7438099999999996
50860,1.5844300000000002
50861,1.8498802999999997
50862,4.757508099999991
50863,1.4354899999999997
50864,1.7670511999999996
50865,1.6181200000000004
50866,1.3669400000000007
50867,2.618810099999999
50868,2.622390000000001
50869,2.6427001000000008
50870,4.60031809999999
50871,2.6227812
50872,2.6911519000000004
50873,1.6079401999999998
50874,4.170536099999995
50875,1.5149200999999997
50876,2.5514205999999997
50877,1.8026400000000005
50878,2.0744801
50879,2.058020800000001
50880,2.1068304
50881,2.740710999999998
50882,3.7010710999999996
50883,2.1922201000000014
50884,2.6860800999999985
50885,1.4335104000000003
50886,1.6476400000000004
50887,2.3346001000000003
50888,1.6709505000000002
50889,1.5907201000000013
50890,1.7365908000000008
50891,1.8850099999999985
50892,1.4998399999999992
50893,1.3244799999999999
50894,3.1578400999999996
50895,2.3042801000000015
50896,2.8087902
50897,1.8495702000000003
50898,1.4209600000000002
50899,1.1092100000000003
50900,1.6863304000000015
50901,1.8650402999999995
50902,2.48131
50903,1.8977900000000008
50904,1.5863701000000006
50905,1.7408499999999996
50906,1.2058801000000006
50907,1.553200000000001
50908,1.9153599999999997
50909,1.3132000000000001
50910,1.1682301000000004
50911,1.258530199999999
50912,2.3417400000000015
50913,3.983554799999999
50914,1.7969199999999992
50915,2.41797
50916,1.9335400999999999
50917,3.0895304999999977
50918,1.7730200999999988
50919,1.6219800000000015
50920,2.9519003
50921,1.1428401000000006
50922,2.02762
50923,1.9637099999999996
50924,1.8135008999999993
50925,2.1353100000000005
50926,2.5699908000000016
50927,1.613430000000001
50928,4.056653199999998
50929,1.7690799999999995
50930,1.3541900000000007
50931,1.96781
50932,2.0338499999999997
50933,2.5926302000000003
50934,1.8137203999999993
50935,2.9116418999999985
50936,1.5777599999999998
50937,1.1126299999999987
50938,3.178740000000001
50939,1.3808600999999994
50940,1.6678199999999996
50941,4.613007299999993
50942,2.1705700000000006
50943,2.655070900000002
50944,1.5527799999999994
50945,3.5377633999999984
50946,1.2348099999999989
50947,1.945070000000001
50948,1.9525100999999996
50949,1.726999999999999
50950,1.7136899999999997
50951,3.3630520999999978
50952,2.2198700999999996
50953,2.4812611
50954,1.9018400000000006
50955,1.9666501000000014
50956,1.4530399999999997
50957,2.4840709000000007
50958,1.7158999999999995
50959,1.6516600000000006
50960,3.412070499999999
50961,2.02447
50962,1.2333600000000002
50963,1.9424606000000013
50964,1.3475800999999992
50965,1.7164800000000004
50966,1.6057601999999995
50967,2.23098
50968,1.4604101
50969,1.6628101999999996
50970,3.2145402999999995
50971,1.9576000000000011
50972,2.1881222000000005
50973,2.3486012
50974,2.5164514000000007
50975,2.7193906000000005
50976,1.908400399999999
50977,1.3960400000000006
50978,2.50652
50979,1.7418112000000006
50980,1.5835800000000004
50981,1.9812501000000007
50982,2.8284122
50983,2.244810099999998
50984,1.4520199999999994
50985,2.4902304000000015
50986,1.5012949999999996
50987,2.03256
50988,1.7651199999999998
50989,1.2128801000000002
50990,1.4893900000000004
50991,4.873058299999993
50992,1.6140199999999996
50993,1.825300199999999
50994,3.184160399999998
50995,1.3772199999999986
50996,1.779030000000001
50997,1.7076100000000003
50998,1.6469199999999997
50999,2.6081704000000014
51000,1.6747500000000004
51001,1.5803499999999997
51002,2.0227302999999996
51003,1.9364698999999999
51004,1.7126900999999992
51005,2.1940801000000003
51006,1.5818199999999998
51007,1.7297800999999986
51008,2.07293
51009,1.481569999999999
51010,3.0872810000000004
51011,1.6142000000000005
51012,1.6800605000000002
51013,3.159932
51014,2.998470000000001
51015,1.8166500000000008
51016,1.5268100999999998
51017,1.54237
51018,2.4970699999999995
51019,3.6699543999999986
51020,1.7310799999999995
51021,2.889700600000001
51022,2.24487
51023,2.1380599999999976
51024,4.566957199999994
51025,1.9881899999999992
51026,1.7831902
51027,3.489492900000002
51028,2.067350599999999
51029,2.1389402999999985
51030,1.7995200000000002
51031,1.4521301
51032,1.9235203000000007
51033,4.563726299999993
51034,1.8913506000000004
51035,2.0751302
51036,2.0651303999999975
51037,1.7649000000000001
51038,1.4660299999999995
51039,2.4995404999999984
51040,1.6318799999999993
51041,1.6757600000000001
51042,2.3622400999999993
51043,2.989152500000001
51044,1.5535799999999995
51045,1.3468500000000003
51046,1.1945599999999992
51047,2.0024803
51048,2.128120000000001
51049,2.267050200000001
51050,3.468021099999999
51051,1.2773301000000004
51052,2.492859999999999
51053,2.14882
51054,2.3167904000000004
51055,1.2389103000000006
51056,1.4812800000000002
51057,1.5510007000000003
51058,1.4037099999999996
51059,1.9389900000000013
51060,2.465140000000001
51061,1.6408500999999998
51062,2.0236702999999996
51063,1.6232700000000007
51064,2.4508800999999987
51065,2.9782624999999996
51066,2.379020200000002
51067,2.2916803000000003
51068,1.6567000999999997
51069,1.6521209999999997
51070,1.7918203000000006
51071,1.7782400999999997
51072,1.8201399999999999
51073,2.4885599999999997
51074,1.4210300999999996
51075,1.3833600000000004
51076,1.8398002999999996
51077,1.5712999999999995
51078,1.7786399999999996
51079,2.2096701
51080,2.1882204999999995
51081,2.169360800000003
51082,2.522100000000003
51083,1.6440302000000002
51084,3.1202800999999996
51085,1.4350801999999998
51086,1.1773399999999996
51087,1.595970000000001
51088,1.9347899999999998
51089,2.4696301000000016
51090,1.9761403999999998
51091,1.6869100000000015
51092,1.9873699999999983
51093,1.6233804000000012
51094,2.2954605000000017
51095,3.096280000000002
51096,1.1920200999999995
51097,1.6843799999999995
51098,2.4804200000000014
51099,2.4733404999999995
51100,1.9579699999999987
51101,2.070430799999999
51102,1.8911006000000001
51103,2.6198306999999996
51104,1.6542799999999993
51105,1.50615
51106,1.5525000000000007
51107,1.6997202999999999
51108,1.5070401000000004
51109,1.996596000000001
51110,2.5545918999999984
51111,1.8186600000000013
51112,1.8074399999999995
51113,1.9581600999999986
51114,1.5877799999999995
51115,1.8668099999999999
51116,2.0142900000000004
51117,1.5436299999999996
51118,1.8923699999999997
51119,1.8871599999999995
51120,1.5640901999999999
51121,1.4320399999999989
51122,1.60273
51123,2.662271
51124,1.3826001000000003
51125,1.229550000000001
51126,1.08024
51127,2.3083603999999993
51128,1.79473
51129,1.9205202
51130,1.2675604000000003
51131,2.0789903
51132,1.637010400000001
51133,2.2720199999999995
51134,1.6091100000000003
51135,1.432339999999999
51136,2.0327405
51137,4.257534999999997
51138,3.2790110999999995
51139,1.7120401000000003
51140,1.9381400000000004
51141,1.8669602000000005
51142,1.80171
51143,2.232970800000002
51144,1.6340200000000007
51145,2.4155805
51146,1.9484003000000003
51147,2.0878099999999984
51148,1.6976199999999995
51149,1.7582500000000012
51150,2.0101501000000006
51151,1.8115900000000007
51152,2.634400000000001
51153,1.3646501
51154,1.8759100999999994
51155,1.5716700000000006
51156,1.9022699999999992
51157,1.4075604999999987
51158,1.6011699999999993
51159,3.2128723999999966
51160,1.6189600000000002
51161,1.5999599999999996
51162,1.9084803999999993
51163,4.422003199999993
51164,1.2943299999999995
51165,1.4541100000000007
51166,1.7018602000000014
51167,1.5579999999999987
51168,2.3349203999999992
51169,3.669601899999998
51170,1.932700000000001
51171,1.4151199999999995
51172,1.9886500000000011
51173,1.7223001000000004
51174,2.1174200000000005
51175,3.974416199999996
51176,2.0835201
51177,1.9310499999999997
51178,1.5397899999999998
51179,1.607
51180,2.4092105
51181,3.4974317999999998
51182,2.058740299999999
51183,3.4633806999999983
51184,2.576300199999998
51185,1.5673899999999994
51186,1.485334999999999
51187,1.888130099999999
51188,1.7821899999999997
51189,1.4030003000000002
51190,1.3570600000000008
51191,1.4045299999999994
51192,1.999640300000001
51193,1.9175302999999997
51194,1.096959999999999
51195,2.1968699999999988
51196,1.6345500000000002
51197,2.6544004999999995
51198,2.795753299999999
51199,3.421893299999999
51200,1.9111400999999992
51201,4.619236799999995
51202,3.2103511000000005
51203,2.5767200000000012
51204,1.12726
51205,2.326860300000002
51206,1.7457600000000002
51207,1.0975801
51208,1.5995200999999992
51209,3.5447337999999977
51210,2.4863006000000003
51211,1.2113699999999994
51212,2.174599999999999
51213,2.5506508999999995
51214,4.0038723
51215,1.5293401000000002
51216,1.870759999999999
51217,2.74588
51218,2.465419999999998
51219,2.4839399999999996
51220,2.06738
51221,2.6220000000000003
51222,1.4646803000000006
51223,1.7939700000000003
51224,1.7663199999999994
51225,2.0769699999999998
51226,1.7118506000000002
51227,1.5916199999999998
51228,1.6699605000000006
51229,1.871350000000001
51230,1.6076700000000006
51231,1.9724104000000018
51232,2.0844401999999977
51233,2.16969
51234,1.7049500000000004
51235,2.018001099999998
51236,1.3916600000000003
51237,2.208846399999999
51238,1.272060199999999
51239,1.732520199999999
51240,3.0343802999999987
51241,2.4441713000000016
51242,1.7177699999999994
51243,1.746460000000001
51244,1.618370200000001
51245,1.5288900000000003
51246,1.2699900000000002
51247,1.7631906000000006
51248,1.5664400999999986
51249,1.3576199999999994
51250,2.9777604
51251,1.7909703
51252,2.0638102999999997
51253,3.078141199999997
51254,1.911059999999999
51255,1.6120100000000006
51256,1.9563899999999999
51257,1.5791200000000005
51258,3.2843503999999974
51259,1.6518201
51260,1.9914904000000007
51261,1.8542303999999994
51262,2.126209999999999
51263,3.1291611000000006
51264,3.387572599999997
51265,2.1970603999999985
51266,1.70725
51267,1.8430216000000008
51268,1.4408301000000008
51269,1.8455600999999988
51270,3.227351
51271,2.8993000999999983
51272,3.8319513
51273,2.534360400000003
51274,1.1955199999999992
51275,0.8764682000000008
51276,1.8707800000000008
51277,2.3054002
51278,1.9726906
51279,3.4844133999999967
51280,1.7880999999999998
51281,3.1129210000000005
51282,1.7771000000000006
51283,2.4109416000000006
51284,2.37621
51285,1.6779233333333323
51286,2.0327900999999997
51287,2.5962209000000005
51288,1.8612203999999999
51289,1.46307
51290,1.2269300999999981
51291,1.9921002999999997
51292,1.7012800999999995
51293,1.2402707000000008
51294,1.1644001
51295,1.930470000000001
51296,2.7803512
51297,1.8483308000000012
51298,2.508150600000001
51299,1.53643
51300,1.702000000000001
51301,1.5066199999999994
51302,1.1317901000000001
51303,2.1652402
51304,1.9349800000000004
51305,2.1042207000000004
51306,1.9272800000000005
51307,2.08699
51308,1.4455300000000009
51309,2.885580700000001
51310,1.741010100000001
51311,1.8001706000000002
51312,2.4686400999999987
51313,1.8462001999999993
51314,1.7839801000000002
51315,2.2529101000000007
51316,1.63845
51317,1.2517302
51318,1.5079199999999993
51319,2.3115399999999995
51320,2.2224599999999985
51321,3.396884599999997
51322,2.242740200000002
51323,1.8035301
51324,1.8830733333333327
51325,1.76266
51326,2.3361699999999996
51327,1.6711200000000017
51328,1.9126705999999993
51329,1.77771
51330,2.1173400000000004
51331,1.848880199999999
51332,3.391400200000001
51333,1.8272202000000002
51334,1.8634401999999985
51335,1.393120000000001
51336,1.4135399999999994
51337,1.81562
51338,1.8209900000000006
51339,3.6532699999999987
51340,1.5630099999999993
51341,2.0744200000000017
51342,1.9660405000000005
51343,3.4994230999999996
51344,2.4769899999999994
51345,3.2538099999999988
51346,1.935761300000002
51347,2.4151499999999992
51348,1.801169999999999
51349,2.650770899999998
51350,1.3631999999999993
51351,1.3974608000000006
51352,1.9387500000000002
51353,1.8449801000000001
51354,2.2534400000000003
51355,2.1076099999999998
51356,2.4655114999999994
51357,1.6564902999999997
51358,3.010522199999999
51359,1.9096899999999999
51360,3.326450700000001
51361,1.9678914
51362,1.4378301000000016
51363,1.93767
51364,1.4693800000000001
51365,1.6064124999999998
51366,1.6480599999999996
51367,3.632151300000002
51368,2.228010000000001
51369,1.309150299999999
51370,1.4559899999999997
51371,2.555720000000003
51372,2.508331600000001
51373,1.1036399999999993
51374,2.0517904999999987
51375,1.8681604000000005
51376,2.6392799999999967
51377,2.438189999999999
51378,1.8427600999999998
51379,1.5084401000000005
51380,3.1670707000000005
51381,2.027799999999999
51382,1.5201999999999998
51383,2.06355
51384,2.532731300000001
51385,1.9631599999999993
51386,1.5537800000000006
51387,3.5748924999999985
51388,2.4487199999999985
51389,2.2492199999999993
51390,1.649219999999999
51391,3.4175304
51392,1.854140099999998
51393,2.922250500000002
51394,2.2438299999999995
51395,3.308330499999997
51396,2.4681006000000023
51397,2.5767002999999993
51398,3.230720999999999
51399,2.3364999999999987
51400,1.958449999999999
51401,2.3138103999999995
51402,1.8677601999999984
51403,2.6901812000000005
51404,1.608630000000001
51405,2.5124600000000012
51406,1.3176299999999999
51407,1.6293700000000002
51408,1.92465
51409,1.384989999999999
51410,1.6130901000000002
51411,1.2458199999999997
51412,1.9033599999999995
51413,1.7585903999999994
51414,1.5879200000000013
51415,2.404068200000001
51416,3.1208200999999987
51417,1.8126101000000008
51418,2.2126312000000006
51419,1.0650100000000005
51420,1.6794699999999998
51421,1.9221999999999997
51422,1.8675800000000007
51423,3.6058711999999997
51424,2.1459300000000012
51425,1.7816800999999995
51426,1.9327903000000013
51427,4.201454999999995
51428,1.9583199999999992
51429,1.8997501999999986
51430,1.7942399999999994
51431,1.905150700000002
51432,2.4476204999999998
51433,1.6742804000000004
51434,1.7824499999999999
51435,1.7757400000000003
51436,1.2599999999999993
51437,1.9397800000000003
51438,3.3234109999999992
51439,2.1920702
51440,1.7173103999999997
51441,3.3189201000000037
51442,1.1798400000000004
51443,1.8657500999999999
51444,1.288940000000001
51445,1.9671301999999995
51446,1.7596504999999991
51447,1.9879504999999997
51448,1.788780199999999
51449,1.8932501
51450,1.6444500999999985
51451,1.5630000000000004
51452,1.702981099999999
51453,2.0853809
51454,2.1832600999999996
51455,1.8020103
51456,2.173720300000001
51457,1.872990299999998
51458,1.6284201000000005
51459,2.3838399999999997
51460,1.269670199999999
51461,2.3440722000000007
51462,1.3785500000000002
51463,1.4659399999999994
51464,2.8727604000000007
51465,1.6967200000000011
51466,1.4986800000000002
51467,1.9914599999999985
51468,2.1559901999999997
51469,2.257499999999999
51470,1.7278199999999992
51471,1.8647999999999991
51472,1.9418299999999986
51473,2.388910999999999
51474,1.674049999999999
51475,1.9202499999999987
51476,3.4462519000000005
51477,1.76455
51478,1.8270700000000013
51479,3.247170200000001
51480,4.707827899999991
51481,2.0163905000000004
51482,2.4723900000000025
51483,1.7350600000000003
51484,1.6386200000000004
51485,3.3116015000000005
51486,1.4110999999999996
51487,2.0699900000000016
51488,1.7346502999999998
51489,2.382981099999999
51490,2.06206
51491,2.4947506000000024
51492,1.6706899999999996
51493,1.465060000000001
51494,1.7259000999999992
51495,1.8082401
51496,2.4558400000000007
51497,1.6310500000000006
51498,2.810320299999998
51499,2.0510200000000007
51500,1.7884799999999987
51501,1.7279002999999986
51502,1.3995900000000001
51503,1.7586799999999994
51504,1.7145308
51505,1.7821900999999982
51506,2.6800707000000012
51507,1.5223099999999994
51508,1.8820604
51509,3.189410799999997
51510,1.2398200000000013
51511,1.6765103
51512,2.3329601
51513,1.0232501000000007
51514,1.4239600000000003
51515,2.2209703000000003
51516,1.5023199999999985
51517,1.479
51518,1.6623700000000008
51519,1.722970000000001
51520,2.2841300999999996
51521,2.3194499999999976
51522,1.4350999999999994
51523,1.320220099999999
51524,1.25796
51525,1.5071400000000006
51526,1.9931099999999993
51527,1.8294205000000003
51528,2.2224599999999963
51529,2.493320000000003
51530,1.4086904000000002
51531,2.3746800999999986
51532,2.5093601999999997
51533,2.042420599999997
51534,2.6867405999999994
51535,2.3736101
51536,2.5084299999999997
51537,1.6510099999999992
51538,1.5804500000000008
51539,1.8367208
51540,1.5841700000000012
51541,3.6623126999999966
51542,2.3331
51543,1.1686200000000004
51544,1.7581299999999995
51545,1.7501900000000008
51546,1.8929303999999996
51547,1.844340100000001
51548,1.7311799999999986
51549,2.427760700000001
51550,2.3833102999999984
51551,2.1776900000000006
51552,2.3056601
51553,1.5756000999999997
51554,1.566159999999999
51555,1.2654400999999995
51556,2.8533499999999994
51557,2.992930100000001
51558,1.7197199999999997
51559,1.5922602000000003
51560,3.085403499999998
51561,1.9962100000000018
51562,1.8547899999999986
51563,2.8045712999999997
51564,2.649697966666667
51565,1.0770799999999994
51566,2.6177228333333336
51567,1.5580700000000005
51568,2.3751401999999984
51569,3.5989128999999966
51570,2.1326201999999985
51571,1.1454003
51572,2.4670802000000003
51573,1.5870399999999996
51574,2.8984529000000006
51575,1.6712502000000002
51576,2.010839999999998
51577,2.9846812000000025
51578,1.9838302999999984
51579,1.8020399999999999
51580,2.5262601
51581,2.16583
51582,1.3965798
51583,3.2735541999999986
51584,1.9836699999999996
51585,1.5811001000000002
51586,2.2846301999999996
51587,2.4164199999999996
51588,1.4607800000000009
51589,3.3153907999999976
51590,2.4643600000000014
51591,2.6519014000000003
51592,1.4238299999999995
51593,1.9422800999999992
51594,1.6766809999999992
51595,1.6555800000000012
51596,1.1757300000000006
51597,1.1836500000000008
51598,1.8147801000000008
51599,1.8036400000000006
51600,2.1223002999999996
51601,1.2956603999999996
51602,1.2245799999999993
51603,2.1539100000000007
51604,1.9774900000000004
51605,2.7793199999999985
51606,1.5599900999999994
51607,2.171300000000001
51608,2.5680002000000006
51609,3.206191
51610,1.8779300000000012
51611,3.390423999999998
51612,4.718096899999991
51613,1.5717101000000009
51614,1.3875803
51615,2.037110100000001
51616,2.086539999999998
51617,2.2848900000000008
51618,2.4476408000000003
51619,2.200770700000001
51620,2.6901899999999985
51621,1.6280502000000008
51622,3.016011199999997
51623,1.7080199999999983
51624,1.662169999999999
51625,1.7222900000000012
51626,2.3656301000000006
51627,1.7227099999999995
51628,2.6753806999999994
51629,1.7428499999999985
51630,1.3933499999999999
51631,2.5612006000000003
51632,2.363999999999999
51633,2.164500200000001
51634,2.4502613999999987
51635,1.5888598999999994
51636,1.5000504000000001
51637,1.9002300999999997
51638,2.4299903000000014
51639,1.6008106000000004
51640,1.975929999999999
51641,2.5021206999999994
51642,2.1538799999999974
51643,2.5775211
51644,2.0153000000000008
51645,1.6787801000000002
51646,1.6412703000000002
51647,2.3000902000000014
51648,2.653181099999998
51649,1.704719999999999
51650,2.844960000000001
51651,1.4672499999999993
51652,1.9984302000000005
51653,2.0754199999999994
51654,1.7699000000000007
51655,1.744140000000001
51656,3.165511300000002
51657,1.8175501999999997
51658,1.8078200999999994
51659,2.5145009000000003
51660,1.5675799999999995
51661,1.8128399999999991
51662,2.2536100000000006
51663,1.4232400000000005
51664,1.5847701000000003
51665,1.401180000000001
51666,1.33294
51667,2.260110800000001
51668,1.95088
51669,1.4588300000000016
51670,3.0833299999999992
51671,3.073832799999999
51672,2.244280299999999
51673,1.532719999999999
51674,3.343132299999997
51675,2.098389999999998
51676,2.6262000999999993
51677,1.7929
51678,1.5174199999999993
51679,1.3235999999999997
51680,1.6107003999999996
51681,1.7490800999999987
51682,1.922019999999999
51683,1.8148299999999997
51684,1.64955
51685,1.652830000000001
51686,2.4406500000000007
51687,4.001226899999997
51688,1.9366002
51689,2.2234504
51690,1.53392
51691,1.7958499999999982
51692,1.69456
51693,1.6701205000000008
51694,1.9463900000000018
51695,3.2182810999999987
51696,3.013301099999998
51697,3.284400899999997
51698,1.9267199999999998
51699,2.0505499999999985
51700,1.53276
51701,1.5604400999999997
51702,2.1482101
51703,2.0904700999999988
51704,3.9823742999999974
51705,2.3107410000000006
51706,2.21018
51707,1.5925506999999997
51708,3.021550299999999
51709,1.7518202999999999
51710,2.0547203999999994
51711,3.0872507
51712,1.4595488999999995
51713,1.7047503999999998
51714,1.4930199999999996
51715,2.605970000000001
51716,3.596221400000002
51717,1.782340100000001
51718,3.206321000000001
51719,4.384235699999995
51720,1.889150199999998
51721,0.9776800999999993
51722,1.65636
51723,2.2197700000000027
51724,1.896050600000001
51725,2.460810099999999
51726,1.8701599999999998
51727,1.4163799999999998
51728,1.4747999999999988
51729,2.9488699999999994
51730,1.96012
51731,2.5710300999999998
51732,2.387230500000002
51733,3.302900199999998
51734,3.7461221
51735,2.150110000000001
51736,1.6239499999999998
51737,2.4334099999999994
51738,2.7257516000000006
51739,1.9307601999999995
51740,1.7964301000000018
51741,2.286181300000001
51742,1.6114200000000012
51743,3.4214201999999974
51744,2.194180000000002
51745,2.3209218000000003
51746,3.0077301
51747,2.07543
51748,1.6504100000000006
51749,2.4005805
51750,3.1174520999999977
51751,1.783500100000001
51752,1.8422401000000006
51753,1.4550801999999994
51754,1.6541500999999998
51755,2.4774900000000004
51756,2.009849999999999
51757,2.857720000000001
51758,1.6251199999999997
51759,2.3641200000000024
51760,1.8495904
51761,1.96135
51762,2.7990114000000013
51763,1.4332899999999993
51764,1.4476100000000005
51765,2.1106504999999993
51766,2.64572
51767,1.493920299999999
51768,1.9767208999999994
51769,1.9858399999999994
51770,1.1931501000000002
51771,1.6317701000000011
51772,1.9208499999999995
51773,1.6852899999999982
51774,1.9953300999999986
51775,1.9586602000000013
51776,2.1787303
51777,2.7375804
51778,2.680021500000003
51779,1.8918400000000002
51780,2.0159907000000006
51781,1.65021
51782,3.9233240999999968
51783,1.8288901999999987
51784,2.3360601000000005
51785,1.8799801000000005
51786,4.053183899999996
51787,1.7057099999999994
51788,3.7176745999999987
51789,1.8392599999999992
51790,2.392679999999997
51791,1.62854
51792,1.9716300000000007
51793,1.7496300000000007
51794,1.64485
51795,2.387000099999999
51796,1.9209201999999999
51797,2.2865099999999994
51798,1.7153100000000012
51799,2.6230401
51800,1.5698104999999998
51801,1.5892799999999996
51802,2.188210199999998
51803,2.056589999999998
51804,1.5878202000000003
51805,1.788070000000001
51806,1.6394001999999999
51807,1.9903399999999993
51808,2.032960000000001
51809,1.5187999999999997
51810,1.4991801000000007
51811,1.3525600999999998
51812,1.8300200000000024
51813,2.296679999999999
51814,1.89505
51815,4.049515999999995
51816,2.3354999999999984
51817,4.371514999999997
51818,3.1099901999999973
51819,2.0121101000000015
51820,1.2318999999999989
51821,1.5163802000000006
51822,1.6146199999999993
51823,1.4804000000000004
51824,1.3419800000000004
51825,1.6374199999999988
51826,2.11997
51827,1.869160000000001
51828,2.2040699999999993
51829,1.8037301000000008
51830,1.6601202000000002
51831,2.2140399999999985
51832,1.4341801000000007
51833,1.4708799999999997
51834,2.011900300000001
51835,2.0404317000000005
51836,3.0348425000000008
51837,1.6180702000000002
51838,1.6741300000000008
51839,1.464499999999999
51840,1.7617400000000014
51841,1.3228303
51842,3.964655299999995
51843,1.7870500000000007
51844,1.6871602
51845,3.162259999999998
51846,1.0748699999999998
51847,1.7046700000000001
51848,1.5042801999999986
51849,2.3178810000000003
51850,2.098829999999997
51851,2.6873402000000017
51852,1.533030000000001
51853,1.6694699999999998
51854,1.9166507000000013
51855,1.5880899999999993
51856,1.915290000000001
51857,1.945629999999999
51858,2.0501804000000003
51859,1.9273303000000006
51860,2.7876605000000025
51861,1.7677200000000004
51862,3.919422099999999
51863,2.24382
51864,2.723899999999999
51865,1.7710499999999993
51866,1.6653400000000005
51867,2.500400900000001
51868,3.1550722000000007
51869,2.9325306999999987
51870,1.8899304
51871,1.6288799999999994
51872,1.5014499999999993
51873,1.8668302000000003
51874,2.7702904999999993
51875,1.4760500000000008
51876,2.8048699999999998
51877,4.7358680999999905
51878,3.5758553999999982
51879,2.081550000000001
51880,1.7025400000000013
51881,1.788629999999999
51882,1.2705499999999992
51883,4.177463599999997
51884,1.6751199999999997
51885,1.4238701000000007
51886,1.7087999999999999
51887,1.7854900000000002
51888,1.94875
51889,2.012940800000001
51890,3.8487625999999966
51891,2.0969208999999998
51892,2.030780000000001
51893,1.6930299999999994
51894,1.935220000000001
51895,4.516377399999992
51896,3.572353699999997
51897,2.3859712000000006
51898,1.6557300000000015
51899,2.3441300000000003
51900,1.6182000000000003
51901,1.64949
51902,1.5071600999999994
51903,1.3308699999999996
51904,2.065510300000001
51905,1.5994600000000008
51906,1.6271699999999996
51907,1.8522800000000013
51908,1.1155000000000008
51909,2.1695501000000017
51910,1.559509999999999
51911,2.320040399999999
51912,1.5790401999999992
51913,2.4429304999999997
51914,3.1174004999999996
51915,1.739289999999999
51916,1.639229999999999
51917,2.8510811000000005
51918,1.2175004
51919,1.7870004000000008
51920,4.144884599999995
51921,2.265780199999999
51922,1.37705
51923,1.6189499999999994
51924,1.2334100000000006
51925,1.818739999999999
51926,1.8568801000000013
51927,1.9471100000000001
51928,1.743590100000001
51929,1.3906799999999995
51930,1.7811899999999985
51931,1.2124902999999994
51932,1.7934200000000007
51933,1.8556601000000004
51934,2.1187599999999986
51935,1.8362300000000007
51936,1.4980000000000004
51937,1.2436000000000005
51938,0.9883701000000009
51939,3.829791499999999
51940,1.5819000000000005
51941,2.0315202999999995
51942,3.6689399999999983
51943,2.15661
51944,2.736590300000001
51945,1.5173311
51946,1.890130500000001
51947,2.519289999999999
51948,1.5123199999999986
51949,1.2521401
51950,1.7353102000000007
51951,1.8639804000000018
51952,1.5543499999999997
51953,1.3164099999999996
51954,1.9304199999999998
51955,1.24625
51956,1.6314907999999997
51957,1.9763200000000005
51958,1.6905399999999993
51959,3.6938914000000005
51960,1.9610604
51961,2.4550803
51962,2.0734305999999996
51963,1.9016804000000007
51964,2.9763650999999975
51965,1.6254100000000005
51966,2.160250000000001
51967,1.6949002000000002
51968,2.9474310000000004
51969,2.0992799999999994
51970,2.3332809999999995
51971,3.839212999999998
51972,1.5003399999999996
51973,2.2151503999999993
51974,2.0785708000000005
51975,1.554240000000001
51976,2.4825700999999984
51977,3.2348234
51978,1.6965903000000009
51979,2.9799905
51980,1.5232899999999998
51981,3.4000704
51982,1.5394599999999996
51983,2.617000099999998
51984,1.4129801000000004
51985,2.0880101000000004
51986,2.8748932
51987,1.6788099999999992
51988,3.0656021999999994
51989,1.51278
51990,2.0235499999999997
51991,1.935551
51992,1.8000802999999987
51993,1.1632700000000007
51994,1.8324700999999992
51995,2.0830906999999996
51996,2.192329999999999
51997,2.5610911000000005
51998,2.131059999999999
51999,1.70445
52000,1.8872604999999996
52001,1.4847899999999998
52002,3.778252199999997
52003,4.724817899999992
52004,1.906939999999999
52005,2.763061
52006,1.46954
52007,1.567650000000001
52008,1.6486001000000008
52009,2.2483901
52010,2.819761099999999
52011,1.8906999999999998
52012,1.9453700000000007
52013,2.0291299999999994
52014,1.8106699999999996
52015,1.4590403000000003
52016,1.6567611000000009
52017,1.4809499999999993
52018,2.3029800000000002
52019,2.0526000000000004
52020,1.6969100000000004
52021,1.6214699999999995
52022,1.8926899999999989
52023,1.8646399999999987
52024,2.8910913000000016
52025,2.2626720999999983
52026,1.257309999999999
52027,2.0484405
52028,1.6479305000000004
52029,1.8351800999999996
52030,2.0025700999999994
52031,4.199213799999996
52032,1.9669500000000004
52033,1.4702899999999997
52034,1.877619999999999
52035,1.7534100000000004
52036,3.172630400000001
52037,1.4040500000000007
52038,1.4670099999999997
52039,2.9013300000000015
52040,1.426429999999999
52041,1.9506900999999999
52042,4.062553299999996
52043,1.7737705
52044,2.3169999999999993
52045,2.2293599999999993
52046,2.3094601999999984
52047,2.325250300000001
52048,3.0915503999999987
52049,2.021320200000001
52050,1.50523
52051,2.201199999999999
52052,1.6006999999999991
52053,2.0721100000000003
52054,1.6916999999999995
52055,1.6074900000000003
52056,2.1003708999999997
52057,2.4652400000000023
52058,1.7847699999999995
52059,2.0973100000000007
52060,1.9374399999999992
52061,1.4316200000000003
52062,1.80263
52063,1.854119999999999
52064,1.6600200999999999
52065,1.8250099999999991
52066,1.1022200000000004
52067,1.457470000000001
52068,1.7228603
52069,1.7764101999999997
52070,1.59531
52071,1.8639604999999997
52072,1.69315
52073,2.7428101999999996
52074,1.25651
52075,1.8728102999999998
52076,2.1146800999999997
52077,1.5157199999999995
52078,3.0233915000000025
52079,1.8197200000000011
52080,1.7742201999999998
52081,1.9991805000000002
52082,1.734629999999999
52083,2.574350599999999
52084,2.7121900000000005
52085,4.313713599999997
52086,2.5221199999999993
52087,2.475770300000001
52088,1.723809999999999
52089,2.3805508
52090,1.4542400000000004
52091,1.8200600999999998
52092,2.6067303999999996
52093,1.0927899999999997
52094,1.59617
52095,3.184600399999998
52096,1.6606300000000014
52097,1.9718599999999988
52098,1.8470401999999988
52099,1.507589999999999
52100,1.9939910000000003
52101,1.5714901000000001
52102,2.9714511999999997
52103,2.103289999999998
52104,1.6122799999999986
52105,1.9032905000000004
52106,2.704579999999997
52107,1.9043999999999996
52108,1.9003700000000001
52109,2.077310000000001
52110,1.5300399999999994
52111,3.8668140999999987
52112,1.6035499999999994
52113,2.924962299999999
52114,3.480164199999999
52115,2.02521
52116,1.9938100000000003
52117,1.930350000000001
52118,2.245890300000001
52119,1.5952903000000012
52120,3.300832599999997
52121,1.7207299999999994
52122,2.6745199999999993
52123,1.622390199999999
52124,1.5001499999999992
52125,1.911400000000001
52126,2.6487799999999964
52127,1.8769199999999981
52128,1.42034
52129,2.1851600000000007
52130,1.6479900000000007
52131,2.07517
52132,2.607220800000001
52133,2.3942724
52134,1.6050499999999999
52135,1.826889999999999
52136,2.7063503000000004
52137,1.7037800000000005
52138,1.5426399999999996
52139,2.7406501000000003
52140,3.3508035
52141,2.9473808000000012
52142,1.18299
52143,1.8205299999999998
52144,1.7931099999999998
52145,2.151890100000001
52146,1.7109099999999993
52147,1.9767200999999983
52148,1.5377000000000003
52149,4.289484699999998
52150,3.3901224999999995
52151,3.1211902000000027
52152,2.6096544999999995
52153,1.1411502999999994
52154,2.0067202
52155,1.9462801999999997
52156,2.0981099999999993
52157,1.7321799999999983
52158,2.128350300000001
52159,2.0380636666666665
52160,4.332096999999992
52161,2.4723202000000013
52162,2.3193799999999993
52163,1.77621
52164,2.7873412000000006
52165,2.4297606999999988
52166,0.7947500000000002
52167,2.1535404999999996
52168,2.8840304
52169,2.1039801
52170,2.2616709999999993
52171,3.116121100000001
52172,1.7249002000000002
52173,2.007390100000001
52174,1.5084106000000004
52175,1.7232001000000006
52176,0.9904499999999998
52177,1.849270000000001
52178,1.7247299999999992
52179,1.557540199999999
52180,2.4021195000000017
52181,2.2521900000000006
52182,1.954630200000001
52183,1.9267800000000008
52184,1.744126666666667
52185,1.596110000000001
52186,1.7184500000000005
52187,4.105575199999995
52188,1.8663999999999994
52189,1.5194400000000001
52190,1.6985104000000004
52191,1.3297699999999992
52192,1.932679999999999
52193,2.018340400000001
52194,3.0699416999999984
52195,1.7704301000000005
52196,2.4229505000000007
52197,2.877690199999999
52198,1.7068200000000002
52199,2.4967608999999986
52200,1.7175599999999998
52201,2.160330199999999
52202,4.618032366666663
52203,3.3499831000000007
52204,1.5654799999999989
52205,1.4721801
52206,4.583466599999992
52207,1.8213399999999993
52208,1.48136
52209,1.3952500000000017
52210,2.2125214000000013
52211,1.7350799999999995
52212,1.2952999999999986
52213,1.9870800000000008
52214,2.583080199999998
52215,1.9974001000000008
52216,2.256399999999999
52217,2.202730299999999
52218,4.299897099999993
52219,1.70941
52220,2.226681100000002
52221,1.5348703000000006
52222,1.6581700999999998
52223,1.6355700000000006
52224,1.691160199999999
52225,1.4197600000000006
52226,1.6234800999999996
52227,1.7795900999999983
52228,1.5989999999999993
52229,1.8404302999999993
52230,1.5613499999999987
52231,1.681670100000001
52232,1.7714400000000006
52233,1.7617705999999995
52234,1.8684701000000004
52235,1.165069999999999
52236,1.9241000999999989
52237,1.612339999999999
52238,2.0584911999999997
52239,2.6755300999999996
52240,2.8017801000000015
52241,1.6256407000000004
52242,1.5933408
52243,2.2651703000000003
52244,1.8083603000000006
52245,2.1742799999999987
52246,2.111641
52247,1.67334
52248,2.5006117000000008
52249,1.8686703999999998
52250,1.9352299999999991
52251,3.0066603999999972
52252,1.7607800000000011
52253,2.2325199999999996
52254,2.844521000000002
52255,1.21561
52256,2.6270104000000005
52257,2.112159999999998
52258,1.6873905999999999
52259,2.1593808000000014
52260,4.560155499999994
52261,1.4202300000000008
52262,1.6361400000000001
52263,1.6225600000000002
52264,1.6159800000000006
52265,1.8876800999999999
52266,1.8701799999999997
52267,1.4193899999999997
52268,1.588839999999999
52269,1.43128
52270,2.097840000000001
52271,1.4274200000000008
52272,2.473701600000001
52273,2.348531100000001
52274,3.397342200000003
52275,1.2677501
52276,1.5682902
52277,1.6916103
52278,2.0316001000000004
52279,2.485440099999999
52280,1.6192203000000007
52281,3.363180499999996
52282,1.919320100000001
52283,3.0247606999999976
52284,2.2022413999999997
52285,2.7668902999999996
52286,2.5973697666666675
52287,1.5827700000000005
52288,1.9668899999999976
52289,2.483870499999998
52290,1.3370100000000007
52291,3.2877613
52292,2.467660099999999
52293,3.420611299999997
52294,1.6256499999999994
52295,1.711100100000001
52296,2.5934201999999993
52297,1.5744983619047617
52298,1.7334003000000002
52299,1.6691507000000008
52300,1.4890600999999994
52301,1.7129802999999995
52302,2.072810600000001
52303,2.0726705
52304,3.756295599999996
52305,1.2577802
52306,2.1853108999999993
52307,1.5981999999999996
52308,1.9681099999999998
52309,1.1318000000000004
52310,2.473020799999999
52311,1.6415101000000005
52312,2.5699800000000037
52313,1.7874801000000002
52314,1.5228603999999992
52315,1.7642401000000003
52316,2.2151599999999982
52317,1.55669
52318,1.8834600000000008
52319,1.4431600000000002
52320,1.4587906000000004
52321,1.3184799999999999
52322,1.9973117000000002
52323,2.3142854047619053
52324,2.4649900999999987
52325,1.5119400000000007
52326,3.6217116999999983
52327,1.6760601000000002
52328,1.983470000000001
52329,3.765551899999999
52330,2.932331400000001
52331,3.3568206999999988
52332,1.833530000000001
52333,1.8470713000000019
52334,2.0001900999999993
52335,1.8314199999999992
52336,1.455670200000001
52337,1.8267799999999996
52338,1.7955101000000007
52339,1.6683699999999997
52340,1.7623801000000003
52341,2.4299299999999993
52342,1.7627900999999997
52343,1.8456601000000001
52344,1.9925699999999993
52345,1.9891602999999998
52346,1.3719199999999991
52347,1.9666512000000005
52348,2.1508203999999993
52349,2.3002710000000004
52350,1.785980400000001
52351,3.5477820999999983
52352,1.2481399999999998
52353,4.1726240999999975
52354,2.591117875000001
52355,1.8144707999999983
52356,1.7106899999999994
52357,2.6765301
52358,2.4669302999999987
52359,1.743159999999999
52360,2.2014807999999992
52361,2.2862603999999997
52362,2.777030299999998
52363,2.2308009
52364,1.8536799999999993
52365,1.7845601000000013
52366,1.0427066666666667
52367,1.8850102000000002
52368,2.8863908000000005
52369,2.0615100000000015
52370,2.2030412000000013
52371,1.6257500000000003
52372,1.8812199999999972
52373,1.8825399999999999
52374,1.61901
52375,3.228371399999999
52376,1.6635299999999988
52377,0.9111100999999998
52378,2.895740699999999
52379,1.2256800000000008
52380,1.6427499999999997
52381,1.5700200999999998
52382,1.9472902000000007
52383,1.9445499999999993
52384,3.699062099999998
52385,1.9384914
52386,1.9227409000000002
52387,1.4456499999999997
52388,3.0795215
52389,1.706609999999999
52390,1.9327799999999997
52391,2.9430613999999995
52392,4.472905199999994
52393,2.291310400000001
52394,2.4009606999999984
52395,2.939010899999999
52396,2.1040599999999996
52397,1.6721099999999987
52398,3.2430513000000007
52399,3.478421599999999
52400,2.641750299999997
52401,1.4414000000000002
52402,1.4870799999999995
52403,1.7646399999999998
52404,2.2641715
52405,1.2127099999999997
52406,3.533320099999997
52407,1.9172203000000005
52408,4.555284999999995
52409,2.1922599999999997
52410,1.2133700000000005
52411,2.590110499999998
52412,2.327430099999999
52413,1.7006299999999999
52414,2.338049999999999
52415,1.2087901999999995
52416,1.6584299999999994
52417,2.0214499999999997
52418,2.3869607
52419,1.62352
52420,3.7961046999999972
52421,2.7159999999999984
52422,2.6073103
52423,1.19952
52424,3.037579999999999
52425,4.213225299999998
52426,1.7245300999999995
52427,2.9941721
52428,1.6682900000000007
52429,2.0559601999999995
52430,1.6812801
52431,1.7821600000000006
52432,4.111414299999998
52433,1.4285401
52434,1.6556599999999995
52435,1.6643899999999994
52436,2.926859999999999
52437,2.128009999999999
52438,1.5275
52439,1.6250001999999995
52440,2.2400608999999996
52441,3.866875399999996
52442,1.7878100000000006
52443,1.5629946666666665
52444,2.01003
52445,1.806900200000001
52446,2.055670199999999
52447,1.9629302000000006
52448,2.0821207999999998
52449,2.0101707000000006
52450,2.7097696333333317
52451,3.491640100000002
52452,3.2560728999999977
52453,1.733729999999999
52454,1.5693000000000004
52455,2.724370500000002
52456,1.8493502000000004
52457,1.3204800999999997
52458,1.511910000000001
52459,1.8368699999999993
52460,2.6255799999999994
52461,1.638369999999998
52462,1.902700100000001
52463,1.4635600000000002
52464,2.0288101000000007
52465,3.1005000000000003
52466,1.8007200999999997
52467,1.9499799999999994
52468,1.6625707000000007
52469,1.6987900000000002
52470,1.7056200000000012
52471,4.503624099999993
52472,1.4340700000000002
52473,1.245669200000001
52474,2.3647301999999994
52475,2.0395405000000006
52476,1.949419999999999
52477,2.241829999999999
52478,1.88319
52479,1.6858600000000001
52480,1.8706499999999986
52481,1.9368999999999992
52482,1.8708300000000002
52483,2.0885101
52484,3.2598009
52485,1.7416400000000007
52486,1.969360000000001
52487,2.9540405999999995
52488,3.6132213999999987
52489,1.82786
52490,2.1285100000000003
52491,1.7229603
52492,1.8076800000000006
52493,1.7786999999999995
52494,1.6494199999999992
52495,1.4462301000000002
52496,2.0093102
52497,2.593021999999999
52498,2.8346701999999997
52499,1.0987599999999997
52500,2.7141716999999987
52501,2.4110205
52502,1.8916204999999988
52503,4.029794499999998
52504,1.8646899999999993
52505,1.4391700000000003
52506,1.9451501000000002
52507,2.03008
52508,1.3330899999999992
52509,1.9658499999999994
52510,1.9849405999999998
52511,2.6964501000000003
52512,3.2662616000000004
52513,1.7960900999999994
52514,2.4516902000000003
52515,2.4167811999999995
52516,1.2827800000000003
52517,2.0691602000000002
52518,1.6434401999999997
52519,2.031261500000001
52520,2.6876502999999987
52521,1.735589999999999
52522,2.405830000000001
52523,2.1300404
52524,1.9997399999999999
52525,2.2239200000000006
52526,1.8522306000000008
52527,2.018250099999999
52528,1.37155
52529,2.1763113999999995
52530,2.2152100000000003
52531,2.3088200000000003
52532,1.8035899999999991
52533,2.2643102000000006
52534,2.3345799999999994
52535,1.438379999999999
52536,2.3219499999999997
52537,4.522945499999993
52538,1.51661
52539,4.020314599999997
52540,1.5337802999999999
52541,2.0001407
52542,1.8457700000000004
52543,3.9757839999999978
52544,1.3415899999999998
52545,2.2448005999999983
52546,1.18005
52547,2.0968314
52548,4.606932799999997
52549,1.4983801000000014
52550,1.4731299999999994
52551,2.504769999999999
52552,2.191681700000001
52553,1.8962599999999994
52554,1.8254501000000005
52555,3.510003399999997
52556,3.399122799999998
52557,1.7511601000000008
52558,2.4884152000000004
52559,1.8558812000000018
52560,1.8278706999999994
52561,1.5881700000000003
52562,1.7065600000000012
52563,3.908562299999998
52564,1.6781399999999993
52565,1.9670799999999995
52566,1.3984499999999995
52567,2.741520200000002
52568,1.5149299999999999
52569,2.0836900000000003
52570,1.768420199999999
52571,2.1771107
52572,2.0291701
52573,1.6076402000000007
52574,3.4977812000000013
52575,1.4554103000000003
52576,1.9962599999999986
52577,2.7269099999999997
52578,4.101094999999994
52579,1.7685601999999991
52580,2.0252200000000005
52581,2.0286299999999997
52582,1.942849999999999
52583,2.928820300000001
52584,2.6293599999999993
52585,1.9124199999999982
52586,2.0058101000000006
52587,1.7820199999999995
52588,1.93197
52589,3.6222307000000002
52590,1.4271400000000003
52591,1.5005300000000004
52592,1.9197499999999994
52593,1.665769999999999
52594,2.0436401999999996
52595,2.8007416000000007
52596,1.7715499999999986
52597,3.041130100000002
52598,1.50888
52599,1.3911601999999998
52600,2.3322501000000013
52601,1.3163800000000003
52602,2.5606331
52603,1.848610199999999
52604,2.401080099999998
52605,1.8430999999999995
52606,1.4771004000000003
52607,2.6429102999999996
52608,2.0079701999999995
52609,1.3926204000000004
52610,1.337290000000001
52611,1.7252700000000007
52612,3.0959408999999996
52613,1.9329600999999996
52614,2.2100719
52615,1.9151501999999996
52616,1.9759801
52617,1.6415802
52618,1.8981500000000011
52619,1.9448705999999987
52620,2.0057699999999996
52621,1.77127
52622,1.9634301000000005
52623,1.5772299999999995
52624,1.855210000000001
52625,2.16106
52626,3.6596249999999966
52627,1.67322
52628,1.6843999999999988
52629,1.5280999999999991
52630,1.59519
52631,3.1140901000000025
52632,2.7662624
52633,1.0702399999999996
52634,1.557770000000001
52635,1.5138800999999997
52636,2.3523901999999985
52637,4.339386299999997
52638,2.1769300000000014
52639,2.1660999999999997
52640,1.753009999999999
52641,1.7650400000000013
52642,2.24757
52643,1.6354100000000003
52644,2.561570000000001
52645,1.9575399999999987
52646,2.4267008000000017
52647,3.4025232000000005
52648,2.317500099999998
52649,2.1235499999999994
52650,1.2937900000000004
52651,2.20989
52652,1.8018901000000005
52653,1.8583709000000004
52654,1.6880200000000005
52655,1.5718999999999996
52656,3.628713399999998
52657,4.745005799999994
52658,1.6034799999999998
52659,1.672559999999999
52660,1.8660700000000006
52661,1.4737600000000008
52662,2.4197402
52663,1.4015599999999997
52664,2.3378601000000003
52665,1.6419099999999998
52666,2.2465826999999994
52667,2.072930000000001
52668,2.42571
52669,1.6331208999999995
52670,2.7125601000000006
52671,1.6608899999999998
52672,1.838409999999999
52673,2.548770000000003
52674,1.8066000000000002
52675,3.8328524999999973
52676,1.4392099999999999
52677,2.494990000000001
52678,1.4597701999999995
52679,4.459215299999996
52680,2.3067903999999997
52681,1.54993
52682,3.363840400000002
52683,1.7950902999999996
52684,2.281001199999998
52685,2.0239899999999995
52686,2.171520099999999
52687,2.3523200000000024
52688,2.203630899999999
52689,1.4910700000000006
52690,2.1017407
52691,1.2466200000000003
52692,1.5558033333333325
52693,1.6243499999999997
52694,1.3925300999999999
52695,1.56706
52696,1.2326306999999994
52697,1.7352899999999998
52698,1.3800000000000006
52699,2.3743700000000008
52700,2.107880100000001
52701,2.3862006
52702,1.6844101000000007
52703,4.008742899999998
52704,1.43718
52705,2.5803607
52706,2.0097200999999982
52707,1.953030000000001
52708,1.568600100000001
52709,1.7592000000000008
52710,2.903300999999999
52711,1.6748500000000004
52712,1.5499301
52713,1.4042200000000002
52714,2.778399999999998
52715,3.122651899999998
52716,1.7136901
52717,2.398369047619049
52718,3.0391211999999967
52719,2.2495200000000013
52720,1.5238702000000006
52721,2.248861099999999
52722,2.169129999999999
52723,2.1185099999999997
52724,1.5487201000000002
52725,2.2848799999999985
52726,1.8804304000000005
52727,1.7145101999999983
52728,3.545659999999998
52729,1.8381600000000002
52730,1.758369999999998
52731,2.865171799999999
52732,2.322360100000001
52733,3.5056038000000003
52734,2.0892600000000003
52735,1.9316500000000005
52736,2.3613200000000005
52737,4.026984899999997
52738,3.615585199999998
52739,1.1880500000000007
52740,1.4203799999999998
52741,4.880718699999991
52742,1.9340299999999997
52743,2.485640199999999
52744,4.828269099999991
52745,1.9590108000000002
52746,1.9089299999999998
52747,2.732659999999998
52748,4.174865899999995
52749,1.8773402999999989
52750,2.4407601999999975
52751,1.9691399999999997
52752,1.726639999999999
52753,1.8403399999999996
52754,1.8169000000000008
52755,2.471460100000002
52756,2.1144103999999997
52757,1.8525800999999993
52758,2.5805602999999984
52759,2.040160000000001
52760,2.0668808999999984
52761,1.7394082
52762,1.7019001999999994
52763,1.88521
52764,1.2711802
52765,1.6134409000000007
52766,1.2399899999999997
52767,1.3840302999999992
52768,1.3010300999999993
52769,1.4455702999999993
52770,2.249342500000001
52771,1.6067500000000001
52772,2.8748901000000022
52773,1.8971700999999994
52774,1.14537
52775,1.99975
52776,1.6917703000000004
52777,1.45209
52778,2.5198402
52779,2.0761602999999993
52780,1.6770400000000003
52781,2.1447600000000024
52782,1.6898599999999993
52783,2.048329999999998
52784,2.302450000000001
52785,1.2612499999999989
52786,1.8666149999999988
52787,2.6194518999999996
52788,1.7459402000000004
52789,2.6137007
52790,2.51811
52791,1.7572099999999995
52792,1.6593199999999992
52793,1.4507899999999996
52794,1.2117000000000004
52795,3.163861
52796,2.4187599999999994
52797,2.0992600999999995
52798,2.9813501000000047
52799,2.08
52800,1.2313099999999986
52801,2.5595300000000005
52802,2.8881417
52803,2.6489999999999996
52804,1.3956600000000003
52805,3.4375028000000003
52806,2.230442300000001
52807,2.033980000000001
52808,2.215449999999999
52809,2.5777399999999995
52810,1.934290000000001
52811,1.6881803000000009
52812,2.670059999999998
52813,2.0386498999999993
52814,1.7996599999999985
52815,1.9429105999999998
52816,2.0427804999999997
52817,1.5161605
52818,1.7640100000000003
52819,3.199741599999997
52820,2.0444400999999996
52821,2.226111099999999
52822,1.5562200000000013
52823,1.6120501999999994
52824,2.072600200000001
52825,2.8051208999999995
52826,1.5379401999999995
52827,1.6456699999999997
52828,1.9852500000000004
52829,1.9434913
52830,1.817999999999998
52831,1.2205400000000006
52832,2.5046510000000017
52833,3.4561032999999974
52834,2.921021799999999
52835,1.63947
52836,1.0263901
52837,2.096859999999999
52838,2.021402699999998
52839,1.5028700000000002
52840,2.0094401000000004
52841,1.4208100000000008
52842,1.6706600000000003
52843,1.4443299000000005
52844,1.6399700000000008
52845,1.9043101000000016
52846,2.3255312
52847,2.2717609999999997
52848,3.2334209999999985
52849,1.7460501999999993
52850,2.1004603999999993
52851,2.4890000999999975
52852,1.6851999999999991
52853,2.67553
52854,2.1123000000000003
52855,3.2984213000000016
52856,2.5361204000000006
52857,1.5479399999999996
52858,2.0590001
52859,1.8107300000000002
52860,1.5648300000000006
52861,1.8610899999999981
52862,1.812190000000001
52863,1.7212908999999998
52864,2.0981401999999987
52865,3.508724199999997
52866,1.50798
52867,3.516214599999998
52868,1.7824503000000005
52869,2.119720300000002
52870,1.7834624000000003
52871,2.113900799999999
52872,1.474009999999999
52873,2.148919999999999
52874,1.425860100000001
52875,1.5888499999999994
52876,1.8345205999999996
52877,1.6551699999999996
52878,1.8856700000000017
52879,1.2740096000000003
52880,2.3173700000000013
52881,1.7033501000000013
52882,1.7706103000000002
52883,1.2980399999999985
52884,1.6449200000000004
52885,2.1452200000000015
52886,1.4164301000000012
52887,2.0352199999999994
52888,2.2465862000000016
52889,2.06898
52890,1.9927699999999995
52891,1.4404380999999997
52892,2.066509999999999
52893,1.7099099999999987
52894,1.6904903999999994
52895,2.3736800000000016
52896,2.5980800000000026
52897,1.5180301000000003
52898,1.3278399999999997
52899,2.157680200000001
52900,1.4377400000000011
52901,1.5974099999999996
52902,1.9508800000000002
52903,2.2657504000000004
52904,1.7113099999999986
52905,1.7676501999999996
52906,3.5823411
52907,1.5158402999999998
52908,1.4621601000000004
52909,1.9333801999999998
52910,1.904560400000001
52911,1.4473499999999995
52912,3.1817506999999976
52913,1.3640199999999991
52914,2.873440799999998
52915,3.095223299999998
52916,2.272029999999999
52917,3.4435911000000003
52918,2.5696909999999997
52919,1.6092000000000013
52920,1.8273599999999999
52921,2.0986100000000003
52922,2.4399699999999975
52923,2.1228504000000004
52924,2.4900599999999984
52925,2.1516899999999994
52926,2.0547507000000014
52927,1.9589601999999993
52928,1.660250000000001
52929,1.8875499999999994
52930,2.0510699999999984
52931,1.7509199999999987
52932,2.4893300999999983
52933,1.5075200000000002
52934,1.5822399999999994
52935,2.2686299999999995
52936,2.3995300000000013
52937,1.6272899999999995
52938,1.2843901000000002
52939,1.7738401000000008
52940,1.3929103999999994
52941,1.7118099999999992
52942,3.5127516999999977
52943,1.5807399999999998
52944,2.325420099999998
52945,1.6051400000000005
52946,1.7321700000000002
52947,2.7717199999999997
52948,1.9561100000000007
52949,1.3164300999999992
52950,1.735549999999999
52951,1.4984599999999986
52952,1.6388506999999999
52953,3.6437414999999977
52954,2.0422799999999994
52955,2.4468613000000015
52956,2.9081205000000017
52957,2.3396104000000006
52958,2.3305915999999987
52959,1.2903000000000002
52960,3.1689011
52961,1.3988099999999986
52962,1.6598400000000006
52963,2.038990700000001
52964,2.223511199999999
52965,2.4467707000000005
52966,2.7916816999999985
52967,1.5460901000000007
52968,1.8996704000000009
52969,1.5179402
52970,3.202323733333334
52971,2.1294204
52972,1.5394799999999997
52973,1.7177499999999992
52974,1.3416699999999995
52975,2.1795500000000008
52976,4.504016699999994
52977,3.676620400000003
52978,1.7720100000000003
52979,1.6509299999999993
52980,2.203020100000001
52981,1.4186499999999997
52982,2.0891601
52983,1.5654499999999993
52984,2.0823599999999995
52985,1.6761300000000008
52986,1.450109999999999
52987,2.2684905
52988,3.7261213000000013
52989,2.3942800000000006
52990,2.2341002999999984
52991,2.1187307000000004
52992,2.2774500000000013
52993,1.9065900000000027
52994,2.8038611
52995,2.725322899999999
52996,2.7632004000000006
52997,1.821459999999999
52998,1.9166299999999998
52999,1.832729999999999
53000,1.5584702999999984
53001,1.9740004999999987
53002,1.5388200000000003
53003,1.7048103000000001
53004,2.2177200000000004
53005,1.5046499999999994
53006,2.3709203000000008
53007,2.0350003999999977
53008,4.054323999999997
53009,1.833529999999999
53010,3.086040799999998
53011,3.1723109000000016
53012,1.2397203000000003
53013,1.3940599999999994
53014,1.8200107999999997
53015,2.3487401000000006
53016,1.6574899999999988
53017,2.7711331999999995
53018,1.8938800000000007
53019,2.3904507000000006
53020,3.3315606000000018
53021,3.0874711999999978
53022,1.3780300000000003
53023,1.6258200000000005
53024,3.5254008999999984
53025,1.8159799999999988
53026,2.4113199999999995
53027,2.0507600000000004
53028,4.373885499999995
53029,2.5697636333333342
53030,3.6507621999999986
53031,1.2916499999999997
53032,2.0654604000000005
53033,4.81796869999999
53034,1.7785599999999995
53035,1.7741199999999997
53036,1.4762103999999996
53037,2.028059999999999
53038,1.5642101
53039,1.5762199999999993
53040,2.510440100000001
53041,2.4342806000000006
53042,4.069002
53043,1.2341199999999986
53044,3.0648007999999987
53045,1.2333100000000004
53046,1.2867900000000012
53047,3.052701000000001
53048,1.8985700999999997
53049,1.4363599999999996
53050,1.5348100000000005
53051,1.7952604999999997
53052,3.0958102000000007
53053,2.2879699999999996
53054,2.1508502
53055,1.4879001999999995
53056,2.4237806
53057,1.6861100000000002
53058,1.5038801000000004
53059,2.320020099999998
53060,1.77846
53061,3.0125409000000003
53062,1.95933
53063,1.9880902
53064,1.80095
53065,3.977361199999998
53066,1.9554901000000005
53067,2.425801000000001
53068,2.1331503
53069,1.4759506000000007
53070,3.9880525999999947
53071,1.8733799999999996
53072,2.1100355999999993
53073,2.4127899999999993
53074,1.8226000999999985
53075,2.2698615999999983
53076,1.609660699999999
53077,1.9829401000000002
53078,1.3897399999999995
53079,1.9514700000000003
53080,3.8005508000000017
53081,1.7582200000000012
53082,2.4676801000000017
53083,2.1042406000000007
53084,3.311990399999999
53085,2.8066200000000006
53086,1.963261200000001
53087,2.3316103
53088,1.5482899999999988
53089,2.2989701
53090,2.222750000000003
53091,1.5070704000000001
53092,1.1549703000000004
53093,2.2865500999999995
53094,3.713390299999998
53095,2.637961100000001
53096,1.6645901
53097,1.7880399999999994
53098,4.039991699999998
53099,2.030310099999998
53100,1.5319502999999994
53101,2.2486200999999983
53102,2.254020099999999
53103,2.318750200000001
53104,1.9120600000000005
53105,3.03331
53106,2.1671000999999985
53107,1.4587700000000001
53108,1.5385299999999997
53109,2.3265700000000002
53110,1.6290201999999991
53111,1.1038800000000002
53112,1.9633599999999984
53113,3.0892205999999987
53114,3.514480999999999
53115,1.6900300000000004
53116,2.3578205999999993
53117,2.1343600999999994
53118,1.1852800000000006
53119,1.840621000000002
53120,2.1514701000000005
53121,2.3517001
53122,1.453880000000001
53123,4.662308099999991
53124,1.5790800999999994
53125,1.4231700000000003
53126,2.3759800999999983
53127,1.7708699999999993
53128,2.9019334
53129,2.3003007999999996
53130,1.3209800000000014
53131,2.169750400000001
53132,1.7548102000000008
53133,1.9466700000000008
53134,2.1436399999999995
53135,1.5189001000000002
53136,1.55157
53137,1.7878099999999986
53138,1.40905
53139,1.8179500000000013
53140,1.6842300000000006
53141,2.1740599999999985
53142,3.1190804999999977
53143,2.083
53144,3.7182011999999975
53145,1.5854400000000002
53146,1.3633499999999998
53147,1.4383999999999988
53148,1.8478099999999995
53149,2.046240200000001
53150,3.2499517999999994
53151,1.6221100000000006
53152,1.7709800000000004
53153,1.413
53154,3.5950609999999967
53155,2.291200000000001
53156,1.5400601999999992
53157,1.7572601
53158,2.0772108000000005
53159,2.77628
53160,1.2496000000000007
53161,3.843062499999994
53162,2.8756312999999993
53163,1.592040000000001
53164,1.9710601999999997
53165,1.3074102999999995
53166,1.6652499999999997
53167,2.682220200000001
53168,1.8744099999999984
53169,2.3381699999999994
53170,1.7632301999999997
53171,4.438706399999994
53172,3.227971
53173,2.0328315000000017
53174,1.36241
53175,1.3918500000000003
53176,1.4553500000000001
53177,1.5460199999999997
53178,1.8522799999999997
53179,1.9530500000000013
53180,1.3938300000000003
53181,2.6915299999999998
53182,1.7216399999999996
53183,1.4402799999999996
53184,2.0327399999999995
53185,1.3777799999999996
53186,2.0041000000000015
53187,2.286260100000001
53188,1.5006199999999992
53189,1.6864207999999998
53190,2.0757701
53191,2.22058
53192,1.8980406000000003
53193,1.4582199999999992
53194,1.6671600000000004
53195,2.2136302000000003
53196,1.8299606999999998
53197,1.5616599999999994
53198,1.5933993000000009
53199,1.5371401000000002
53200,1.34095
53201,1.1357400000000002
53202,1.1661102000000008
53203,1.8491403000000013
53204,1.6291001000000012
53205,1.9160300000000003
53206,2.5279004000000005
53207,2.8814415999999987
53208,1.8255501000000003
53209,2.6959501
53210,3.210544799999998
53211,4.85913919999999
53212,1.9552298999999989
53213,1.7279300000000013
53214,1.8397300000000003
53215,1.72402
53216,1.9953300000000007
53217,1.6449999999999998
53218,1.6300800000000002
53219,2.172232199999999
53220,1.6523802999999986
53221,4.1825542
53222,2.1098904999999974
53223,1.1725599999999996
53224,1.2080002999999995
53225,2.5367303000000003
53226,2.561611700000002
53227,1.8142102000000007
53228,1.3375000000000004
53229,3.5298399999999974
53230,2.639551299999998
53231,0.818139999999999
53232,1.7922303000000006
53233,1.3243699999999996
53234,2.42602
53235,1.6765200000000013
53236,2.1767901000000025
53237,1.5513299999999992
53238,1.5116800000000006
53239,2.5311410000000003
53240,1.9492899999999995
53241,1.7791699999999984
53242,2.2623000000000006
53243,2.001120200000001
53244,1.6947199999999996
53245,1.7361100000000007
53246,1.3021599999999993
53247,1.6730601000000007
53248,1.7525306999999992
53249,1.5319300000000005
53250,1.6523500999999996
53251,2.1931
53252,4.8551886999999905
53253,2.322740000000001
53254,1.5158700000000007
53255,2.3249309000000014
53256,2.4482621999999985
53257,1.9637500000000017
53258,2.756530699999999
53259,2.6132923000000003
53260,3.5295902999999975
53261,1.7246000000000004
53262,1.475339999999999
53263,1.4119099999999998
53264,1.7497503000000003
53265,1.3855900000000003
53266,1.8939299999999992
53267,1.7853502000000003
53268,1.2742700000000007
53269,2.306960100000003
53270,2.2800104999999995
53271,1.7254599999999995
53272,1.9480700000000013
53273,1.9737699999999998
53274,1.7561313000000007
53275,1.8710300999999998
53276,1.9220603999999994
53277,3.158931700000002
53278,1.7052500000000008
53279,1.2501200000000003
53280,1.6026699999999985
53281,1.8445999999999985
53282,2.7662299999999997
53283,2.1054000000000017
53284,1.9751524999999992
53285,2.1229600000000004
53286,2.0630603000000014
53287,1.5958404000000004
53288,2.6419003000000005
53289,1.798200000000002
53290,2.0789701000000016
53291,2.2758202999999995
53292,4.173323199999995
53293,2.7270902000000006
53294,2.1297200000000025
53295,2.1418703000000003
53296,1.45322
53297,1.2359600000000002
53298,4.620656699999994
53299,2.388270100000001
53300,1.3493800999999994
53301,2.573953100000001
53302,1.6124600000000007
53303,1.3975905000000008
53304,1.9283101999999988
53305,3.463601899999998
53306,1.6763500000000011
53307,2.3874704999999974
53308,1.5363800999999995
53309,1.8306703000000013
53310,4.584355299999996
53311,1.4174999999999998
53312,1.7727401
53313,2.2582800999999995
53314,1.4632196999999993
53315,2.507150800000002
53316,1.5943501999999998
53317,2.207260000000001
53318,2.0721803
53319,1.75179
53320,4.255754199999995
53321,2.125220000000001
53322,2.0014900000000004
53323,1.774299999999998
53324,2.5239306000000012
53325,1.5777103000000003
53326,1.6004100000000008
53327,2.060659999999999
53328,4.6938180999999926
53329,1.7710900000000012
53330,1.8313400000000004
53331,2.0558107000000008
53332,2.075561200000001
53333,2.311689999999998
53334,2.2282109
53335,1.6556004999999998
53336,2.293930000000002
53337,1.8923700000000006
53338,1.3217501000000014
53339,1.5996402
53340,2.2086201
53341,1.74551
53342,2.4940900999999998
53343,1.1055999999999993
53344,1.8078399999999997
53345,2.1951402
53346,1.7840499999999984
53347,3.7096920999999994
53348,2.3062699999999983
53349,2.276060099999999
53350,1.657870099999999
53351,1.4818900000000006
53352,2.9954215999999985
53353,2.802550099999999
53354,1.2631999999999997
53355,1.3391900999999993
53356,1.62588
53357,2.592360199999998
53358,2.9402204999999992
53359,1.1839704000000006
53360,1.855290200000001
53361,1.9935801000000004
53362,2.4071599999999984
53363,1.7284099999999998
53364,1.9388005
53365,1.3485202999999997
53366,2.964600199999999
53367,1.2474601000000003
53368,3.3993115000000014
53369,1.9376500000000005
53370,1.49397
53371,1.6237600000000003
53372,1.5923700000000003
53373,1.5395701000000006
53374,1.9379699999999993
53375,1.0810201000000002
53376,1.7873300000000012
53377,1.8243801000000002
53378,1.8973501999999993
53379,1.72625
53380,2.0972602000000005
53381,2.6059905
53382,2.1793804999999993
53383,1.6069604999999996
53384,1.4917900000000006
53385,3.8524919999999967
53386,1.740640599999999
53387,1.4062899999999994
53388,1.4304799999999998
53389,1.9002102999999997
53390,2.3202999999999987
53391,1.08569
53392,2.8365224999999996
53393,1.9955501999999974
53394,3.6009718999999984
53395,1.6604700000000003
53396,2.9897222000000006
53397,2.016360199999999
53398,1.3254499999999996
53399,3.1134806999999993
53400,2.150349999999999
53401,1.1321099999999997
53402,1.3478502999999995
53403,2.1939301999999996
53404,1.48867
53405,3.097240600000001
53406,1.6567200999999991
53407,4.285321699999998
53408,2.752301500000001
53409,1.6237099999999998
53410,1.3138505000000003
53411,2.1414400000000002
53412,2.4619101
53413,2.001121000000001
53414,2.5618912999999996
53415,2.7633600000000023
53416,1.2825299999999993
53417,1.6135001000000002
53418,3.605513499999998
53419,1.2414700000000005
53420,1.6783301999999996
53421,2.0574803999999993
53422,2.155860300000001
53423,1.8682400000000003
53424,1.29599
53425,1.8964602999999993
53426,1.7096400000000005
53427,1.7511605000000003
53428,1.8456599999999992
53429,1.4722500000000012
53430,1.87927
53431,1.4779200000000001
53432,2.0273399999999997
53433,1.9332201000000007
53434,1.8112601999999998
53435,1.9133799999999996
53436,1.6798900999999995
53437,1.9176302999999997
53438,1.6727200000000002
53439,3.2645522999999996
53440,1.75756
53441,1.0979400000000006
53442,1.9966299999999992
53443,1.624140099999999
53444,2.674450099999999
53445,1.5107799999999996
53446,1.39233
53447,1.8704999999999987
53448,1.9018499999999983
53449,4.2495425000000004
53450,1.9283299999999994
53451,1.8108000000000002
53452,2.2745812000000005
53453,2.9099417
53454,1.067529500000001
53455,1.8443999999999974
53456,3.9938614999999986
53457,1.1658899999999992
53458,2.019590400000001
53459,1.664640200000001
53460,1.8823109999999996
53461,1.5407199999999994
53462,3.1742516999999992
53463,1.72598
53464,1.547690099999999
53465,3.350480499999999
53466,2.2748500999999983
53467,2.3797099999999984
53468,2.3407900999999987
53469,1.6699800999999999
53470,1.92654
53471,1.5826499999999997
53472,3.7940216999999996
53473,1.7286202999999998
53474,2.17847
53475,2.3066299999999993
53476,2.3040599999999984
53477,2.435490299999999
53478,1.7983303999999996
53479,1.9925501000000014
53480,2.8482014999999996
53481,1.909700299999999
53482,1.38112
53483,2.1834700000000002
53484,2.059150000000001
53485,3.063331100000001
53486,1.9910899999999998
53487,1.8438099999999988
53488,2.221640499999997
53489,1.5096299999999994
53490,2.182830200000001
53491,0.9084499999999994
53492,1.775929999999998
53493,2.107310000000001
53494,3.5480919999999996
53495,3.218933599999998
53496,2.166810800000001
53497,1.1823199000000004
53498,2.9992700999999986
53499,2.300679999999999
53500,1.6688901000000005
53501,1.6501400000000006
53502,1.5259402999999991
53503,2.0256001
53504,4.272601899999997
53505,2.0224003999999995
53506,2.6791770499999985
53507,1.5100099999999994
53508,1.7791100000000006
53509,1.61676
53510,1.4558499999999999
53511,1.3016001
53512,2.6964110000000003
53513,2.0610001
53514,1.9813512000000009
53515,1.8176703999999995
53516,2.3478109999999983
53517,1.4482001000000002
53518,2.1104300000000005
53519,1.1751099999999999
53520,2.1707517999999997
53521,1.9801800000000003
53522,3.269270699999999
53523,1.8751606
53524,2.0805200000000013
53525,1.9642400000000007
53526,1.916570000000001
53527,2.1445308999999995
53528,1.3890803000000003
53529,1.9293300999999985
53530,3.1156528999999984
53531,2.7830524999999984
53532,2.3078001999999986
53533,3.944544399999994
53534,2.38005
53535,3.872729980952379
53536,1.7902200000000006
53537,1.8337200000000005
53538,1.5749700000000002
53539,1.71377
53540,2.0370301999999985
53541,1.4911899999999993
53542,2.167830499999998
53543,1.6344701999999993
53544,1.5961500999999993
53545,1.7881800000000008
53546,2.462359999999999
53547,2.1921512000000005
53548,2.8681210000000017
53549,1.6116199999999994
53550,1.8464299999999998
53551,2.1157602000000013
53552,1.6835706000000004
53553,2.9986438000000004
53554,2.1944500999999996
53555,1.3652100000000003
53556,1.748780100000001
53557,1.4672800000000015
53558,2.4841599999999975
53559,4.013502799999996
53560,1.3159399999999994
53561,1.7188800000000004
53562,3.1583211000000007
53563,2.1205799999999995
53564,3.1121301999999997
53565,2.0816500000000002
53566,3.0878704999999997
53567,1.448490000000001
53568,2.676580999999999
53569,2.3144401000000006
53570,1.7186201999999995
53571,1.4338400000000002
53572,2.176240300000001
53573,1.9270900000000004
53574,1.4109900000000002
53575,1.8071599999999992
53576,1.4603799999999987
53577,1.88868
53578,1.3040900000000002
53579,2.1385801000000004
53580,2.3424814000000023
53581,2.4796500999999993
53582,1.3545806999999996
53583,1.5303902
53584,1.7936101
53585,1.5561899999999989
53586,1.2431500000000006
53587,2.4111299999999996
53588,1.4015200000000008
53589,2.453140099999998
53590,1.6472300999999996
53591,1.36964
53592,2.188489999999997
53593,2.0279411999999994
53594,2.6543308000000008
53595,1.5564000999999996
53596,1.805250300000001
53597,2.5280906000000005
53598,1.5936400000000008
53599,2.2582804999999997
53600,2.2871499999999996
53601,3.594631100000002
53602,1.4865500000000005
53603,1.9560800999999999
53604,1.6286300000000014
53605,1.9362808000000007
53606,2.9965504
53607,2.8949101
53608,1.7063100999999994
53609,2.0455801
53610,2.13196
53611,3.822193799999998
53612,3.513602699999998
53613,3.649294399999997
53614,3.3946017000000013
53615,1.577800300000001
53616,1.61083
53617,1.5503602
53618,3.2787809999999995
53619,2.3648600999999996
53620,3.8422926000000017
53621,4.85823899999999
53622,1.9730399999999997
53623,1.99314
53624,3.877464099999995
53625,1.9214501000000006
53626,2.932750399999999
53627,2.7504522999999996
53628,1.5790999999999982
53629,2.6132002000000005
53630,1.7406600000000003
53631,1.40835
53632,1.9697311000000008
53633,2.24821
53634,1.6339100000000002
53635,1.5935100000000006
53636,1.49203
53637,2.1273204999999997
53638,3.7065311999999992
53639,2.007740199999999
53640,1.4879500999999997
53641,1.7548899999999992
53642,1.1971299999999983
53643,2.1949899999999998
53644,2.692330299999999
53645,1.43151
53646,2.1249819000000003
53647,2.2546005999999985
53648,1.5755100000000002
53649,1.7635400999999993
53650,4.073934599999997
53651,1.5561201
53652,2.5754107000000017
53653,1.8443002000000004
53654,2.047340000000001
53655,3.1905903
53656,2.408300300000001
53657,2.0741299999999994
53658,1.7067600000000005
53659,2.001313
53660,1.5061699999999996
53661,2.8191814000000006
53662,1.6228699999999998
53663,2.5335599999999996
53664,2.3469200999999993
53665,2.3387200000000004
53666,1.7369701000000015
53667,1.74733
53668,2.730259999999996
53669,1.8530499999999992
53670,1.36192
53671,3.36405
53672,1.4246400000000008
53673,2.2429416
53674,1.4145399999999995
53675,1.7535099999999997
53676,1.4319901
53677,1.665670199999999
53678,1.47248
53679,2.255370000000001
53680,3.1913433999999983
53681,1.11689
53682,2.114259999999998
53683,2.3243812
53684,1.6308200000000006
53685,1.9472999999999996
53686,1.8930899999999995
53687,2.1845015000000005
53688,1.4968899999999994
53689,1.77428
53690,1.7741602999999997
53691,2.8764015999999986
53692,2.1876200999999984
53693,2.1237106999999997
53694,1.5444200000000003
53695,1.7703601999999983
53696,1.8238283333333332
53697,3.0549200000000014
53698,3.9113031999999963
53699,2.2341800000000003
53700,1.9041499999999991
53701,2.8313321
53702,4.035744199999993
53703,1.8586400000000003
53704,2.274790300000001
53705,1.9061102000000003
53706,1.5373399999999997
53707,2.2746601000000006
53708,2.0813500999999976
53709,1.8289399999999998
53710,3.3316323999999997
53711,1.4755200000000008
53712,1.6678701000000005
53713,1.6666100000000004
53714,1.8535099999999993
53715,2.8163805000000015
53716,3.115900200000001
53717,1.819460300000001
53718,2.178180000000002
53719,2.30269
53720,1.6193701000000014
53721,1.7429402000000005
53722,1.6958600999999984
53723,1.2949400000000006
53724,2.0785402000000017
53725,1.8221404000000012
53726,2.180210699999999
53727,1.7725800000000007
53728,1.6311799999999987
53729,1.3845699999999996
53730,3.3392217000000013
53731,1.7798901000000003
53732,1.7901701000000003
53733,3.134389999999999
53734,1.6479999999999988
53735,3.1883113999999977
53736,3.1624908000000005
53737,1.4080100000000002
53738,1.82295
53739,1.6033800999999988
53740,2.4693727000000005
53741,2.2564204
53742,2.037410799999999
53743,2.4941999999999975
53744,1.6567803999999993
53745,2.2981901999999996
53746,1.9081103999999995
53747,3.038189999999998
53748,1.46632
53749,1.5191100000000004
53750,2.2089101000000007
53751,3.271871299999999
53752,1.2190399999999983
53753,2.2539500999999986
53754,1.8743399999999997
53755,2.5948100000000007
53756,1.3940200000000007
53757,2.3238600000000016
53758,2.666641400000002
53759,2.7790103000000004
53760,2.010710699999999
53761,3.9327852999999955
53762,2.0601601000000005
53763,1.7107305000000008
53764,1.6594900000000001
53765,2.1350403000000004
53766,1.8006399999999996
53767,1.7948499999999974
53768,1.5397504999999994
53769,2.2515406
53770,1.8776800999999983
53771,2.6175816999999997
53772,2.333499999999999
53773,2.962140899999998
53774,2.060010000000002
53775,2.254030399999999
53776,1.4179100000000002
53777,1.9469304000000007
53778,1.476790199999999
53779,1.6016800999999998
53780,2.044450100000001
53781,3.7813240999999977
53782,1.6411800000000003
53783,4.591857699999992
53784,1.7269400000000001
53785,1.8900999999999994
53786,2.4210803
53787,1.7945099999999998
53788,0.8401400000000002
53789,1.9513700000000003
53790,1.5462900000000008
53791,2.719090700000001
53792,1.5491199999999994
53793,2.1254002000000014
53794,1.61816
53795,1.9941500000000005
53796,1.6586100999999989
53797,2.0144902
53798,2.2865401999999984
53799,1.4549100000000001
53800,1.8978001000000004
53801,1.3935399999999996
53802,1.8631700999999996
53803,3.3525924999999974
53804,3.2346717000000003
53805,2.7127700000000017
53806,1.4245001000000002
53807,2.2210500000000004
53808,2.146950899999999
53809,1.2293699999999996
53810,3.4679503999999977
53811,1.678030200000001
53812,3.237733299999997
53813,2.3815800000000014
53814,1.3353300000000001
53815,1.8774103000000002
53816,1.5891699999999995
53817,4.3736614
53818,3.252862599999999
53819,2.4553899999999995
53820,2.1734306
53821,2.856580000000002
53822,1.9883399999999982
53823,1.91171
53824,2.536270700000001
53825,1.47354
53826,1.6572901999999987
53827,2.0193502
53828,1.7759001000000005
53829,1.8964706999999992
53830,1.6013699999999986
53831,1.3631399999999996
53832,1.846979999999998
53833,0.9518800000000003
53834,1.7190799999999995
53835,1.8988600000000004
53836,4.765958799999992
53837,1.6258099999999993
53838,1.9551700999999997
53839,1.5000400000000005
53840,2.412250100000001
53841,1.5784600000000004
53842,1.8567902999999994
53843,1.5532201
53844,1.4553802000000002
53845,2.600580099999998
53846,1.6081901000000003
53847,1.9032099999999996
53848,2.2542303999999995
53849,1.51843
53850,2.1404300000000007
53851,1.9737100000000014
53852,2.1397299999999997
53853,1.52071
53854,1.5634900999999988
53855,3.143302899999997
53856,1.8638599999999999
53857,1.8410399999999998
53858,2.084451
53859,2.9007006999999962
53860,1.6648600000000005
53861,2.058460000000001
53862,2.2682512000000004
53863,1.8266500999999988
53864,1.7882899999999997
53865,1.8986909000000003
53866,1.3637002999999996
53867,1.7332805999999987
53868,2.1274802
53869,1.6417901999999998
53870,1.4983400000000002
53871,3.3016128999999994
53872,1.6045000999999999
53873,2.1684707
53874,1.115700000000001
53875,2.6402105000000007
53876,2.084399999999999
53877,2.5384200000000003
53878,2.9597003000000006
53879,3.1880310999999995
53880,1.9144699999999986
53881,1.4401500000000007
53882,2.14171
53883,2.0231000000000003
53884,2.8536203
53885,3.460970199999998
53886,1.8246599999999995
53887,1.797211000000001
53888,2.8879901999999986
53889,2.0692101000000016
53890,2.0249202000000004
53891,1.3990999999999993
53892,2.33471
53893,1.6027400000000012
53894,2.5869408999999983
53895,1.7513099999999995
53896,1.3736300000000008
53897,1.8062700000000007
53898,1.5507202000000009
53899,1.51205
53900,2.2805507999999985
53901,1.9240101000000012
53902,2.2963600000000017
53903,1.6823100000000017
53904,2.5905708999999995
53905,2.6990619999999996
53906,2.0152800000000006
53907,1.8069900999999995
53908,1.3127202999999996
53909,1.9742199999999983
53910,2.1392300999999985
53911,1.4644202999999991
53912,2.3029512000000003
53913,2.156129999999999
53914,3.174450100000002
53915,2.151549999999999
53916,2.0499306000000006
53917,1.7386802000000001
53918,1.9367301000000003
53919,2.3523000000000005
53920,1.17574
53921,0.900079999999999
53922,3.224313099999998
53923,2.4132801
53924,2.1801307000000008
53925,1.3565599999999995
53926,1.54369
53927,3.7342605000000026
53928,2.285760000000001
53929,2.8539103000000012
53930,3.8164425999999994
53931,1.5479002000000002
53932,1.2270099999999997
53933,2.119642200000001
53934,2.358020000000003
53935,1.0729999999999993
53936,1.7466801999999984
53937,2.003979999999999
53938,1.376970000000001
53939,2.3523409999999982
53940,1.8085599999999993
53941,1.7116300000000004
53942,2.393220499999999
53943,0.98976
53944,2.38739
53945,1.9119903
53946,1.7800202000000005
53947,3.5761754999999966
53948,2.8728806000000016
53949,1.4294000000000002
53950,1.2780700000000005
53951,1.5142200000000003
53952,1.4522099999999998
53953,1.314680100000001
53954,2.1122400000000003
53955,2.514280200000003
53956,1.737930199999998
53957,1.7847500000000012
53958,1.9313904
53959,1.2741800000000003
53960,1.9274201000000004
53961,3.9751513000000007
53962,2.169800799999999
53963,1.9548799999999995
53964,1.6195005999999992
53965,3.555352100000001
53966,1.6337099999999998
53967,1.532260000000001
53968,1.2788299999999984
53969,1.7742399999999987
53970,2.019710000000001
53971,1.8063200000000013
53972,1.6998801999999995
53973,1.9243300000000008
53974,2.2428006
53975,1.6515799999999987
53976,1.365930000000001
53977,3.417320600000002
53978,4.100654599999995
53979,3.008260200000001
53980,1.4145901000000012
53981,1.9462603999999977
53982,2.415679999999999
53983,1.25197
53984,1.4299600000000003
53985,1.4728299999999992
53986,1.6186100999999993
53987,1.8156501999999994
53988,3.1354103
53989,1.2718100000000014
53990,1.7239499999999992
53991,1.3788600000000002
53992,3.565772699999998
53993,1.14398
53994,1.6849399999999988
53995,2.696289999999998
53996,1.8842512000000002
53997,2.1317600000000008
53998,2.3994222
53999,3.380080600000002
54000,1.9499099999999998
54001,2.352949999999998
54002,1.99529
54003,1.53847
54004,1.891381700000001
54005,1.6936205000000015
54006,1.4260100000000009
54007,1.7269300000000003
54008,1.684559999999999
54009,1.3990499999999997
54010,2.5468519000000023
54011,1.759490099999999
54012,1.5542505999999998
54013,2.5731200000000007
54014,1.7454602000000006
54015,2.0194500999999994
54016,1.8554900000000005
54017,3.166740699999999
54018,1.611110099999999
54019,1.39906
54020,1.2724601000000006
54021,1.5114100000000008
54022,1.462
54023,1.5141499999999999
54024,1.95795
54025,2.2832210000000006
54026,1.5880299999999985
54027,2.3695505999999997
54028,4.731074399999996
54029,2.8088208000000012
54030,3.306049999999999
54031,1.8756599999999997
54032,1.0866302
54033,2.848580799999997
54034,1.6596204000000003
54035,1.7963699999999991
54036,3.1324006999999985
54037,2.5811821
54038,2.8014537000000006
54039,1.9407399999999995
54040,2.5952699999999997
54041,1.7144899999999987
54042,1.8538306
54043,2.0489601000000004
54044,1.1177000000000001
54045,1.77395
54046,1.2168900000000002
54047,1.6499601000000004
54048,1.8150501999999997
54049,1.5033200000000002
54050,1.2743
54051,2.798930499999999
54052,1.7551501999999994
54053,2.4542600000000006
54054,3.8797917999999965
54055,1.8592999999999995
54056,1.6066603000000004
54057,2.2903900000000004
54058,1.74372
54059,1.4770600000000003
54060,2.8790105999999995
54061,1.37907
54062,2.1541299999999994
54063,2.431529999999997
54064,1.6471200000000008
54065,2.105450000000001
54066,1.8737000000000006
54067,3.045260000000003
54068,2.3053700999999984
54069,1.4357199999999994
54070,4.2238653999999975
54071,1.4345600999999997
54072,1.7485000000000002
54073,3.5918942999999994
54074,2.533389999999998
54075,3.0747902999999974
54076,1.8658700000000012
54077,2.0803104000000014
54078,3.9579226999999992
54079,2.0278600999999994
54080,2.9524210999999996
54081,4.282935499999993
54082,2.6352517
54083,2.1777299999999995
54084,2.347800600000001
54085,1.6236401000000007
54086,2.646391000000001
54087,1.4251799999999997
54088,1.9612913
54089,1.8398500000000002
54090,1.8153300000000003
54091,2.0469604999999986
54092,1.4294400000000003
54093,3.5499509999999983
54094,2.38531
54095,2.670620600000001
54096,1.8877000000000004
54097,2.8718832999999986
54098,1.4122700000000004
54099,2.0249299999999995
54100,1.2550000000000006
54101,1.99851
54102,2.4597602999999975
54103,2.016260100000001
54104,1.7644499999999999
54105,1.69264
54106,1.5613001000000006
54107,1.2872801999999999
54108,1.7469900000000007
54109,2.1668199999999995
54110,1.4215199999999992
54111,1.73528
54112,1.8354268666666673
54113,1.7282401000000007
54114,1.7962300999999994
54115,1.9315299999999977
54116,2.149510099999999
54117,1.3467601
54118,2.0337300999999997
54119,1.7366001000000002
54120,2.126470600000001
54121,2.183311800000001
54122,2.1477711999999998
54123,1.2744901000000008
54124,1.80315
54125,2.2087501000000005
54126,1.2304101000000005
54127,1.9499202999999996
54128,2.22377
54129,3.047502499999999
54130,1.7684000000000006
54131,1.76139
54132,1.6023599999999993
54133,2.7468909999999993
54134,2.0885999999999996
54135,3.4601619999999995
54136,2.041150099999999
54137,2.1372102
54138,1.3852200000000001
54139,1.35804
54140,1.6289600000000004
54141,3.155440499999998
54142,1.6567999999999998
54143,2.4721100999999983
54144,4.67744859999999
54145,1.8440302000000006
54146,2.14086
54147,2.7000721000000003
54148,2.2006299999999994
54149,2.8555717000000005
54150,1.61661
54151,1.6338000000000001
54152,2.9646899999999987
54153,1.54179
54154,2.282560099999999
54155,1.9138299999999993
54156,2.1654805
54157,2.4850811999999993
54158,2.2429900999999983
54159,2.0037703000000002
54160,1.7068499999999998
54161,1.9156001
54162,2.4277101999999973
54163,2.4895699999999983
54164,1.7416799999999997
54165,1.4884500000000005
54166,1.5056600999999994
54167,1.4385400000000006
54168,1.3480599999999996
54169,1.8515902000000002
54170,1.411070000000001
54171,2.178631200000001
54172,3.659462199999999
54173,1.95065
54174,2.7105099999999975
54175,3.1688009999999984
54176,1.5564202
54177,1.47239
54178,2.6137602
54179,1.4226604000000003
54180,1.4811000999999997
54181,1.7469105999999996
54182,1.46432
54183,2.0506907000000005
54184,1.75032
54185,1.4976701000000003
54186,2.1718710999999997
54187,1.6352199999999988
54188,1.7980900999999987
54189,3.3945236999999993
54190,2.719720299999999
54191,1.5588399999999993
54192,2.422800199999998
54193,1.5617400000000001
54194,2.9946013999999974
54195,1.5718407000000019
54196,2.3588011999999994
54197,2.75221
54198,1.45613
54199,1.7738599999999993
54200,1.43272
54201,1.4653899999999986
54202,1.5507199999999997
54203,1.9207203000000002
54204,2.46453
54205,2.0983904000000013
54206,1.8287800000000005
54207,3.0040508
54208,1.9126712000000001
54209,1.6847
54210,1.8005201000000006
54211,1.6612900000000008
54212,2.0101999999999993
54213,1.3333601000000002
54214,1.5534502999999995
54215,2.2710502999999993
54216,1.6995299999999998
54217,1.4456300000000006
54218,1.5013100000000006
54219,1.8898299999999997
54220,1.5695104000000006
54221,4.0365224999999985
54222,1.9612701999999995
54223,1.7655900999999998
54224,1.8271804
54225,1.6101700000000003
54226,1.8195802999999993
54227,2.695889999999999
54228,1.6696706000000001
54229,1.7807601000000008
54230,2.11744
54231,3.288662299999997
54232,4.146503099999998
54233,3.871582799999999
54234,1.8368400000000005
54235,1.5435200000000007
54236,1.9032300000000015
54237,1.1960099999999998
54238,2.0021504999999995
54239,2.2641019999999994
54240,2.5894909999999998
54241,2.0704100000000016
54242,1.5694500000000002
54243,2.64297
54244,2.276240400000001
54245,2.0444801
54246,1.5112100000000006
54247,3.0232618999999987
54248,2.6167908999999985
54249,1.7435699999999994
54250,2.301600000000001
54251,2.691162100000001
54252,2.483040100000002
54253,1.3647300000000007
54254,1.8593004000000004
54255,1.8952605000000005
54256,2.9450916999999994
54257,1.4179000000000004
54258,1.2002601000000006
54259,2.518640200000002
54260,1.5607
54261,1.28684
54262,2.7421716999999988
54263,2.758590799999999
54264,1.1195500000000005
54265,1.6292363333333333
54266,1.5154000000000005
54267,2.1681899999999996
54268,1.8273203000000007
54269,2.1748199999999986
54270,2.3445200999999996
54271,1.3722301999999997
54272,1.7260702000000012
54273,2.1299199999999994
54274,1.7120499999999985
54275,1.672930500000001
54276,1.6642900999999997
54277,2.4245601999999993
54278,1.4663101999999992
54279,1.9796102999999996
54280,1.5241799999999999
54281,2.2168203000000006
54282,3.8339443000000015
54283,2.242479999999999
54284,1.355330499999999
54285,1.5879700999999995
54286,1.87149
54287,1.4428800000000004
54288,2.962691699999998
54289,1.4090800000000008
54290,1.5917000000000001
54291,1.1555000000000006
54292,2.1856599999999973
54293,1.8223308999999999
54294,2.3785301
54295,1.5571899999999996
54296,2.2225300000000003
54297,1.8713300999999984
54298,3.034472399999999
54299,2.8822216000000003
54300,2.2763602999999994
54301,2.2004022000000005
54302,1.854481499999998
54303,1.8436700000000004
54304,1.7993700000000004
54305,1.7831900000000005
54306,1.8468603000000003
54307,1.9663000000000017
54308,2.0389
54309,3.5101233999999963
54310,2.0767405000000014
54311,2.67265
54312,1.9425999999999997
54313,2.7680404000000003
54314,1.5763799999999997
54315,2.6494502999999994
54316,1.8691200000000003
54317,2.3072512000000014
54318,1.4978601000000002
54319,1.36737
54320,2.6888410999999985
54321,1.4448400000000006
54322,1.3558900000000005
54323,1.5667901999999996
54324,2.255090299999998
54325,2.044530099999999
54326,1.5023703999999998
54327,1.7185902000000006
54328,2.134971300000001
54329,1.54839
54330,2.4220700999999987
54331,2.4572301999999984
54332,1.6558100000000007
54333,2.0237501000000004
54334,1.9734099999999992
54335,2.086930399999999
54336,4.087913699999998
54337,1.6891199999999997
54338,2.2556300999999994
54339,2.1385067666666657
54340,2.24446
54341,1.79863
54342,3.0627609000000002
54343,4.033383999999997
54344,2.3427000000000002
54345,2.2160105000000017
54346,1.846750100000001
54347,3.1810307999999985
54348,1.7002301000000009
54349,2.0155202999999986
54350,2.1024300000000027
54351,2.1502799999999986
54352,3.6878013000000003
54353,2.043669999999999
54354,2.396420200000001
54355,1.3180699999999999
54356,1.7238200000000004
54357,2.30207
54358,2.598180000000002
54359,2.6592200000000004
54360,1.9472508000000008
54361,1.4932099999999997
54362,2.231930000000002
54363,1.6370899999999993
54364,1.8652701000000003
54365,1.5340400000000005
54366,1.0565900000000008
54367,1.4495099999999999
54368,1.122479999999999
54369,2.036120200000002
54370,1.99455
54371,1.924290000000001
54372,1.8044300000000002
54373,2.410460299999999
54374,0.8196200000000001
54375,2.5512011
54376,1.2757899999999993
54377,1.2441999999999993
54378,1.5179899999999993
54379,2.3862303000000007
54380,2.359490999999998
54381,1.1721699999999986
54382,1.41445
54383,2.2739108000000003
54384,1.59122
54385,1.7256600000000004
54386,2.572760100000001
54387,1.3858899999999996
54388,1.37852
54389,2.045079999999998
54390,2.110210400000001
54391,1.5406100000000003
54392,2.0897499999999996
54393,1.8749599999999997
54394,1.8274200000000003
54395,3.964385099999997
54396,2.161900000000001
54397,1.71247
54398,1.393710100000001
54399,2.3252599999999988
54400,2.432521
54401,1.9099800000000002
54402,2.371490600000001
54403,1.1566299999999992
54404,2.0282201000000004
54405,1.9496400999999997
54406,1.848950599999999
54407,3.0065901999999993
54408,1.3257900000000005
54409,2.7033404000000005
54410,1.6667199999999993
54411,2.18543
54412,2.731970699999999
54413,2.2602201000000015
54414,2.5595499999999998
54415,1.6065800000000001
54416,1.7076699999999996
54417,1.49896
54418,3.5811616999999982
54419,4.384452699999996
54420,1.3382004
54421,1.782593333333333
54422,1.8377300000000008
54423,2.2391700000000014
54424,1.7443600000000006
54425,1.7518500000000004
54426,1.96553
54427,2.843010099999999
54428,1.6250099999999992
54429,1.4714700000000003
54430,1.7730299999999988
54431,2.419160300000002
54432,2.0401303000000004
54433,1.6203999999999998
54434,3.432803499999998
54435,1.3544500000000008
54436,1.8920103999999998
54437,2.1908701999999995
54438,1.3104399999999998
54439,1.7476201999999994
54440,2.483100500000001
54441,1.8114703000000005
54442,1.8142002
54443,3.5372307999999992
54444,1.948650000000002
54445,1.5129701000000002
54446,2.2813603999999996
54447,2.2107604999999997
54448,1.9229199999999989
54449,1.7265502999999995
54450,2.0377199999999998
54451,2.897080099999998
54452,1.6548600999999998
54453,1.434793333333333
54454,1.6507500999999993
54455,2.583930200000001
54456,1.4614500000000001
54457,1.5765000000000002
54458,1.7603803999999996
54459,1.8772900000000003
54460,2.477580200000001
54461,1.9221420000000002
54462,1.4537800000000007
54463,2.6343414999999997
54464,2.0512002000000003
54465,2.779840100000004
54466,2.3609402999999993
54467,2.1971600000000002
54468,1.853220000000001
54469,2.477639999999999
54470,2.3015901000000003
54471,2.159390199999999
54472,2.2460501000000006
54473,1.3945500000000006
54474,1.4598200000000008
54475,1.97959
54476,1.3164099999999996
54477,1.41248
54478,1.9619403999999991
54479,1.9608200999999996
54480,1.9543899999999992
54481,3.8476449999999964
54482,3.397174099999998
54483,2.825060000000001
54484,1.8406805999999987
54485,2.0241500000000014
54486,2.3685599999999996
54487,3.452261500000002
54488,1.7123899999999999
54489,1.555630000000001
54490,2.8406899999999977
54491,2.8348705
54492,2.5490715
54493,2.710690299999998
54494,1.4956500000000006
54495,2.1531303999999993
54496,2.3185503000000014
54497,2.6761901999999993
54498,2.129890399999999
54499,1.57806
54500,1.7340400000000005
54501,2.01689
54502,1.2976599999999996
54503,1.3629399999999992
54504,1.6245199999999997
54505,1.7527899999999996
54506,1.6887500000000006
54507,2.0096006999999982
54508,2.1089474999999998
54509,1.7313100000000006
54510,1.8090100999999996
54511,1.6148101000000004
54512,2.477509999999999
54513,1.670939999999999
54514,1.5155299999999992
54515,1.6998199999999994
54516,1.5765599999999993
54517,2.0528709000000003
54518,1.6276700000000017
54519,1.8190101000000007
54520,1.77967
54521,3.246671
54522,3.2198910000000023
54523,1.9858300000000009
54524,2.0559706000000015
54525,2.661282800000001
54526,1.5216807
54527,2.853830199999999
54528,2.16244
54529,1.6789099999999986
54530,2.1075207000000016
54531,1.8482406999999994
54532,2.647710000000002
54533,1.4380899999999992
54534,2.6304914000000013
54535,1.8967500000000002
54536,1.9574000999999992
54537,1.2027600000000007
54538,2.1601999000000003
54539,1.63802
54540,2.016090099999998
54541,1.23088
54542,2.7785805999999984
54543,2.523010800000001
54544,2.468480000000001
54545,1.8167400000000016
54546,2.1394915
54547,3.2567816999999994
54548,1.940000199999999
54549,1.67179
54550,3.0957201000000003
54551,1.9503799999999984
54552,3.666392699999997
54553,1.5988299999999998
54554,2.1213302999999986
54555,1.5795799999999998
54556,2.3165400000000003
54557,4.663197599999992
54558,2.5758428
54559,2.1606513000000005
54560,3.544820199999996
54561,1.3958400000000004
54562,1.7697099999999995
54563,1.5639802999999999
54564,3.6629630999999967
54565,2.2638109999999996
54566,1.6173399999999993
54567,3.548040299999998
54568,1.7250299999999996
54569,2.2271908999999983
54570,1.9915500999999998
54571,1.61209
54572,2.4748404000000015
54573,1.4818299999999995
54574,2.2801810000000002
54575,2.6335900000000003
54576,1.7995502999999997
54577,2.0145800000000027
54578,1.6754102999999998
54579,3.068710699999999
54580,1.452860000000001
54581,2.1423500000000013
54582,2.224709999999999
54583,2.632210499999998
54584,3.555492199999997
54585,2.00752
54586,1.7518201000000013
54587,1.3037400000000003
54588,1.4004050000000006
54589,1.5534999999999997
54590,1.8610809000000006
54591,1.6058107
54592,1.7544102000000013
54593,1.9528200999999996
54594,1.4381800999999999
54595,1.6520900000000003
54596,2.0983501999999983
54597,1.4370501999999998
54598,2.129970399999999
54599,3.045771999999998
54600,2.6863722
54601,1.9326500000000002
54602,1.6902699999999995
54603,2.2091400000000005
54604,2.042850000000001
54605,1.702830000000001
54606,3.1571103999999997
54607,1.9384099999999989
54608,2.782861800000002
54609,1.7891202
54610,1.1598600000000012
54611,2.8587999999999996
54612,1.9400200000000003
54613,2.4704400000000017
54614,1.7816607000000004
54615,1.4469909000000007
54616,1.5838300000000003
54617,1.6321808000000007
54618,1.583700200000001
54619,3.271140700000001
54620,1.9637099999999996
54621,2.1107234333333325
54622,3.2329914000000004
54623,1.6637000000000013
54624,2.6635699999999995
54625,3.0622310999999978
54626,2.0399005999999997
54627,3.256430400000002
54628,2.5928704999999996
54629,1.5728600000000004
54630,1.5726300000000009
54631,1.5068898999999991
54632,1.4919201000000013
54633,3.024560399999997
54634,2.8431315
54635,1.5429499999999998
54636,1.6343099999999986
54637,1.4978602
54638,1.9971207000000002
54639,1.8838401000000007
54640,1.7956100999999998
54641,1.638801
54642,2.2641001000000003
54643,1.3684300000000007
54644,3.881010099999998
54645,2.4772200999999985
54646,1.9232708
54647,2.8495700000000004
54648,2.4093304000000013
54649,2.1747
54650,1.2829699999999982
54651,1.4059198999999998
54652,1.6165399999999985
54653,4.160594099999999
54654,1.1141900000000002
54655,1.3971405000000001
54656,1.7580000000000005
54657,2.316030300000001
54658,1.914240300000001
54659,2.2020099999999982
54660,1.8395504
54661,1.6913805
54662,2.246089999999999
54663,1.2880500000000006
54664,1.5066900000000003
54665,2.6066604000000018
54666,2.771820099999998
54667,1.8254606000000007
54668,2.028540599999999
54669,2.1720849999999987
54670,1.4859200000000001
54671,2.4191802000000004
54672,1.942330200000001
54673,1.8756099999999991
54674,1.5670502000000004
54675,2.4499600999999984
54676,2.5891309000000002
54677,1.8155599999999996
54678,2.5501616000000014
54679,1.6476199999999996
54680,2.574570799999999
54681,1.6148202999999994
54682,1.4431799999999992
54683,1.7500300000000002
54684,2.0247801999999977
54685,3.651734099999997
54686,1.6703099999999997
54687,2.3125600000000013
54688,0.903639999999999
54689,2.4958502000000027
54690,1.7207399999999995
54691,2.0345702
54692,1.7320600000000015
54693,1.4441200000000018
54694,2.8173509999999995
54695,1.8701500000000006
54696,2.223630000000001
54697,2.313069999999999
54698,2.510610000000001
54699,1.6138499999999996
54700,2.3730099999999994
54701,2.2071103999999973
54702,1.725570699999999
54703,3.5192525999999975
54704,1.7616205
54705,2.6074701999999985
54706,2.0108600000000005
54707,1.8671500000000014
54708,1.6310800000000003
54709,1.8819700000000013
54710,1.8235699999999992
54711,1.5999301000000004
54712,1.8137499999999978
54713,2.758222000000001
54714,2.2692900999999996
54715,1.9988005000000002
54716,1.9037902000000013
54717,1.88056
54718,1.4583699999999995
54719,3.382951
54720,3.0882306999999973
54721,2.0669313000000016
54722,1.868940100000001
54723,2.5372400999999978
54724,1.9573502000000005
54725,1.983520000000002
54726,2.63702
54727,2.974873199999999
54728,1.5248899999999999
54729,1.94929
54730,1.8924801999999996
54731,1.4693600000000007
54732,2.6589199999999984
54733,1.6791900000000013
54734,1.8964299999999992
54735,2.1187707000000002
54736,1.5802699999999996
54737,1.7407701999999992
54738,2.0182100000000007
54739,1.4873500000000002
54740,2.0769599999999984
54741,2.00381
54742,2.0780699999999994
54743,1.90355
54744,1.0375499999999998
54745,1.8387952
54746,2.588570200000001
54747,2.2709201
54748,1.728370000000001
54749,1.4429600000000002
54750,4.466297299999993
54751,2.2723201000000004
54752,1.6226700000000003
54753,1.54316
54754,1.6737001999999999
54755,1.893980099999999
54756,2.524559999999999
54757,1.6298000000000001
54758,2.3039300999999996
54759,2.0618101000000006
54760,1.5111208999999999
54761,1.5709900999999993
54762,2.0555500999999987
54763,1.5361399999999998
54764,2.0698500000000015
54765,3.3347606999999995
54766,1.7913103999999993
54767,1.5815302
54768,2.1217600000000005
54769,1.9715909999999992
54770,2.585760099999999
54771,1.3532201999999995
54772,2.210330000000001
54773,1.9040299999999997
54774,1.5369799999999998
54775,1.7439299999999989
54776,2.6719310000000003
54777,2.5010899999999983
54778,2.8392708
54779,1.6729308
54780,1.3772500000000005
54781,1.7696503000000015
54782,1.6100099999999993
54783,2.178590399999999
54784,2.0608400000000007
54785,2.03841
54786,1.2877200000000009
54787,1.0766100000000003
54788,2.0353499999999984
54789,1.3833199999999997
54790,1.4274001
54791,2.220630000000001
54792,1.977419999999999
54793,1.6358802000000003
54794,2.4491712999999993
54795,2.9890418999999997
54796,2.2565305000000007
54797,1.5489199999999999
54798,1.8973199999999992
54799,1.8744500000000008
54800,1.9774599999999989
54801,1.5866903999999993
54802,1.86825
54803,1.6944100000000006
54804,3.9961340999999977
54805,3.3760026999999972
54806,1.4873000000000014
54807,1.8104099999999987
54808,2.321959999999999
54809,1.8360002000000002
54810,1.3400200000000007
54811,2.804950299999999
54812,1.1486599999999993
54813,1.2705400000000007
54814,1.8019199999999995
54815,2.3180208999999983
54816,2.0362602
54817,1.7952400000000004
54818,1.60703
54819,1.7737202000000016
54820,1.9298657999999989
54821,2.818989999999999
54822,1.7999305999999993
54823,2.9284614999999996
54824,1.7921902999999992
54825,0.9332600999999987
54826,2.0854099999999978
54827,2.4073499999999988
54828,2.0945211
54829,2.2800908000000004
54830,1.2776300999999992
54831,2.782670099999998
54832,4.1524649999999985
54833,2.0085401000000003
54834,1.6860404000000002
54835,2.0942401000000017
54836,1.32698
54837,1.2152599999999993
54838,3.6737815999999968
54839,2.8251202000000006
54840,2.15826
54841,4.551076299999995
54842,4.071841699999999
54843,2.0934510999999993
54844,1.7647833333333338
54845,1.9533799999999995
54846,1.7076601
54847,1.1500500000000002
54848,1.8396800000000004
54849,1.6536901000000004
54850,1.9559504000000008
54851,2.9061224999999973
54852,2.1842100000000007
54853,2.8988799999999997
54854,4.396235099999994
54855,2.9134712999999994
54856,2.5044700000000018
54857,1.2514099999999997
54858,1.3991900000000004
54859,1.6698608000000004
54860,2.062630000000001
54861,1.5620600000000013
54862,1.435280000000001
54863,2.2470100000000013
54864,1.7920900000000006
54865,1.194079999999999
54866,1.45687
54867,2.1207621000000003
54868,1.8722201000000005
54869,2.467270299999999
54870,1.7170999999999994
54871,1.70516
54872,1.5240199999999995
54873,1.8067600999999995
54874,3.6461911000000016
54875,2.321999999999997
54876,2.5537801
54877,0.80798
54878,1.9086800000000008
54879,1.6417200999999997
54880,2.5361410999999996
54881,1.29262
54882,3.211301999999999
54883,4.288607399999995
54884,1.7149499999999989
54885,1.32627
54886,2.3215702
54887,2.6475
54888,1.81298
54889,2.7636508
54890,1.7245401000000005
54891,2.0988108
54892,2.380750000000002
54893,2.123630399999999
54894,2.8879202
54895,4.041735099999994
54896,1.6014999999999993
54897,3.3385822999999983
54898,1.726789999999999
54899,1.876269999999999
54900,2.6667005
54901,2.104200700000001
54902,2.0075802
54903,3.448860600000002
54904,1.5124600000000004
54905,2.69113
54906,3.1745216000000003
54907,2.238371499999999
54908,1.4842100000000003
54909,2.232221500000001
54910,3.875052199999999
54911,1.9555602000000007
54912,1.9922801000000003
54913,2.599529999999998
54914,1.6880299999999997
54915,1.3323999999999991
54916,2.0607599999999984
54917,1.2207899999999998
54918,1.6524300999999997
54919,1.9433334333333325
54920,2.635850099999999
54921,2.063840099999999
54922,1.5776900999999999
54923,2.050509999999998
54924,2.801200699999998
54925,2.2599804000000008
54926,1.6998199999999988
54927,1.0520400000000008
54928,1.807900000000001
54929,1.8303400000000003
54930,1.9600904999999995
54931,2.5461308999999983
54932,1.7088999999999999
54933,1.3895406999999997
54934,1.9996999999999994
54935,1.5785800999999997
54936,2.3727524000000013
54937,1.6169501999999998
54938,2.157609999999998
54939,1.5491200000000003
54940,1.4773803999999995
54941,1.8583106999999999
54942,1.6938300000000002
54943,1.5293199999999996
54944,1.727080000000002
54945,2.5528801
54946,2.4897605000000023
54947,2.398420000000001
54948,1.7571200000000011
54949,3.04367
54950,2.2031100000000006
54951,1.2054101000000017
54952,1.7746100000000005
54953,2.8143099999999994
54954,1.8836100000000011
54955,3.010351299999999
54956,4.269184999999997
54957,2.7073008999999986
54958,1.2006105
54959,2.961170000000001
54960,1.7140698999999997
54961,2.2951515999999996
54962,2.5465999999999993
54963,1.5372304000000006
54964,1.7698104
54965,2.15385
54966,1.7303700000000004
54967,1.8167000000000006
54968,2.349650600000001
54969,2.9234101999999997
54970,1.5260699999999991
54971,1.6803200000000007
54972,1.8710904000000002
54973,2.0271203000000004
54974,1.9172499999999997
54975,1.9738199999999995
54976,4.347093399999997
54977,1.4766100000000002
54978,2.0164109000000003
54979,1.6558305000000002
54980,2.349012900000001
54981,3.177441599999998
54982,1.6479901999999993
54983,1.3136202000000003
54984,1.9932905999999997
54985,1.52431
54986,1.501159999999999
54987,2.6873702
54988,1.72685
54989,1.9125699999999997
54990,2.1379999999999995
54991,2.9779022999999993
54992,1.9061799999999984
54993,3.8597814000000032
54994,2.0068001
54995,2.2447002999999977
54996,2.1265203999999995
54997,3.792901000000002
54998,1.6991199999999997
54999,2.7221500000000005
55000,1.161109999999999
55001,1.7513000000000003
55002,1.4127102999999996
55003,1.9648799999999995
55004,3.7371135999999994
55005,1.5454700000000003
55006,2.1135101999999995
55007,4.2347940999999985
55008,2.3451001999999987
55009,2.2229
55010,1.6249500999999993
55011,1.5781
55012,1.6460803000000004
55013,1.3176481000000009
55014,1.6749406000000007
55015,4.007712199999999
55016,2.1341599999999987
55017,4.349294399999993
55018,1.5611100000000002
55019,1.8044901999999998
55020,1.9665199999999985
55021,1.47935
55022,1.8614200000000005
55023,1.4507500000000007
55024,1.5824400000000005
55025,4.088270999999999
55026,1.920170100000001
55027,1.8030499999999996
55028,2.5867102
55029,1.3116599999999994
55030,1.7986600000000013
55031,2.007629999999999
55032,1.2624800000000003
55033,2.068379899999999
55034,2.2103499999999996
55035,1.3866300000000005
55036,2.195320399999999
55037,2.9580602
55038,3.0290108
55039,2.1267
55040,2.0421700000000005
55041,2.8901316000000015
55042,1.358809999999999
55043,1.9470002000000006
55044,1.7131099999999997
55045,3.5892052999999975
55046,1.4141501000000003
55047,1.6284099999999997
55048,2.3173901999999966
55049,1.8329699999999989
55050,1.3846399999999996
55051,4.033673799999998
55052,1.4064599999999996
55053,2.0082399999999994
55054,1.8235500000000007
55055,1.5520499999999995
55056,1.7040404999999996
55057,1.4314301999999994
55058,1.5903899999999993
55059,1.7210999999999999
55060,2.2711401
55061,1.47566
55062,1.678510400000001
55063,1.2754304000000007
55064,1.2959103
55065,1.5541849999999997
55066,1.73647
55067,2.3418001000000013
55068,3.7329543999999966
55069,2.561910900000001
55070,1.3711000000000002
55071,2.2101214000000007
55072,2.3710600000000004
55073,2.2310202
55074,3.9754228999999977
55075,1.4686002000000007
55076,1.6617001000000011
55077,1.7666800000000003
55078,1.9778399999999994
55079,1.4227199999999989
55080,1.9162400000000002
55081,3.7918341999999967
55082,1.6154499999999998
55083,1.5135500000000008
55084,2.3296400000000013
55085,1.3791000000000004
55086,3.2302418
55087,1.4442501000000008
55088,1.5164199999999999
55089,4.341193799999994
55090,1.6489100000000005
55091,1.475070000000001
55092,1.59672
55093,4.723797699999992
55094,2.7931513
55095,1.4498104000000003
55096,2.0955
55097,1.2147905000000012
55098,1.3485499999999992
55099,4.213664799999995
55100,1.6856402999999995
55101,2.413239999999998
55102,2.559770800000001
55103,1.9520399999999998
55104,1.7852301000000006
55105,1.6276500000000018
55106,2.405393100000001
55107,1.5823001999999997
55108,1.8260001000000003
55109,1.9996899999999989
55110,3.2966424000000005
55111,3.4058331999999982
55112,2.5774607000000014
55113,1.7786100000000014
55114,1.728960000000001
55115,3.8366905000000013
55116,1.4379900000000003
55117,1.5719799999999993
55118,1.460729999999999
55119,2.0868614000000005
55120,1.9596400000000016
55121,2.8399303000000016
55122,1.3236299999999988
55123,1.9500200000000014
55124,2.0204600000000004
55125,4.724517699999991
55126,1.8806099999999992
55127,1.7693299999999992
55128,1.6114600000000003
55129,2.2775801999999974
55130,1.1046102
55131,1.5085199999999992
55132,1.873970100000001
55133,1.0294200999999996
55134,2.176019999999999
55135,1.9320900000000003
55136,1.9965000000000004
55137,1.3346400000000014
55138,3.6881505
55139,2.246270100000001
55140,4.687787899999992
55141,2.5770899999999983
55142,1.6750202999999988
55143,3.512842299999998
55144,1.9486099999999982
55145,2.3832817000000004
55146,1.4427200000000007
55147,1.1667299999999992
55148,1.9581400999999985
55149,2.0326203
55150,1.7056001000000007
55151,2.098169999999999
55152,2.5120601999999987
55153,2.080569999999998
55154,1.8038699999999985
55155,2.6867100000000024
55156,1.6066800000000006
55157,2.3113008000000006
55158,2.0707200000000014
55159,2.13152
55160,1.5976902999999993
55161,2.2823902000000005
55162,2.07638
55163,3.9749309999999993
55164,1.8234600000000003
55165,1.3140900000000004
55166,2.5141008
55167,1.4371099999999999
55168,2.083760100000001
55169,2.148820099999999
55170,2.312528166666668
55171,1.5262203000000003
55172,1.5624000000000007
55173,2.2273200000000024
55174,1.6350600000000008
55175,1.74596
55176,1.1998503999999992
55177,1.9623500000000005
55178,1.3727999999999994
55179,1.3312501000000003
55180,1.7060999999999993
55181,1.8075800000000006
55182,1.628910100000001
55183,2.1410918000000008
55184,2.127800000000001
55185,4.422046999999992
55186,2.9911399999999997
55187,1.6517300000000004
55188,1.7216200000000002
55189,2.3609209
55190,2.4313301000000016
55191,1.8009806000000004
55192,2.372320000000001
55193,2.40916
55194,1.7951299999999997
55195,2.873689999999999
55196,1.6281399999999993
55197,1.9089999999999996
55198,4.166732299999995
55199,1.3826700999999997
55200,1.4641700000000002
55201,2.3569400999999996
55202,1.6184902000000003
55203,2.7354102
55204,1.9432204999999998
55205,1.9083202
55206,3.104199999999999
55207,1.4160902000000004
55208,1.8484301999999997
55209,2.4501000000000013
55210,1.5321700999999992
55211,2.3253308999999986
55212,2.0443601999999994
55213,1.3886002000000004
55214,2.2178813000000006
55215,3.679990500000005
55216,1.1029601000000009
55217,2.6683600999999983
55218,3.3037326999999963
55219,1.8007299999999995
55220,1.9247601999999986
55221,3.436970200000002
55222,2.1781125000000006
55223,1.6485999999999998
55224,1.3249799999999987
55225,1.7075499999999995
55226,1.5990404
55227,1.8026200000000008
55228,1.7354201
55229,1.728960100000001
55230,2.1667803
55231,1.9304900000000016
55232,1.2296402999999991
55233,1.53858
55234,1.7061904999999993
55235,1.8212204999999995
55236,2.039300000000003
55237,1.5926799999999997
55238,3.4248128000000007
55239,2.5336912
55240,1.942820200000001
55241,2.087330000000001
55242,1.9400305000000002
55243,2.29372
55244,1.5966905000000005
55245,2.4736901000000007
55246,1.7164999999999992
55247,1.7383099999999985
55248,1.0988799999999994
55249,2.2694403999999992
55250,3.4630323999999995
55251,2.606880599999999
55252,2.0320604999999996
55253,1.1952399999999992
55254,3.1014212
55255,3.0927906999999992
55256,2.8304518999999995
55257,1.6039101000000002
55258,1.46695
55259,1.8376199999999994
55260,1.4996996999999996
55261,4.229075399999994
55262,1.0757399999999988
55263,2.0097501000000006
55264,1.4704599999999999
55265,1.2898799999999997
55266,2.7230204999999996
55267,2.222040299999999
55268,2.249650000000002
55269,1.61735
55270,2.4067214999999997
55271,1.3632602000000005
55272,2.30011
55273,2.6255208000000003
55274,1.918960999999999
55275,1.7716601
55276,2.303151900000002
55277,2.350271200000001
55278,3.7620240999999983
55279,2.9307934999999956
55280,2.4129308999999974
55281,3.6821547999999966
55282,2.2242799999999985
55283,1.7960133333333328
55284,1.9458001000000014
55285,1.595489999999999
55286,2.26649
55287,2.361870200000001
55288,1.87167
55289,1.7269499999999993
55290,1.8017103000000008
55291,2.825862400000001
55292,1.3399999999999992
55293,1.5700803
55294,1.6220701000000002
55295,1.4081598
55296,2.4107
55297,4.0949518000000005
55298,1.821689999999999
55299,1.714320100000001
55300,1.8937200000000018
55301,2.4262107
55302,2.131811200000001
55303,1.8630400000000003
55304,1.848100300000001
55305,1.8117600000000003
55306,1.75794
55307,3.3678839000000016
55308,2.9401708999999987
55309,3.313330899999999
55310,1.52981
55311,1.9516802000000002
55312,1.9158599999999995
55313,2.1218306000000005
55314,2.6506003000000016
55315,1.8749700000000005
55316,3.3241509000000002
55317,1.7828100999999992
55318,1.4249199999999995
55319,1.4527699999999992
55320,1.5798701
55321,1.8113502
55322,2.2762399999999987
55323,1.5798599999999996
55324,2.03351
55325,3.2489508000000016
55326,2.8113424999999994
55327,2.8175201999999997
55328,1.9145001000000013
55329,2.026799999999998
55330,2.9473843000000004
55331,1.50677
55332,1.4593300000000005
55333,2.1618902
55334,1.9791501000000002
55335,2.3156700000000003
55336,1.5140704
55337,3.563569999999998
55338,1.3400099999999993
55339,2.469330000000001
55340,1.9341700000000015
55341,1.8039904000000007
55342,1.8894100000000007
55343,1.6972100000000003
55344,1.9308802000000005
55345,1.4854800000000004
55346,2.22874
55347,1.6734301000000005
55348,1.4425475
55349,1.8404500000000008
55350,1.7015010000000002
55351,1.9818503000000007
55352,1.6795999999999998
55353,1.9349300000000011
55354,1.5496401000000004
55355,1.9812107000000003
55356,1.9465507
55357,1.2297399999999996
55358,1.51947
55359,1.4936300000000005
55360,1.834320500000001
55361,1.3663500000000002
55362,2.002980300000001
55363,1.6135000000000006
55364,1.7286400999999996
55365,3.0035712000000023
55366,1.3712599999999995
55367,2.7991915999999986
55368,1.7015600999999998
55369,1.835939999999999
55370,1.7005800999999996
55371,3.471001499999998
55372,1.550690099999999
55373,1.8282599999999984
55374,1.6298499999999978
55375,1.5508800000000005
55376,1.8002500000000001
55377,1.42129
55378,2.2460200000000006
55379,2.6098114
55380,1.2290599999999998
55381,2.031791099999999
55382,2.8229199999999985
55383,2.5198405
55384,2.1459799999999993
55385,1.8094407000000001
55386,1.30167
55387,2.0351500000000002
55388,2.4683699999999997
55389,1.5895701000000004
55390,1.8288900000000003
55391,4.402607299999994
55392,1.3318200000000002
55393,1.5876200000000003
55394,1.5658499999999989
55395,1.2804599999999993
55396,2.6369502999999996
55397,3.1681309999999985
55398,2.4156299999999997
55399,1.7602511000000005
55400,1.63352
55401,2.148100000000004
55402,2.0327
55403,1.9766
55404,1.6289401999999993
55405,2.069929999999999
55406,1.6458300000000006
55407,1.5706101000000006
55408,2.223980000000002
55409,1.6583099999999995
55410,2.5175800000000006
55411,2.6763405999999987
55412,1.2205899999999976
55413,3.3646604
55414,4.7192783999999905
55415,1.4873999999999998
55416,2.6381605999999995
55417,1.7211799999999997
55418,1.4576601
55419,2.8817503999999996
55420,1.4310299999999996
55421,1.7258599999999995
55422,2.356679999999999
55423,1.5890405999999997
55424,1.6711300999999998
55425,2.0167699999999993
55426,3.355242800000001
55427,1.1116000999999998
55428,1.601970500000001
55429,2.526380000000001
55430,2.2115499999999995
55431,3.4435942999999973
55432,2.6472005999999975
55433,2.3216900000000003
55434,1.5827303000000001
55435,1.7716399999999997
55436,1.9036500000000007
55437,4.063352999999995
55438,2.360080000000001
55439,2.5928100000000005
55440,2.09428
55441,2.100159999999999
55442,2.6447416999999995
55443,2.3109004
55444,1.261460000000001
55445,1.9539700000000004
55446,3.6341508
55447,2.5306699999999975
55448,1.464460200000001
55449,2.037619999999999
55450,2.2801
55451,1.8094200000000007
55452,2.027231
55453,1.3344100000000003
55454,2.2369609
55455,1.46225
55456,4.352705299999997
55457,1.719740000000001
55458,1.6478000000000004
55459,1.6440499999999998
55460,1.71185
55461,1.82383
55462,1.6700101000000027
55463,3.222960000000002
55464,2.0384002999999997
55465,1.9836201000000004
55466,1.61416
55467,4.027233299999996
55468,1.5411199999999985
55469,1.9829099999999995
55470,1.755050000000001
55471,2.084580399999999
55472,2.9295320999999994
55473,2.2742799999999996
55474,3.004561300000002
55475,1.829700199999999
55476,1.8705200000000002
55477,1.9546309999999998
55478,1.498110100000001
55479,2.3453400000000006
55480,1.6080501000000007
55481,1.7353899999999995
55482,1.4386900000000005
55483,1.8352299999999988
55484,1.5534900000000003
55485,1.6068200000000001
55486,2.9400501
55487,1.4168502
55488,2.238230200000001
55489,1.8949099999999997
55490,2.2290399999999995
55491,3.6683907
55492,2.9575801999999998
55493,2.5181001999999997
55494,1.4455000000000005
55495,1.6483001999999993
55496,1.91224
55497,2.09132
55498,1.4278000999999996
55499,2.9590536
55500,3.0691127999999988
55501,1.7234700000000003
55502,1.924140899999997
55503,2.1718099999999976
55504,1.8822800999999998
55505,1.5747799999999992
55506,2.1191800000000014
55507,1.980799999999999
55508,3.2061712000000013
55509,1.8755301999999974
55510,2.0794300000000003
55511,1.9180199999999994
55512,1.48802
55513,1.3819299999999999
55514,1.596500000000001
55515,1.7487400000000006
55516,1.8082902
55517,1.336600000000001
55518,2.709810999999998
55519,3.2497525999999994
55520,1.9922400000000002
55521,2.3913199999999986
55522,4.203152899999997
55523,2.1113700999999976
55524,1.6539200000000003
55525,1.3406200000000013
55526,2.0051500000000004
55527,2.4457204
55528,2.184899999999999
55529,4.264382699999997
55530,4.328876199999994
55531,1.3996300999999993
55532,1.6049499999999992
55533,2.5375903999999996
55534,2.073751500000003
55535,1.6966399999999995
55536,1.9326203999999993
55537,1.8925305000000003
55538,3.4880520000000015
55539,1.7930102000000006
55540,1.5554201000000003
55541,1.6324500000000004
55542,2.3279804000000013
55543,2.4552601
55544,2.12033
55545,1.7036701000000003
55546,1.4808500000000004
55547,1.8388200000000003
55548,0.9722000000000007
55549,1.6710600000000004
55550,1.5248699999999997
55551,1.8713901999999996
55552,1.7459000000000007
55553,2.0584100000000003
55554,1.8836199999999994
55555,1.7861099999999994
55556,2.599450399999997
55557,1.9158900000000005
55558,1.6851206000000016
55559,1.6657701
55560,3.670642599999998
55561,1.9367101000000004
55562,1.5456700000000003
55563,1.6636799999999994
55564,1.3997201000000004
55565,1.732800200000001
55566,3.7634019
55567,1.5302103
55568,2.71053
55569,1.6804102999999992
55570,1.1398199000000009
55571,1.8456099999999998
55572,2.3514099999999987
55573,3.0887836999999987
55574,1.8247300000000004
55575,1.7583100999999999
55576,3.4589327999999977
55577,3.5363033999999987
55578,3.3566001000000005
55579,2.1603509
55580,2.861640600000003
55581,1.636110000000001
55582,1.7811500000000005
55583,1.720879999999999
55584,2.0140306000000003
55585,2.880322999999999
55586,0.9760199999999997
55587,1.7304300000000001
55588,1.598209999999999
55589,2.9388726
55590,1.7412702000000004
55591,3.850261899999999
55592,2.9231700999999966
55593,1.77476
55594,1.2667400000000004
55595,1.7116407999999996
55596,1.7428400000000017
55597,3.2057602000000016
55598,1.6225101000000002
55599,3.6926616999999977
55600,1.9105599999999998
55601,1.4736400000000003
55602,2.6941607
55603,1.85238
55604,2.1959707
55605,1.6191500000000003
55606,2.357740000000002
55607,1.6330699999999998
55608,1.5420102000000007
55609,1.825670200000001
55610,2.202560000000001
55611,1.525270000000001
55612,3.6652723000000016
55613,1.4244399999999993
55614,3.417880600000002
55615,1.879510299999999
55616,2.6347000000000014
55617,1.8204201000000015
55618,2.597350499999999
55619,3.2355120999999976
55620,1.47978
55621,1.734830000000001
55622,2.357899999999999
55623,2.0294305999999995
55624,1.3527799999999996
55625,2.2850301000000006
55626,1.8825800000000006
55627,1.4795400000000003
55628,2.0962200000000006
55629,2.313640000000001
55630,2.647661000000003
55631,1.3568100000000003
55632,1.6525503999999995
55633,1.899930199999999
55634,1.5421501000000009
55635,4.452346399999993
55636,1.7209802999999995
55637,2.2286
55638,2.394490099999999
55639,2.011550000000001
55640,1.6987600000000003
55641,1.395319900000001
55642,1.4334499999999997
55643,2.195639999999999
55644,2.1566704000000003
55645,1.885838933333333
55646,2.3212401000000016
55647,1.9896998999999993
55648,1.4814501999999998
55649,2.7078224000000013
55650,2.191910100000001
55651,1.9719400999999994
55652,2.5117918
55653,2.517979999999999
55654,1.1887099999999997
55655,1.6951999999999992
55656,1.7673205000000005
55657,2.0640699999999983
55658,1.7291899999999993
55659,2.0044199999999988
55660,1.947290000000001
55661,1.6929399999999992
55662,1.5697200999999998
55663,1.6510100000000005
55664,1.6183900000000009
55665,1.5485704
55666,2.5590700000000006
55667,1.26242
55668,2.017081200000001
55669,3.3120019999999992
55670,2.1833100000000005
55671,2.074610000000001
55672,1.5194503999999998
55673,2.0195899999999996
55674,1.8895899999999994
55675,1.9027799999999997
55676,1.6722499999999996
55677,1.2543500000000005
55678,1.9771601999999993
55679,1.8486404000000005
55680,1.6216803999999996
55681,2.1519804
55682,2.0003300000000004
55683,2.2059702000000003
55684,1.8067799999999992
55685,1.444280000000001
55686,1.3148501000000004
55687,1.6950000999999995
55688,1.4759800999999992
55689,1.3220400000000003
55690,2.6360900999999997
55691,2.21661
55692,2.3143701000000005
55693,1.3567300000000007
55694,2.3552704000000024
55695,1.5636500000000004
55696,1.57574
55697,2.1121401000000004
55698,1.7267799999999993
55699,1.7257700000000002
55700,1.7954500000000004
55701,1.3821
55702,1.9967401
55703,2.7318120999999977
55704,2.1629299999999994
55705,2.3251402999999993
55706,1.6769400000000005
55707,1.4096301
55708,2.4966510000000004
55709,1.3832403000000004
55710,1.67024
55711,2.457110400000001
55712,1.5742101000000002
55713,1.4418598999999992
55714,2.4996002999999996
55715,2.6888503999999993
55716,3.539164099999997
55717,1.6408102000000002
55718,2.2456199999999993
55719,3.0064499999999996
55720,1.0112500000000002
55721,2.203630000000001
55722,2.7623307999999995
55723,1.738840299999999
55724,1.6547300000000014
55725,1.7315300000000005
55726,2.7952600000000007
55727,1.5958700000000001
55728,2.1505495999999997
55729,1.5100603000000006
55730,4.813227699999993
55731,1.9269702000000004
55732,2.116002000000001
55733,2.2292707000000016
55734,2.4467404999999998
55735,2.089689999999999
55736,3.7015823999999986
55737,2.079410800000001
55738,2.2689299999999992
55739,2.158529999999999
55740,2.38602
55741,1.8116501
55742,1.7010199999999995
55743,1.2515800000000015
55744,2.2809800999999976
55745,1.5671708000000004
55746,1.6360902
55747,2.12976
55748,3.4148027999999986
55749,1.6409699999999992
55750,1.7929300999999984
55751,1.9917407000000005
55752,1.3702401999999991
55753,1.2508700000000004
55754,3.2077907
55755,1.27042
55756,2.2092506999999997
55757,2.538152899999999
55758,1.5005599999999994
55759,1.6178903000000004
55760,1.5870303000000008
55761,2.3058399999999994
55762,2.2080400000000027
55763,1.6404499999999995
55764,1.7573300000000012
55765,1.5571802999999989
55766,2.0488700000000004
55767,1.53288
55768,1.558099999999999
55769,2.0465302
55770,2.1251604000000004
55771,1.4665900000000007
55772,2.1499602000000007
55773,2.6548799999999995
55774,2.1003000999999997
55775,1.7464299999999995
55776,1.5178901000000005
55777,2.0379300000000016
55778,2.4885601999999993
55779,2.616159999999999
55780,2.634580899999997
55781,1.6833299999999998
55782,2.17966
55783,1.6469799999999992
55784,1.836000200000001
55785,3.6691328999999993
55786,4.291075699999996
55787,1.223209999999999
55788,3.8989235999999967
55789,1.9956401999999982
55790,2.111729999999999
55791,1.3750799999999999
55792,1.4619699999999998
55793,2.344205833333335
55794,3.6789020999999984
55795,1.935640199999999
55796,1.6316399999999986
55797,4.053843999999997
55798,4.112191800000002
55799,1.6414299999999995
55800,2.0434699999999997
55801,1.4747700000000001
55802,1.9487203000000006
55803,1.9077402
55804,4.011556599999997
55805,1.6641401999999985
55806,1.5570600000000006
55807,2.3996500000000016
55808,1.37817
55809,1.7500102999999998
55810,2.822910599999999
55811,1.3526900000000004
55812,3.1658203000000005
55813,1.7949501000000005
55814,2.646010699999999
55815,2.4173606000000016
55816,1.4107500000000008
55817,1.8266501999999987
55818,1.801630200000001
55819,2.4656706000000006
55820,2.1776005000000014
55821,1.7437900000000002
55822,1.881640399999999
55823,2.2252202000000003
55824,2.44821
55825,2.2718900999999985
55826,1.7215904000000004
55827,3.2895109000000007
55828,1.7413500999999991
55829,2.1073207
55830,1.3673599999999997
55831,1.845250800000001
55832,1.8492000999999991
55833,2.5951404
55834,2.32792
55835,2.4738500000000014
55836,1.327230000000001
55837,1.678279999999999
55838,4.153664599999996
55839,1.5134399999999995
55840,1.4348204999999996
55841,1.8258100000000002
55842,1.935230400000001
55843,2.3543311
55844,2.094271300000001
55845,1.8285199999999993
55846,4.056803699999998
55847,2.2928999999999995
55848,1.6894199999999993
55849,1.5266200000000003
55850,1.4080299999999997
55851,1.70364
55852,2.1747400999999997
55853,1.4758204000000006
55854,1.4720702000000003
55855,1.9662799999999996
55856,2.5586800000000007
55857,2.252400600000002
55858,1.8105900000000004
55859,2.0269999999999992
55860,2.8527311999999974
55861,1.3067502000000002
55862,2.8148400999999996
55863,1.2288200000000011
55864,1.199029500000001
55865,1.054930299999999
55866,1.7425899999999996
55867,1.769300000000002
55868,1.9954500000000002
55869,1.6350699999999998
55870,1.0185100000000007
55871,2.5347804
55872,1.6335500000000014
55873,2.1007206999999974
55874,3.0326402999999997
55875,1.46826
55876,1.3172799999999998
55877,2.218780900000001
55878,2.6323178666666673
55879,1.6061199999999993
55880,1.5631599999999992
55881,2.095890000000001
55882,1.4896205
55883,4.1468320999999975
55884,2.069829999999999
55885,1.5937800000000006
55886,2.3343199999999973
55887,1.9264301000000001
55888,3.4443324999999976
55889,1.1902300000000003
55890,1.8411000000000006
55891,2.06136
55892,1.1010699999999998
55893,1.8842500000000006
55894,2.8634612000000006
55895,2.7579700999999988
55896,1.5729000000000004
55897,4.315166299999994
55898,1.5639101000000002
55899,1.8353301000000004
55900,2.3480201999999992
55901,2.0980700999999975
55902,1.7524599999999992
55903,2.3862800000000006
55904,2.2740599999999995
55905,1.9079299999999997
55906,2.462490099999999
55907,2.188300100000001
55908,1.73724
55909,2.569640099999999
55910,1.7714905
55911,2.1096901999999993
55912,1.8055501000000005
55913,1.9416900000000006
55914,2.2649699999999995
55915,1.6877102999999998
55916,1.6728200000000002
55917,1.5429799999999998
55918,1.58239
55919,2.5643600999999983
55920,4.286724999999995
55921,1.29796
55922,2.6344211999999994
55923,1.12925
55924,2.1059304999999995
55925,4.159225699999996
55926,1.9388800000000006
55927,1.429880000000001
55928,1.626860799999999
55929,1.853510000000002
55930,1.3412103999999991
55931,1.6162202000000006
55932,1.6486600999999996
55933,1.9645000999999993
55934,2.4014999999999995
55935,1.587570400000001
55936,1.8799199999999987
55937,2.9196607000000023
55938,2.5713213
55939,1.7838500000000013
55940,1.9745300000000001
55941,2.4700311999999993
55942,2.0473303999999994
55943,1.871479999999999
55944,2.577421300000001
55945,2.2764904000000006
55946,1.40522
55947,1.5334500000000006
55948,3.2659815000000014
55949,2.6428504
55950,1.4136300000000004
55951,1.6922800000000007
55952,1.6794499999999999
55953,1.8422402000000004
55954,1.886409999999999
55955,1.8363700999999997
55956,1.57967
55957,1.5297201
55958,1.4521700000000002
55959,2.1705601000000003
55960,1.7463000000000006
55961,3.054740600000001
55962,1.4523399999999993
55963,3.0114009000000004
55964,2.755811099999999
55965,1.6707400000000001
55966,2.0840808
55967,2.7624099999999987
55968,1.7445099999999993
55969,3.488422499999998
55970,1.5822299999999998
55971,1.6267901999999987
55972,1.74718
55973,1.8508301000000005
55974,1.8644801000000004
55975,2.196900199999999
55976,1.6329399999999998
55977,1.5543399999999996
55978,0.7777500000000002
55979,1.3330800000000005
55980,2.3180001000000003
55981,1.9829600000000012
55982,1.6283899999999993
55983,2.1110305000000005
55984,2.0481306999999997
55985,1.2787699999999997
55986,1.7601402
55987,1.7585199999999994
55988,1.8701503000000008
55989,1.6896604000000004
55990,1.8505203000000006
55991,1.5561099999999999
55992,1.50692
55993,1.9998500999999984
55994,2.5491710000000007
55995,2.0253110000000003
55996,1.6504001000000006
55997,1.8077701000000002
55998,1.64073
55999,1.3992699999999996
56000,1.9531609999999988
56001,1.1881300000000008
56002,2.9033230000000003
56003,2.290260000000001
56004,1.3329899999999995
56005,2.28866
56006,2.1786801000000016
56007,2.0819799999999993
56008,1.6849199999999993
56009,1.6447081000000003
56010,2.687740099999999
56011,2.039020200000001
56012,4.3484737999999945
56013,2.9852412
56014,3.0757715
56015,1.9330001999999973
56016,1.3558400000000006
56017,1.6812300000000016
56018,1.559280000000001
56019,2.0030249999999987
56020,3.7429236999999973
56021,1.6185799999999997
56022,1.8711801000000003
56023,2.3609909000000013
56024,1.6117601
56025,2.3940905
56026,2.129950400000001
56027,2.1944900000000005
56028,1.3195901999999995
56029,4.271196199999993
56030,3.8870414000000006
56031,1.9434300999999998
56032,1.6539499999999991
56033,1.661359999999999
56034,1.4828101999999999
56035,1.9279999999999984
56036,2.075779999999999
56037,1.8980599999999999
56038,1.4733900000000006
56039,1.3464706000000002
56040,2.0405400000000005
56041,2.149450200000001
56042,1.6420800000000002
56043,2.10088
56044,1.28391
56045,2.2419359999999995
56046,1.3945299999999998
56047,2.2166603999999994
56048,1.8977400000000002
56049,3.9354268333333304
56050,1.9689600000000007
56051,1.6894001000000012
56052,3.5519114
56053,3.2638413999999996
56054,2.036297499999999
56055,2.6892300000000002
56056,3.2005914
56057,1.5166500000000007
56058,1.7831199999999998
56059,2.103620000000001
56060,0.9812701
56061,1.7297500000000015
56062,1.0441900999999993
56063,1.7821101
56064,2.0878299999999994
56065,1.593569999999999
56066,4.300573899999998
56067,1.7165100000000006
56068,2.007640900000001
56069,1.809679999999999
56070,2.112649999999998
56071,1.7714399999999997
56072,2.0763901000000002
56073,3.068470400000001
56074,1.1551899999999997
56075,2.296830000000002
56076,1.548550099999999
56077,2.4156201
56078,1.7828299999999992
56079,1.3609599999999997
56080,4.114354299999997
56081,3.422341799999998
56082,1.3328600000000008
56083,1.5762104
56084,1.8204600000000004
56085,1.8311699999999989
56086,1.9021500000000018
56087,2.4101500000000007
56088,2.4316902
56089,2.173459999999999
56090,1.2792099999999993
56091,2.0719406000000005
56092,2.12298
56093,1.7224999999999986
56094,1.0548000000000006
56095,1.9753802999999994
56096,1.8256202000000001
56097,1.5537399999999986
56098,2.0392902
56099,2.4892999999999996
56100,3.3552015
56101,2.655230100000001
56102,1.3803101000000004
56103,1.853899999999999
56104,2.1150503000000005
56105,4.503477399999992
56106,1.7154800999999997
56107,1.4796899999999988
56108,1.6892901000000007
56109,1.7121799999999987
56110,1.564812499999999
56111,2.4693600000000013
56112,1.6187702000000022
56113,1.476800000000001
56114,1.756989999999999
56115,1.5637902000000006
56116,1.5751400000000004
56117,2.0318399999999976
56118,2.9107589666666667
56119,1.5662600000000007
56120,1.5710201000000015
56121,2.1484003999999985
56122,1.8248000000000004
56123,2.3369899999999975
56124,1.3583901000000003
56125,1.7906299999999993
56126,2.096490300000001
56127,1.8176801999999994
56128,1.7250900000000005
56129,2.1274699999999998
56130,1.5851102000000012
56131,3.6128540999999954
56132,2.8022802999999987
56133,3.7627802999999993
56134,2.2840904000000006
56135,1.9734599999999975
56136,3.063660000000001
56137,1.8475199999999998
56138,1.5336200999999994
56139,1.6349999999999991
56140,1.8566699999999998
56141,2.457130100000001
56142,2.1161599999999994
56143,1.8815997999999994
56144,2.3100605000000023
56145,3.9327925999999964
56146,2.187750200000001
56147,2.384200200000001
56148,2.1992002999999984
56149,1.5905901000000007
56150,1.9447800000000004
56151,1.8116700000000001
56152,1.8012299999999994
56153,2.418180699999999
56154,1.915160100000002
56155,1.9707005999999987
56156,1.56401
56157,2.7616201999999976
56158,1.7377800000000005
56159,1.6468899999999993
56160,1.3995900999999993
56161,1.7523100000000003
56162,3.9107539999999976
56163,4.544777499999992
56164,2.034710299999999
56165,1.8965101000000015
56166,2.02139
56167,0.9908649000000007
56168,3.6671135999999978
56169,2.4895102
56170,2.2744000000000004
56171,1.1898300999999998
56172,1.6179499999999998
56173,1.6786399999999995
56174,2.0790399999999973
56175,1.6813999999999996
56176,1.3079506
56177,1.3318700000000003
56178,1.3601699999999999
56179,2.0840702000000015
56180,1.6767099999999997
56181,1.8290300999999984
56182,4.199835599999996
56183,2.7510301000000004
56184,1.689220199999999
56185,1.624259999999999
56186,3.5918726999999984
56187,1.9601602999999996
56188,2.67266
56189,1.9845500000000005
56190,1.6344601000000012
56191,2.0138005000000008
56192,1.9991799999999982
56193,3.898123199999999
56194,2.464929999999997
56195,1.6864401
56196,3.438364399999998
56197,1.648690100000001
56198,2.7614302
56199,3.1207514999999995
56200,1.5450807
56201,1.6183899999999998
56202,2.7710302999999987
56203,1.3987999999999994
56204,2.1903103000000006
56205,1.3695099999999991
56206,2.593729999999998
56207,2.0893802
56208,2.5663183000000007
56209,4.333403400000001
56210,1.3394799999999998
56211,4.201264399999996
56212,2.1897205000000013
56213,1.7634002000000006
56214,2.3316604000000005
56215,1.9457601000000004
56216,3.5910531
56217,1.8254500000000007
56218,2.709410000000001
56219,2.0189206
56220,1.9056600999999986
56221,1.9674700000000005
56222,1.47875
56223,1.3561700000000005
56224,1.70085
56225,1.4023400000000001
56226,1.5364680999999993
56227,3.614851599999998
56228,1.6587601
56229,1.9209300000000002
56230,1.3463899999999995
56231,1.67961
56232,2.9330101999999996
56233,1.6097499999999991
56234,3.0344799999999985
56235,1.7796400000000017
56236,2.0769804
56237,2.4183800000000004
56238,3.438281599999999
56239,1.8524700999999997
56240,1.760210100000001
56241,2.4363706999999986
56242,1.4630100000000001
56243,2.3718199999999983
56244,3.0515904999999997
56245,2.6881706999999992
56246,1.3544999999999996
56247,1.6644899999999994
56248,2.9378417999999993
56249,1.0961999999999987
56250,4.081324399999996
56251,2.5109212000000007
56252,1.9152900000000017
56253,3.6139727999999973
56254,2.2188799999999995
56255,2.7033100000000014
56256,2.845440599999998
56257,2.60255
56258,2.3079802999999997
56259,4.475536299999995
56260,2.6102426000000003
56261,1.2616800000000006
56262,2.0331401000000002
56263,1.4639300000000004
56264,4.2501651999999925
56265,2.326210100000001
56266,2.2627200000000003
56267,2.05862
56268,2.5763899999999995
56269,1.8559199999999993
56270,1.7017499999999999
56271,1.61491
56272,1.7840699999999996
56273,1.6625500000000002
56274,2.0252399999999993
56275,1.38474
56276,2.4308999999999994
56277,1.677189999999999
56278,1.33782
56279,2.2034499999999997
56280,2.2980709
56281,2.193460400000001
56282,1.7193600999999992
56283,1.3372300000000004
56284,2.650720000000003
56285,2.1799803000000004
56286,1.5958801999999996
56287,4.90400939999999
56288,4.151653499999997
56289,2.7019102
56290,2.3832100000000005
56291,2.140850800000001
56292,2.385970600000002
56293,1.9534499999999995
56294,3.472221899999999
56295,2.049049999999998
56296,3.3552102999999986
56297,2.034810000000001
56298,1.6236800999999992
56299,2.0333300000000025
56300,1.7421999999999995
56301,1.8860803999999993
56302,1.6987008000000003
56303,2.0083507999999997
56304,3.093680599999999
56305,1.2237900000000002
56306,2.7104706999999992
56307,2.316470100000002
56308,1.5997600000000003
56309,2.30174
56310,1.657450299999999
56311,1.7416902000000005
56312,1.6175800000000011
56313,4.98286979999999
56314,1.981960099999999
56315,1.6915599999999997
56316,1.833569999999999
56317,1.689437033333334
56318,3.868383799999996
56319,2.3784900000000007
56320,2.2009013000000013
56321,1.5063200000000005
56322,2.0433003
56323,2.3719400000000004
56324,1.2323200999999993
56325,1.5569901999999995
56326,2.306081700000001
56327,2.4684700999999993
56328,3.2812035999999978
56329,1.3613000999999998
56330,2.763230899999999
56331,2.688562699999999
56332,1.7767410000000006
56333,2.8660108
56334,2.1218600000000007
56335,1.5516502000000005
56336,1.32172
56337,3.9069531999999993
56338,1.8303599999999998
56339,1.6254699999999993
56340,2.304700299999999
56341,1.6109400000000005
56342,2.356961600000001
56343,1.8729900000000004
56344,2.0323905000000018
56345,1.2247000000000012
56346,1.9981900000000008
56347,1.94607
56348,1.716090399999999
56349,2.46699
56350,1.8827800000000012
56351,1.3255799999999984
56352,3.9362026
56353,1.8696901
56354,1.7538803
56355,2.1811799999999995
56356,2.1149813999999996
56357,2.7078213
56358,2.0178601000000005
56359,1.4992801000000002
56360,1.8452200000000014
56361,1.6186899999999997
56362,2.1094099999999987
56363,1.9311599999999973
56364,3.3220917999999977
56365,2.245719999999999
56366,2.0901400999999997
56367,2.145399999999999
56368,2.6198414000000003
56369,1.8952999999999989
56370,2.0910111000000016
56371,1.3754004000000004
56372,2.180029999999998
56373,2.4050911999999998
56374,2.1435400000000002
56375,2.1227202
56376,2.8132110999999993
56377,2.382799999999997
56378,2.599760099999999
56379,4.009942500000004
56380,3.4041038999999977
56381,2.7559527
56382,1.8529999999999998
56383,2.2395903
56384,1.0305100000000007
56385,2.1928319000000016
56386,1.60988
56387,1.8963404000000015
56388,1.6474199999999999
56389,1.306520000000001
56390,1.9617000999999987
56391,2.184480599999999
56392,1.4278000000000004
56393,1.5435499999999993
56394,3.3020810999999997
56395,2.0825900000000006
56396,2.2699900000000013
56397,1.6103700000000003
56398,1.8888200000000008
56399,4.120135899999995
56400,1.8056401
56401,1.725820000000001
56402,1.887633766666667
56403,2.3553501000000012
56404,2.5797101000000002
56405,1.5740699999999992
56406,1.6655401
56407,2.7773509
56408,1.4639800000000007
56409,2.5919902
56410,1.78928
56411,2.0916099999999993
56412,2.8657800999999976
56413,1.2695599999999994
56414,2.09041
56415,3.5107719000000004
56416,1.9101399999999984
56417,1.9862900000000006
56418,2.919279999999999
56419,1.7862900000000004
56420,3.0043099999999994
56421,2.4486611
56422,1.7965899999999997
56423,1.6931000999999994
56424,2.684581599999999
56425,3.5478706999999976
56426,1.6325402000000004
56427,1.7893300000000003
56428,2.018629999999999
56429,3.0838102999999983
56430,3.1001900000000004
56431,1.7005599999999992
56432,1.7640601000000016
56433,1.5667902000000007
56434,2.446599999999998
56435,2.9774900000000013
56436,2.17946
56437,1.7983200000000001
56438,2.0951805999999995
56439,1.7429499999999991
56440,1.2043699999999995
56441,1.4105200000000002
56442,2.073790200000002
56443,1.9167102000000005
56444,1.9790199999999993
56445,1.8023799999999996
56446,3.268050299999999
56447,1.7443906999999998
56448,1.5403101000000012
56449,1.7312200000000013
56450,2.6299101000000014
56451,1.5795500000000002
56452,1.242240000000001
56453,1.38923
56454,1.7817301000000003
56455,1.97614
56456,1.6985699999999992
56457,1.7944903000000005
56458,1.3964501999999994
56459,1.7509800999999998
56460,3.139432099999999
56461,3.5289216000000003
56462,1.8101800000000015
56463,3.4571327999999966
56464,3.5464720999999972
56465,1.7975499999999998
56466,1.3519302
56467,2.075430100000001
56468,2.238310000000002
56469,2.946140100000002
56470,1.8175703000000016
56471,2.1171202000000005
56472,2.7225301999999996
56473,1.8315504000000002
56474,1.8114501999999997
56475,1.7645100000000007
56476,2.2737605000000003
56477,1.856110100000001
56478,1.37824
56479,1.320660000000001
56480,4.289796199999995
56481,1.8024403999999998
56482,1.7467499999999994
56483,2.7213402000000015
56484,1.660630099999999
56485,2.0329899999999994
56486,1.8280700000000005
56487,1.9777802999999994
56488,1.9079609000000022
56489,1.6484300000000003
56490,1.4601599999999992
56491,3.1389605000000014
56492,2.1249399999999996
56493,1.85586
56494,1.6000599999999994
56495,2.019
56496,1.6182999999999992
56497,1.53209
56498,2.1294001999999983
56499,1.645950000000001
56500,1.2983699999999996
56501,1.7984300000000002
56502,2.6327515
56503,2.6146803000000007
56504,3.330911799999999
56505,2.234440399999999
56506,1.8261600000000004
56507,2.9745615999999995
56508,1.3496199999999998
56509,1.5683399999999994
56510,1.3423199999999997
56511,2.672100299999999
56512,1.4180300000000003
56513,1.5836399999999995
56514,1.9113000999999994
56515,1.8653199999999999
56516,1.4255499999999999
56517,2.553569999999999
56518,2.7057600999999982
56519,4.358435099999995
56520,2.0713800000000004
56521,2.411760000000002
56522,1.9400699999999995
56523,2.5293700000000015
56524,2.8040407
56525,0.9728800000000005
56526,1.7622
56527,2.0511501000000005
56528,2.1009799999999985
56529,2.6197405999999996
56530,2.0832899999999994
56531,1.6090099999999998
56532,2.1099300000000003
56533,1.8484901000000005
56534,2.767391700000002
56535,3.1629213999999983
56536,1.3569099999999994
56537,2.4324100000000004
56538,2.3840106999999993
56539,1.6138500000000002
56540,2.3454211000000003
56541,3.3552816999999986
56542,3.2666902000000007
56543,2.215099999999999
56544,4.435257999999992
56545,1.677369999999999
56546,1.4861996000000002
56547,1.8842299999999985
56548,2.117430099999999
56549,2.3618611000000005
56550,1.7776200000000018
56551,1.8492899999999994
56552,1.6637602999999985
56553,1.5033899999999991
56554,2.2657300000000005
56555,1.2150000999999997
56556,1.170590000000001
56557,2.322570199999999
56558,1.7357300999999992
56559,1.6647000000000003
56560,1.4346399999999995
56561,1.9114800999999997
56562,2.674392799999999
56563,1.8853502000000004
56564,3.0495204999999985
56565,1.6097802000000003
56566,1.54274
56567,1.5324799999999987
56568,1.3237300000000003
56569,1.3138000000000005
56570,1.6095899999999999
56571,1.707359999999999
56572,2.29935
56573,1.5971793999999995
56574,3.898422499999999
56575,1.594349999999998
56576,1.4681100999999996
56577,2.6526910000000017
56578,2.4449202
56579,2.2467609000000017
56580,2.2901700000000007
56581,2.3236799999999977
56582,1.8098999999999992
56583,1.6357904999999997
56584,2.130790099999999
56585,1.9034601999999996
56586,1.5773499999999996
56587,2.008859999999999
56588,1.6284410000000011
56589,1.867530600000001
56590,2.3256202
56591,2.4529606999999998
56592,2.2240999999999977
56593,1.0882799999999997
56594,2.004289999999999
56595,3.589312099999999
56596,1.6132199999999994
56597,1.3329603000000008
56598,2.0318599999999996
56599,2.026710400000001
56600,2.248440000000001
56601,1.5646401
56602,1.81882
56603,2.232820400000001
56604,1.2719800000000003
56605,1.4645800000000009
56606,3.0518900999999983
56607,2.1105506
56608,2.647631199999999
56609,4.489184699999998
56610,3.377071200000001
56611,2.6715505000000026
56612,1.6561000000000001
56613,3.1090317999999995
56614,1.5841800000000001
56615,2.0019500999999993
56616,3.3074511999999983
56617,1.5113005999999998
56618,2.825340100000001
56619,1.8790101000000003
56620,1.3165099999999992
56621,2.3615507000000004
56622,2.361679999999999
56623,3.776600366666665
56624,1.4587700000000001
56625,1.8172400999999991
56626,2.0180501000000004
56627,1.9241199999999998
56628,1.315040000000001
56629,4.655017999999993
56630,1.7614403999999986
56631,1.3645000000000003
56632,3.3011100999999985
56633,2.0139599999999986
56634,2.7148103000000003
56635,2.04934
56636,1.6420100000000009
56637,1.5053900000000011
56638,2.0785804999999997
56639,1.5285402
56640,1.9872800000000002
56641,1.9349802999999997
56642,2.311809999999997
56643,2.594990300000001
56644,1.9407602000000004
56645,4.93228979999999
56646,1.7948899999999997
56647,1.7626999999999995
56648,1.2705003000000001
56649,2.7088102
56650,1.6454900000000001
56651,1.89441
56652,3.1118303999999983
56653,2.3439900000000007
56654,3.695661300000001
56655,2.2052799999999992
56656,1.7692599999999996
56657,1.9079102000000006
56658,4.412645699999995
56659,2.5569220999999995
56660,2.225440099999999
56661,1.4318799999999998
56662,1.713100000000001
56663,2.4404101000000002
56664,2.220620399999999
56665,3.4628004
56666,2.9940112
56667,1.7398399999999992
56668,1.111355666666667
56669,1.9817601999999999
56670,3.2736807000000003
56671,2.1439800000000004
56672,2.2165904
56673,1.1791806000000005
56674,2.7563806999999985
56675,1.1848299999999985
56676,2.394550100000001
56677,2.1547500000000004
56678,3.5357330999999963
56679,1.7186900000000003
56680,2.112230400000001
56681,1.9121799999999995
56682,1.8639704999999998
56683,2.292830100000002
56684,1.9626101000000002
56685,1.8188501
56686,1.9247108000000006
56687,0.9486700999999997
56688,2.5256526
56689,2.167610100000001
56690,1.656649999999999
56691,1.3516500000000011
56692,1.855100599999999
56693,1.3717700000000002
56694,2.5697800000000006
56695,2.1119100000000004
56696,1.7507302999999996
56697,1.0988301
56698,2.224790600000002
56699,1.3468100000000005
56700,1.8163399999999987
56701,1.8885404000000006
56702,1.44009
56703,1.91467
56704,2.0806202000000003
56705,1.75612
56706,1.435379999999999
56707,1.34322
56708,2.6457503000000004
56709,2.0592199999999985
56710,1.3172001000000009
56711,3.2014800999999995
56712,1.6644799999999993
56713,2.2850602999999996
56714,1.6388101
56715,1.809679999999999
56716,2.19506
56717,3.557830899999995
56718,2.203920000000001
56719,1.8667200000000008
56720,2.5488800000000023
56721,1.5486399999999998
56722,1.6669501
56723,2.5965199999999986
56724,1.9884
56725,2.3097500000000006
56726,1.5191602999999991
56727,1.7832003000000003
56728,1.3323300000000002
56729,1.6264401000000002
56730,1.4330399999999996
56731,3.2320700000000007
56732,2.0826904000000015
56733,2.2579801999999973
56734,2.1531701999999995
56735,1.8116699999999994
56736,2.5707204000000003
56737,2.01581
56738,2.5510101999999977
56739,1.5606801000000001
56740,1.3433800000000005
56741,1.4108902000000005
56742,2.0650241666666664
56743,1.9644699999999988
56744,1.7933199999999994
56745,1.4924001999999994
56746,3.4717710999999998
56747,2.8875607999999975
56748,1.5653699999999997
56749,2.962531700000001
56750,1.6719202999999991
56751,1.925319999999998
56752,4.091873899999996
56753,3.1734114999999967
56754,1.6090800000000005
56755,1.3483600000000004
56756,3.851321599999998
56757,2.848682500000001
56758,1.6726599999999991
56759,1.184249999999999
56760,1.4978200999999995
56761,2.851330199999999
56762,2.7272908
56763,1.2682299999999997
56764,1.9017000000000015
56765,2.2921008999999994
56766,1.3936800000000003
56767,1.8145000000000002
56768,1.7817400999999986
56769,1.4159100000000007
56770,1.4683999999999995
56771,3.8321847999999954
56772,1.3813901000000002
56773,2.5140702000000017
56774,1.8867499999999986
56775,1.9845799999999993
56776,1.7298500999999993
56777,2.39846
56778,1.9278
56779,1.1436301000000002
56780,1.9464
56781,1.9478507000000005
56782,2.6859301999999996
56783,1.6713596000000004
56784,2.171983833333333
56785,1.7477499999999997
56786,2.157861100000001
56787,1.8347099999999994
56788,1.5134499999999995
56789,2.133320199999998
56790,1.9532308000000007
56791,3.7378311000000037
56792,1.9321104
56793,2.168530000000001
56794,4.641985599999995
56795,1.616510000000002
56796,1.878409999999999
56797,1.8228
56798,1.9375700000000011
56799,1.33292
56800,2.284370500000001
56801,1.578099999999999
56802,1.5654600000000003
56803,1.7254199999999995
56804,2.646970200000001
56805,1.55322
56806,2.095900000000002
56807,4.434815499999995
56808,1.5018399999999994
56809,2.23972
56810,1.6967901999999997
56811,1.3517400000000006
56812,2.9958000000000005
56813,2.751509999999999
56814,2.2749105000000007
56815,2.340260199999998
56816,1.51558
56817,1.0011800999999998
56818,1.67175
56819,2.2452300000000007
56820,1.7302000000000017
56821,1.9535199999999995
56822,1.4664203999999998
56823,1.5827999999999995
56824,1.2574103000000005
56825,2.6556406999999997
56826,1.8361699999999979
56827,1.654590000000001
56828,3.124391199999999
56829,2.6862299999999992
56830,2.0543203000000005
56831,2.1708408000000006
56832,2.27942
56833,2.05862
56834,2.4652204999999996
56835,2.4322102
56836,1.9956
56837,1.5150399999999997
56838,1.5714500000000005
56839,2.717930999999999
56840,1.5911401000000003
56841,2.2584300000000006
56842,1.2476599999999995
56843,3.0723803
56844,2.9697322999999995
56845,2.643110599999998
56846,2.04761
56847,1.1304299999999996
56848,2.11002
56849,1.5839300999999997
56850,1.9685099999999993
56851,1.8510500000000008
56852,2.09213
56853,1.5054202000000005
56854,1.6938299999999997
56855,2.0208200000000023
56856,1.6456299999999993
56857,1.5253700000000012
56858,1.6131000000000002
56859,1.7313601999999995
56860,1.6142101000000004
56861,1.884199999999999
56862,1.5600799999999995
56863,1.967580000000001
56864,1.3477499999999998
56865,2.7171817999999996
56866,1.4915400000000005
56867,1.4751500000000004
56868,2.0492801000000003
56869,1.7012704999999997
56870,1.816630400000001
56871,1.8283502000000007
56872,1.6999700000000002
56873,2.067310300000002
56874,1.3896402000000003
56875,1.1588902999999997
56876,1.9870903999999998
56877,1.4124200000000005
56878,1.8431202
56879,2.636309999999999
56880,2.0322400000000007
56881,1.7565500999999994
56882,1.734170000000002
56883,1.6773602000000005
56884,1.7316001
56885,1.8658300000000012
56886,1.9164103000000003
56887,2.0614101000000007
56888,3.6831407
56889,2.9675622999999987
56890,1.6517800999999996
56891,1.6780100999999994
56892,2.50458
56893,2.256539999999998
56894,2.0152599999999996
56895,1.4257800000000003
56896,2.9698506000000005
56897,1.76304
56898,1.8331200000000007
56899,1.4446100000000004
56900,1.5323899999999997
56901,2.7805600000000004
56902,1.6961700000000024
56903,1.4870702000000007
56904,2.8828302000000003
56905,1.6484399999999997
56906,2.7093903
56907,1.9010501000000002
56908,1.6390300000000004
56909,1.6258505000000014
56910,2.791400499999999
56911,3.4665625999999987
56912,4.187481299999997
56913,1.6947600000000005
56914,2.8407118000000007
56915,2.14993
56916,1.7908299999999995
56917,1.9174500000000003
56918,1.4643000000000008
56919,1.7708602000000004
56920,1.5125602999999992
56921,1.0997000000000008
56922,2.066710700000001
56923,1.59775
56924,2.283650000000003
56925,4.922869299999991
56926,1.3652499999999999
56927,2.22495
56928,2.1150205
56929,1.5660000000000007
56930,2.4930902999999995
56931,2.1337900999999997
56932,1.4797800000000003
56933,1.7541000000000018
56934,1.9133301000000003
56935,2.3946300000000007
56936,1.7597600999999992
56937,1.6550199999999986
56938,3.0356209000000005
56939,1.76324
56940,2.3494701000000013
56941,2.2026211000000013
56942,2.5212449999999995
56943,1.5501804000000012
56944,2.072839999999998
56945,4.0120435
56946,3.3953054000000007
56947,1.974720200000001
56948,2.1931913000000005
56949,2.4327099999999997
56950,1.451179999999999
56951,1.6494600000000004
56952,2.077009999999998
56953,1.7574901999999997
56954,1.3985099999999997
56955,2.601100799999997
56956,1.81819
56957,2.326100500000001
56958,2.0260501000000013
56959,2.1486169999999993
56960,2.4353000000000007
56961,2.2848701000000027
56962,1.8333401
56963,3.1379100999999996
56964,1.7298803
56965,2.2606303
56966,2.685990199999998
56967,2.29371
56968,3.215811499999999
56969,1.5411800000000002
56970,1.9272000999999992
56971,1.4109299999999996
56972,1.4293099999999987
56973,2.5064407
56974,3.1674701000000005
56975,1.8995707000000013
56976,3.0538903000000004
56977,2.2917603999999994
56978,2.00626
56979,1.825639999999999
56980,1.5768001000000007
56981,2.071019999999999
56982,1.8014899999999994
56983,1.9443299999999994
56984,2.2041700999999994
56985,3.732311499999999
56986,1.5999299999999996
56987,2.2831700000000006
56988,3.1450824000000024
56989,2.15884
56990,1.7197199999999995
56991,2.240990499999999
56992,2.1653602000000007
56993,1.4948799999999998
56994,1.9325318000000007
56995,2.2513
56996,2.0749201999999998
56997,2.3561599999999996
56998,1.871679999999999
56999,2.7706601000000006
57000,2.280570099999998
57001,1.5614101000000007
57002,2.8530900000000003
57003,1.3862600000000003
57004,1.5657399999999992
57005,2.167450400000001
57006,1.3011200000000014
57007,2.319229800000002
57008,2.210859999999997
57009,1.7051600000000005
57010,2.479659999999999
57011,4.030573000000001
57012,2.1546000999999997
57013,1.6212910000000003
57014,2.2425604000000003
57015,2.026790000000001
57016,1.8861899999999991
57017,1.7584699999999995
57018,2.0211100999999987
57019,2.1176104999999983
57020,1.7263602000000002
57021,1.7667100000000013
57022,2.0891099999999994
57023,1.5169801000000005
57024,1.9993299999999985
57025,1.184249999999999
57026,1.4973500000000004
57027,3.589410599999998
57028,1.7720200000000006
57029,2.807420500000002
57030,1.5561299999999991
57031,2.9190222
57032,3.0016609999999986
57033,1.8106402000000008
57034,2.0723800999999993
57035,1.9420602000000002
57036,2.435012600000001
57037,1.3031500000000003
57038,1.8460701
57039,1.4118300000000008
57040,2.0995601999999978
57041,1.5336399999999992
57042,1.8170607999999995
57043,1.7582799999999992
57044,1.6405499999999995
57045,2.1106104
57046,2.6256376
57047,2.082780500000001
57048,2.4673001
57049,2.258750099999999
57050,1.2885700000000002
57051,2.7663602000000003
57052,1.62738
57053,2.1189610999999995
57054,2.24884
57055,2.4729805
57056,1.5147002000000007
57057,3.227300500000003
57058,1.8042600000000004
57059,2.4528299999999987
57060,1.3403600000000007
57061,1.7410803000000008
57062,2.6508403999999985
57063,3.502813699999997
57064,2.4286700000000017
57065,2.36242
57066,2.0163500000000014
57067,2.0872599999999992
57068,1.8478702
57069,1.9903099999999996
57070,2.1688899999999993
57071,4.088005099999997
57072,1.74573
57073,2.2905909999999983
57074,1.9954909999999995
57075,2.6458400999999987
57076,2.4005411
57077,2.0588002000000016
57078,1.5760999999999994
57079,1.75396
57080,1.8718000000000015
57081,1.7803799999999992
57082,1.959520299999998
57083,2.1400999999999986
57084,1.3722700000000003
57085,1.9400700000000004
57086,1.5480300000000005
57087,1.9693
57088,2.389310000000001
57089,1.7254400000000003
57090,1.6637700999999998
57091,2.3335501000000014
57092,1.8671908000000004
57093,1.425790000000001
57094,4.373325399999995
57095,1.4627800000000009
57096,1.6050699999999996
57097,2.09808
57098,1.6715200000000008
57099,2.5574916999999986
57100,1.5134800000000002
57101,3.8631632999999987
57102,3.4243803000000015
57103,2.8005899999999997
57104,1.2743300000000017
57105,1.769850000000001
57106,3.0076614999999998
57107,2.0405800000000007
57108,1.5050499999999998
57109,1.3372599999999994
57110,1.5137701000000003
57111,1.1759201
57112,4.428194399999996
57113,4.177851200000002
57114,2.0481099999999985
57115,2.5132803999999984
57116,1.4759700000000007
57117,2.358690200000001
57118,3.527954499999998
57119,2.0593214
57120,1.3867003
57121,3.5694901000000003
57122,3.206260099999998
57123,2.6820500000000025
57124,1.8691899999999988
57125,1.6498900000000003
57126,2.1909712999999993
57127,1.3908200000000002
57128,2.5489300000000004
57129,1.1648000999999994
57130,3.6773216999999985
57131,4.0498740999999985
57132,1.529500099999999
57133,1.8784107000000005
57134,1.5139999999999998
57135,1.415610000000001
57136,1.7047599999999985
57137,1.3043301000000003
57138,1.6141700000000008
57139,2.4687306999999996
57140,1.5560600000000002
57141,3.7753925999999995
57142,2.5276212000000005
57143,2.0722004
57144,1.6561900999999997
57145,3.2695917999999993
57146,3.9616900999999967
57147,2.4103499999999984
57148,3.243221799999995
57149,1.9731400000000006
57150,1.9151400000000018
57151,1.9775705000000001
57152,1.8666502
57153,3.1398024999999974
57154,3.1858007999999995
57155,2.825690599999998
57156,1.7530009000000002
57157,2.209470000000001
57158,0.9859200000000015
57159,2.795839999999998
57160,1.6053099999999991
57161,2.1553813999999996
57162,3.5173228999999977
57163,1.5809699999999995
57164,1.3270799999999996
57165,2.480900200000002
57166,1.500220099999999
57167,2.747539999999997
57168,1.7581902999999999
57169,1.8232806000000008
57170,1.4883800000000007
57171,1.870559999999999
57172,2.3968500000000006
57173,1.6104402000000013
57174,1.2489102000000003
57175,1.8218199999999993
57176,2.2182101000000007
57177,1.8845199999999998
57178,3.0557532000000003
57179,2.765769999999999
57180,2.0756499999999987
57181,1.5091900000000007
57182,2.6435607000000005
57183,1.6263503999999986
57184,1.6695200000000008
57185,1.6267500999999995
57186,2.6411217
57187,1.16455
57188,3.4193510999999983
57189,1.2127299999999996
57190,3.716753899999995
57191,1.6545800000000008
57192,1.9174600000000006
57193,1.6773700000000002
57194,2.320340199999999
57195,1.8139600999999999
57196,1.694710200000001
57197,1.5813599999999988
57198,2.3825604000000014
57199,3.1652700000000022
57200,1.86836
57201,2.1962986666666664
57202,1.8970505000000002
57203,1.28535
57204,1.8434999999999997
57205,1.8452602999999996
57206,2.053829999999999
57207,4.881548599999991
57208,1.6193801
57209,2.3818904000000005
57210,1.2425400000000006
57211,1.3965
57212,2.4092110000000013
57213,1.3994099999999998
57214,1.8912
57215,1.4860299999999989
57216,1.04453
57217,2.4374707000000013
57218,1.5520899999999989
57219,3.0828205000000004
57220,2.7060200000000014
57221,1.6755101000000008
57222,3.3881233999999973
57223,2.1228401000000012
57224,2.3740699999999997
57225,2.0230700000000006
57226,2.667281
57227,1.5042400000000002
57228,2.2432100000000017
57229,1.6892903000000004
57230,1.8263799999999994
57231,2.3810299999999995
57232,1.6321202
57233,2.290569999999999
57234,3.2500215999999953
57235,2.5468400000000018
57236,1.6947099999999993
57237,2.31129
57238,2.732431
57239,1.2713899999999994
57240,1.5907801000000004
57241,1.7492198333333338
57242,1.713670099999999
57243,2.0968499999999994
57244,3.496393399999997
57245,1.6940199999999992
57246,1.6386500000000015
57247,1.77606
57248,2.3518700000000017
57249,2.600769999999999
57250,1.712010200000001
57251,3.335191599999998
57252,1.9117306000000003
57253,1.0067300000000003
57254,1.8410600000000015
57255,1.6496099999999998
57256,1.8245099999999985
57257,2.1598502000000006
57258,4.9800093999999895
57259,2.622280100000001
57260,2.0372199999999987
57261,2.3194607
57262,2.1069900999999995
57263,2.339961000000001
57264,0.9499499999999993
57265,2.62175
57266,1.1874400000000003
57267,2.572882099999999
57268,1.6935899999999993
57269,1.9554802
57270,1.7485002999999995
57271,1.4951899999999991
57272,2.8326413
57273,2.6378002999999985
57274,4.162885699999997
57275,1.9738599999999997
57276,2.2125600999999984
57277,1.9341605000000002
57278,2.5229107
57279,2.544089999999998
57280,2.2908015000000006
57281,3.522381999999999
57282,1.8687109000000002
57283,2.0926105000000006
57284,2.246890099999998
57285,1.86754
57286,1.5935701000000002
57287,3.238211599999999
57288,2.100140100000001
57289,1.3316199999999996
57290,1.78926
57291,2.680721
57292,1.6585699999999988
57293,2.128340700000001
57294,1.4064599999999996
57295,1.5006899999999999
57296,3.141741100000002
57297,1.3324600999999996
57298,2.2478900000000013
57299,1.4509301000000001
57300,1.431186866666667
57301,2.5373712999999984
57302,1.9441099999999987
57303,1.6921600999999997
57304,2.08166
57305,1.9354399999999987
57306,1.4861300000000002
57307,1.7401000000000002
57308,1.6251700000000004
57309,1.8995901000000002
57310,1.9512601000000007
57311,1.2815199999999993
57312,3.1904508999999983
57313,4.111391999999998
57314,1.7043300000000008
57315,1.3028993999999994
57316,2.4985903000000005
57317,2.3038402999999996
57318,1.9548599999999983
57319,4.144672800000001
57320,2.4549402999999996
57321,1.7044100000000009
57322,2.1675801999999997
57323,2.008100300000001
57324,1.824880000000002
57325,1.5660100000000003
57326,2.240650000000001
57327,1.6047700000000003
57328,1.2629299999999999
57329,1.5121500000000003
57330,1.5575899999999998
57331,1.5212904
57332,1.8428301999999996
57333,2.235050000000002
57334,2.2999001000000017
57335,2.735709999999999
57336,1.7875675000000013
57337,1.1008300000000006
57338,1.5762699999999998
57339,1.9344600000000012
57340,1.763710099999999
57341,1.8381400999999982
57342,1.5718199999999998
57343,2.1282802999999983
57344,1.5142999000000001
57345,1.7587700000000002
57346,0.9981399999999997
57347,1.8618200999999999
57348,1.63011
57349,2.48791
57350,2.5370200000000005
57351,3.5416914999999984
57352,1.4644702000000007
57353,2.989080799999998
57354,2.1612201000000004
57355,1.554329999999999
57356,2.1141201000000014
57357,1.7309799999999997
57358,3.266811499999999
57359,1.4058099999999991
57360,2.7855827000000004
57361,1.6198501999999997
57362,1.6587199999999993
57363,3.7755932999999984
57364,1.6648703000000011
57365,2.020010000000001
57366,1.9709510000000003
57367,2.6711699999999996
57368,1.77479
57369,2.26115
57370,1.7533701000000002
57371,1.6399899999999996
57372,1.5773600000000008
57373,2.7534305000000012
57374,2.1567699999999967
57375,2.1552199999999995
57376,2.2768116000000007
57377,1.4710600000000005
57378,2.2469200000000003
57379,1.3849401000000008
57380,1.7665601999999996
57381,3.807600599999997
57382,2.0061800999999995
57383,2.4305600000000003
57384,1.7263595999999999
57385,2.1610300000000002
57386,1.6583200000000005
57387,1.5210905000000006
57388,2.267509999999999
57389,1.6440500000000002
57390,1.3030199999999998
57391,1.831060000000001
57392,1.4831100000000002
57393,1.7203899999999999
57394,1.6717700000000002
57395,3.439720700000001
57396,4.448495799999994
57397,2.0245709999999995
57398,1.4065801
57399,1.4699200000000006
57400,2.728950599999998
57401,1.7992202000000013
57402,2.029469999999999
57403,1.2151700000000005
57404,1.5673703
57405,1.7805413000000012
57406,1.6026999999999996
57407,3.8631608999999965
57408,2.081140000000001
57409,1.9836411999999997
57410,3.0228407000000006
57411,2.0817800000000006
57412,2.6245106999999983
57413,1.3782300000000007
57414,2.3366714000000006
57415,1.8087804000000005
57416,3.1587501
57417,2.8222000999999977
57418,2.0922901000000005
57419,2.0430610000000002
57420,1.5295000999999993
57421,3.5251716999999974
57422,2.63036
57423,2.598460600000002
57424,1.5958202
57425,1.805969999999999
57426,3.905593499999999
57427,2.180619999999999
57428,1.06287
57429,3.580703000000001
57430,2.0910200000000008
57431,1.60499
57432,4.395296199999995
57433,2.320240000000002
57434,1.9850199999999996
57435,1.7426701000000007
57436,1.7909201
57437,1.9362502000000013
57438,1.58834
57439,1.4085000000000008
57440,2.2831199999999976
57441,2.0014299999999983
57442,3.3721605999999986
57443,2.2653805
57444,1.9952799999999993
57445,1.527479999999999
57446,3.2907602000000002
57447,2.0435301999999997
57448,2.286390099999999
57449,1.8031104000000004
57450,1.04167
57451,1.2633500000000013
57452,2.44957
57453,2.0347203000000005
57454,2.2246800000000007
57455,2.4952400999999993
57456,2.3376105999999988
57457,1.8659699999999992
57458,1.4413899999999984
57459,1.6604
57460,1.5015599999999998
57461,1.3936300000000006
57462,1.3978999999999993
57463,2.8520999999999974
57464,1.5343999999999993
57465,2.8171630000000016
57466,1.8018099999999995
57467,1.8643203999999989
57468,2.528940000000001
57469,1.8433402000000008
57470,3.7468930999999968
57471,1.8798200000000023
57472,1.6273299999999984
57473,2.144839999999997
57474,1.6729401000000002
57475,1.8953400000000014
57476,1.5591300999999995
57477,1.1411001999999995
57478,1.7897107000000012
57479,1.610290099999999
57480,2.3548101000000012
57481,1.6120800000000008
57482,1.8813100000000003
57483,2.715300300000001
57484,2.1489708000000003
57485,1.9415400000000007
57486,1.8625899999999993
57487,4.1428042
57488,3.0820317000000004
57489,2.954559999999999
57490,2.40386
57491,2.1458400000000015
57492,1.7498003000000009
57493,2.898510299999998
57494,2.4814700000000007
57495,2.540750400000001
57496,2.1553301
57497,4.090064299999997
57498,3.8967014999999985
57499,1.8412600000000001
57500,1.80389
57501,2.1596500000000005
57502,2.2191706999999994
57503,1.5575299999999996
57504,2.554540299999998
57505,1.4001101
57506,1.7753800000000002
57507,2.3986300999999997
57508,2.8037502
57509,1.32477
57510,2.997770600000001
57511,1.6763100999999994
57512,1.4829299999999999
57513,2.6581406000000003
57514,1.7002501
57515,2.4041899999999994
57516,2.3280199999999978
57517,3.7757209999999986
57518,1.8823599999999998
57519,1.9265001000000013
57520,2.091990100000001
57521,2.2769199999999983
57522,1.86935
57523,2.1158401000000002
57524,3.9655221000000007
57525,1.4266099999999997
57526,1.7468600000000019
57527,1.9263900000000005
57528,2.1352801
57529,3.3122804
57530,2.0786107
57531,1.774180099999999
57532,1.8339699999999999
57533,2.1273400000000002
57534,2.2019499999999983
57535,2.022079999999999
57536,1.2947600999999997
57537,4.67578769999999
57538,1.5119
57539,1.9042401999999998
57540,3.2551645999999983
57541,1.9820499999999983
57542,1.5689300000000004
57543,1.5944899999999995
57544,2.1347305000000008
57545,2.0299504000000006
57546,1.243209999999999
57547,2.127100099999999
57548,2.498561399999997
57549,1.6651201000000009
57550,3.335662999999998
57551,3.4905525999999982
57552,3.0239900999999976
57553,1.5125606000000007
57554,2.0847800999999997
57555,2.3790518
57556,3.2207221999999995
57557,1.8612299999999993
57558,1.54937
57559,1.9121000000000001
57560,1.79452
57561,1.6069507
57562,1.7607004000000004
57563,2.097470099999999
57564,3.0658627999999974
57565,2.1087100000000003
57566,1.6769200999999987
57567,2.3838003000000008
57568,1.7039200000000003
57569,1.20617
57570,1.8166905
57571,4.850268999999991
57572,3.016710800000002
57573,1.7229699999999997
57574,1.6180200000000005
57575,3.377303499999999
57576,2.0039800000000008
57577,1.8247101999999993
57578,1.9881705000000005
57579,1.550269999999999
57580,2.046499999999998
57581,1.2465899999999994
57582,4.1667134999999975
57583,1.2651400000000013
57584,1.9749801999999996
57585,2.0399400999999986
57586,1.9966301000000002
57587,3.2972411999999975
57588,1.2576800000000004
57589,1.9238999999999995
57590,1.6646400999999984
57591,3.4274904999999993
57592,1.4227799999999993
57593,2.170099999999999
57594,1.5539999999999994
57595,1.8178801000000004
57596,1.45708
57597,2.895191300000001
57598,1.6654302
57599,1.9633601000000007
57600,2.9124015
57601,1.4303599999999994
57602,1.7107600000000012
57603,2.4389199999999995
57604,2.172220100000001
57605,1.711080800000001
57606,2.0277700000000007
57607,2.5596806999999995
57608,1.8706901000000002
57609,2.2976400999999997
57610,1.4611100000000001
57611,2.5823503999999993
57612,1.3372801999999995
57613,1.8419799999999997
57614,1.6559905000000004
57615,2.313691100000002
57616,2.006360800000001
57617,2.124980000000003
57618,1.988150099999998
57619,1.6916599999999995
57620,3.9023426999999957
57621,2.023090000000001
57622,1.5153600999999994
57623,1.5958599999999992
57624,1.9451549999999984
57625,2.446471200000001
57626,1.3860200000000007
57627,1.886900099999999
57628,1.8444999999999998
57629,1.879460000000001
57630,1.692230500000001
57631,3.824183299999999
57632,1.8915806000000013
57633,2.9738204
57634,1.4359400000000004
57635,2.36215
57636,2.4501512000000005
57637,1.3834201000000008
57638,1.16116
57639,1.350740000000002
57640,2.388729999999998
57641,1.6066001999999997
57642,2.474950000000001
57643,1.5443300000000009
57644,1.6121206
57645,2.1726806000000014
57646,1.66265
57647,4.010283299999997
57648,1.5751399999999995
57649,4.007544499999997
57650,1.4466200000000007
57651,1.6180505999999995
57652,2.5636905000000008
57653,1.5847501000000006
57654,1.8726499999999984
57655,3.5328824999999977
57656,1.4559399999999993
57657,1.4065299999999996
57658,1.9703400999999996
57659,4.1022335999999955
57660,1.4456700000000007
57661,2.139180499999999
57662,3.522600300000002
57663,1.5281001000000005
57664,1.93852
57665,1.9361399999999989
57666,1.5750399999999996
57667,1.8136399999999993
57668,2.2507300000000026
57669,1.88602
57670,1.8756307
57671,1.5449301000000006
57672,1.3516500000000002
57673,3.915581099999997
57674,2.211699999999997
57675,1.6834501000000008
57676,1.8372600999999986
57677,1.8270900999999995
57678,2.0400799999999997
57679,1.7853806999999993
57680,1.9192499999999992
57681,2.5876199999999985
57682,1.7710803000000002
57683,2.31487
57684,1.6285606000000001
57685,1.67113
57686,1.3073799999999998
57687,2.1215905
57688,2.0244100999999985
57689,2.0539206999999995
57690,3.611772599999999
57691,1.7853599999999998
57692,2.054620000000002
57693,2.078960000000001
57694,1.9040904000000012
57695,2.1382601
57696,1.3153900000000005
57697,2.3508500999999997
57698,1.36561
57699,2.0012501000000014
57700,2.071249999999999
57701,2.3333399999999993
57702,1.9649003000000014
57703,2.8236004
57704,2.3833001000000005
57705,1.4805302999999992
57706,3.977234499999995
57707,1.5132199999999996
57708,2.3375100999999994
57709,2.7866304999999976
57710,1.5170103999999989
57711,2.454420899999999
57712,3.460490499999997
57713,4.234265599999993
57714,1.7601810000000007
57715,3.3584715999999997
57716,1.5272799999999993
57717,2.372650000000001
57718,3.132022099999998
57719,2.1571417999999998
57720,1.3677299999999994
57721,1.4385101999999999
57722,1.9460201000000004
57723,2.1710700000000007
57724,2.7240023999999994
57725,1.6587701
57726,1.9005304000000012
57727,1.9871806000000012
57728,1.3654700000000006
57729,4.336545399999995
57730,2.0359704999999995
57731,1.9564406000000023
57732,1.2654701000000008
57733,1.0102403
57734,1.4393100000000008
57735,1.9729500000000015
57736,1.9734400000000016
57737,2.1731000999999996
57738,1.4496200000000001
57739,2.1769199999999973
57740,1.8553399999999993
57741,2.1946699999999995
57742,1.6756599999999995
57743,1.4106500000000013
57744,2.2628204999999992
57745,1.4778999999999995
57746,1.6922000000000015
57747,1.4881501
57748,1.7539500000000001
57749,1.733190199999999
57750,1.7440799999999994
57751,1.6917199999999992
57752,1.1524399999999995
57753,1.3667799999999999
57754,2.3063301
57755,3.2679506
57756,1.8506502000000007
57757,1.5877400000000008
57758,1.64982
57759,2.778281999999999
57760,2.0192199999999985
57761,2.1372101
57762,3.278231699999998
57763,3.9443196333333286
57764,1.7199021000000014
57765,1.3531799999999998
57766,2.1202904000000027
57767,4.288464699999997
57768,2.2528013000000007
57769,1.4598700000000004
57770,3.9652232999999963
57771,2.28147
57772,1.6508600000000007
57773,4.2588147999999935
57774,1.9263006000000003
57775,1.5107199999999994
57776,2.1140901000000003
57777,1.0982599999999998
57778,1.8823701
57779,1.7961100000000005
57780,3.1001111000000003
57781,1.6464999999999999
57782,3.4482224000000032
57783,2.084060299999999
57784,2.768020999999999
57785,2.1477002999999995
57786,1.3561899999999998
57787,1.4918201
57788,1.1819599999999997
57789,1.9316099999999994
57790,1.6234700999999998
57791,1.8916008000000009
57792,1.81644
57793,2.1018407000000003
57794,2.204790599999999
57795,2.0143899999999997
57796,4.285536299999994
57797,2.6951307000000004
57798,1.77371
57799,3.8747026999999976
57800,1.584310000000001
57801,1.6347400000000007
57802,1.6706699999999994
57803,1.4441900000000003
57804,1.3385201
57805,2.7435001999999997
57806,2.0096901999999996
57807,1.7254699999999987
57808,1.6000800000000002
57809,2.146520000000002
57810,0.9499299999999994
57811,1.5119400000000007
57812,1.1464499999999993
57813,2.0385400999999996
57814,1.5480800000000001
57815,2.7458813999999996
57816,2.6651603999999995
57817,1.486229999999999
57818,2.1967905999999986
57819,1.4361205000000006
57820,1.865250100000001
57821,1.8999400999999991
57822,1.8356301000000004
57823,1.4468299999999987
57824,2.551010100000001
57825,2.436710000000001
57826,3.301250299999998
57827,2.6303300000000025
57828,1.6102299999999992
57829,2.1611399999999983
57830,1.597000000000001
57831,2.4721901000000024
57832,1.5717606999999996
57833,1.9080199999999998
57834,1.241939999999999
57835,1.0904399999999996
57836,2.1017700000000015
57837,2.2800412
57838,1.5674100999999996
57839,1.7900401000000006
57840,2.2459500000000014
57841,1.7364101999999997
57842,1.8888005000000003
57843,3.139110200000001
57844,1.596986666666667
57845,1.8490901
57846,0.9488400000000009
57847,1.6984000000000012
57848,2.066250499999999
57849,1.5101199999999992
57850,2.3226101000000017
57851,1.2762599999999995
57852,1.621130100000001
57853,1.0761203000000013
57854,2.176661000000001
57855,2.3111406
57856,2.042730000000001
57857,1.7240099999999998
57858,1.9846418333333329
57859,2.173281200000001
57860,0.8984999999999999
57861,3.855922899999996
57862,3.5656128999999988
57863,1.2218602000000014
57864,1.8460999999999985
57865,4.000952599999998
57866,3.6257041999999955
57867,2.0734599999999994
57868,2.3400601000000005
57869,1.4566800000000009
57870,1.3751000000000004
57871,1.14384
57872,1.7109499999999995
57873,3.1924603
57874,2.010399999999999
57875,3.591771300000002
57876,3.1797899999999983
57877,1.7229500000000004
57878,1.98645
57879,4.310105099999994
57880,2.4373305000000007
57881,1.9107699999999996
57882,2.109511199999999
57883,4.80930919999999
57884,2.8881099999999993
57885,2.402929999999999
57886,1.5308799999999996
57887,1.7107101000000011
57888,2.0941807
57889,1.4584100000000004
57890,2.0711500000000025
57891,1.95646
57892,3.0907011
57893,1.5543799999999997
57894,2.5404223000000004
57895,1.3958899999999996
57896,2.1177999999999995
57897,1.591320199999999
57898,2.0385399999999985
57899,2.372700300000001
57900,1.5680199999999997
57901,2.2361901000000004
57902,2.1121599999999994
57903,1.8699000999999995
57904,1.5246400999999992
57905,1.6802900000000003
57906,2.33232
57907,2.0582800000000008
57908,1.3456900000000005
57909,1.6006
57910,1.7850199999999987
57911,1.5139504000000015
57912,1.3553299999999995
57913,1.8541900000000004
57914,1.4017802000000006
57915,2.646019999999999
57916,2.829840199999999
57917,1.4884099999999991
57918,1.9385502000000003
57919,2.2492914999999996
57920,2.3539404999999984
57921,2.096630000000001
57922,2.027850099999999
57923,1.9656799999999983
57924,1.8731199999999995
57925,1.8724000000000003
57926,2.043701500000001
57927,1.7888199999999994
57928,1.3754399999999996
57929,2.1441
57930,2.1672899999999995
57931,1.9441506000000017
57932,2.653810000000002
57933,1.8353201000000003
57934,1.9441202000000002
57935,1.8329001000000007
57936,1.6469599999999998
57937,2.3014213
57938,1.2894899999999998
57939,3.327740199999999
57940,2.295689999999999
57941,1.8855002000000005
57942,1.5782199999999997
57943,2.2431406999999997
57944,2.460509999999999
57945,2.0449500000000005
57946,2.0941113000000002
57947,2.714122000000001
57948,1.8865702999999994
57949,3.6532813000000015
57950,2.195361000000002
57951,3.293580300000001
57952,1.9078001000000007
57953,1.870750099999999
57954,2.560570000000001
57955,1.4135808999999993
57956,1.5417899999999995
57957,1.9288701000000013
57958,1.9171000000000005
57959,3.282700600000001
57960,2.7193206999999995
57961,1.2185100000000006
57962,3.0611322999999993
57963,1.9548999999999979
57964,2.679750199999998
57965,2.8295120000000007
57966,2.2080500999999995
57967,1.4491899999999998
57968,1.225736900000001
57969,2.1262005999999976
57970,3.8382219999999982
57971,1.947829999999999
57972,1.6256710000000003
57973,1.6902000999999998
57974,1.8520500000000006
57975,1.9490900000000009
57976,2.0975900000000003
57977,1.773270099999999
57978,2.153840000000003
57979,1.7587200999999992
57980,1.64273
57981,1.2697599999999998
57982,2.3635718000000008
57983,1.7769399999999993
57984,1.7943002000000015
57985,2.197050100000001
57986,1.6784900999999999
57987,1.9655209000000002
57988,2.3065900999999993
57989,2.1883007999999995
57990,1.6384800000000004
57991,2.781770499999999
57992,2.6495204999999977
57993,2.119440499999999
57994,2.140330300000001
57995,2.064049999999998
57996,2.5690301000000004
57997,1.9292000000000016
57998,1.0868405000000003
57999,1.9248799999999997
58000,1.9999400000000016
58001,2.3052110000000003
58002,1.9547799999999973
58003,1.4543204999999995
58004,2.7750306999999985
58005,1.5619200999999996
58006,1.557368
58007,1.420569999999999
58008,1.788960000000001
58009,2.6450502999999994
58010,1.5465098999999993
58011,2.0954599999999983
58012,1.7785300999999993
58013,1.4313199999999997
58014,2.0602606999999997
58015,2.309660200000003
58016,2.323349999999999
58017,1.9632500000000002
58018,1.29794
58019,1.3892600000000008
58020,2.521049999999998
58021,1.4398700000000004
58022,1.7336601000000003
58023,2.02072
58024,1.8345600000000004
58025,2.177770000000002
58026,1.9297801
58027,1.0810601000000006
58028,4.258554899999995
58029,2.1918800000000003
58030,2.676320899999999
58031,2.3529108999999995
58032,1.9566601000000003
58033,2.4944499999999996
58034,1.48458
58035,1.8469500999999995
58036,2.1686396000000006
58037,1.70953
58038,2.306862500000001
58039,2.0560101000000004
58040,1.6518906000000007
58041,1.8103802
58042,1.8466303
58043,2.0094901
58044,3.4422741999999937
58045,1.7020101000000003
58046,1.9504299999999983
58047,2.8042921
58048,1.7680700999999985
58049,1.3060399999999999
58050,1.10732
58051,1.5022800000000007
58052,1.7939100999999993
58053,1.4102099999999993
58054,1.1420700000000006
58055,2.1108800000000008
58056,1.9345601999999988
58057,4.765998899999991
58058,1.6012099999999998
58059,1.9148500000000004
58060,1.6347602999999993
58061,2.0108699999999993
58062,2.1849803
58063,1.755320099999999
58064,2.380280499999997
58065,2.3303400000000005
58066,2.1558003999999995
58067,2.640160800000001
58068,3.6088013000000005
58069,1.38642
58070,1.6139
58071,2.7938503
58072,2.026020500000001
58073,1.5175200999999994
58074,1.6445000000000005
58075,1.7068299999999998
58076,1.2532299999999994
58077,3.1858332999999983
58078,3.7033237999999966
58079,1.6797602000000007
58080,2.564771300000001
58081,4.803067699999991
58082,1.3919599999999994
58083,1.23688
58084,1.7908000999999998
58085,1.7359200999999993
58086,2.3080714999999987
58087,3.685499999999999
58088,1.9662700999999998
58089,1.8146399999999991
58090,1.8520501000000007
58091,2.377881000000001
58092,3.837971399999998
58093,1.683930000000001
58094,1.34688
58095,3.134930200000001
58096,1.6807499999999993
58097,2.0577900000000002
58098,1.7626000000000002
58099,1.7249499999999998
58100,4.5038077999999935
58101,1.5066102999999995
58102,2.6292213
58103,1.8929899999999993
58104,2.043679999999999
58105,2.435960000000001
58106,1.5603400000000003
58107,2.9849004000000012
58108,1.2561700000000002
58109,1.358909999999999
58110,1.5337199999999998
58111,1.890830000000002
58112,2.1244501
58113,4.619457599999994
58114,0.9870700000000009
58115,1.6343299999999994
58116,2.765509999999998
58117,1.8440702999999983
58118,1.1519799999999993
58119,2.4478104000000003
58120,2.7425349999999993
58121,1.6805100999999996
58122,2.4701
58123,1.1400800000000004
58124,3.0335999999999985
58125,1.5231301000000002
58126,1.7816299999999996
58127,2.975943899999999
58128,2.0036904
58129,1.291730000000001
58130,1.1750296
58131,1.6544905000000003
58132,1.7844399999999991
58133,1.6511202999999997
58134,1.8879299999999992
58135,1.9120099999999989
58136,1.858600200000001
58137,1.3271201
58138,1.55536
58139,1.72767
58140,1.69859
58141,1.8569101000000001
58142,2.371420000000001
58143,1.7695000999999988
58144,1.63703
58145,1.9589999999999992
58146,2.2376413000000013
58147,1.7406804999999996
58148,1.1810599999999996
58149,3.021710499999998
58150,1.9214300000000002
58151,2.04379
58152,1.84333
58153,1.3411999999999997
58154,1.66892
58155,1.2916999999999996
58156,2.0149500999999983
58157,4.2331533999999955
58158,1.8608403999999994
58159,1.6121103000000008
58160,2.588170299999998
58161,1.9459901000000004
58162,1.8812110000000006
58163,4.846106499999993
58164,2.673620500000001
58165,1.2866500000000007
58166,1.6550000000000018
58167,2.8394212000000016
58168,1.720620000000001
58169,1.4739000000000004
58170,1.6784700000000001
58171,1.5942699999999999
58172,2.162010000000001
58173,2.1136505999999993
58174,1.8083801
58175,1.265079999999999
58176,1.2542000000000002
58177,2.6109312000000013
58178,1.3803800000000002
58179,1.48521
58180,1.7877300000000005
58181,1.1724103000000001
58182,2.7597201
58183,2.0986419999999995
58184,1.7788600000000006
58185,1.88474
58186,1.5827201
58187,2.0977206000000006
58188,2.5880305
58189,1.6247007000000002
58190,4.221035999999994
58191,1.462919999999999
58192,1.6806599999999994
58193,1.2048200000000007
58194,1.5863199999999997
58195,2.206930299999999
58196,4.6329180999999915
58197,2.317570499999999
58198,3.603403499999997
58199,2.01451
58200,1.9015599999999993
58201,1.7027601999999995
58202,2.540010099999999
58203,2.4422810000000013
58204,2.1138799999999995
58205,1.5563199999999993
58206,3.671834599999997
58207,1.4514399999999998
58208,1.8965501999999999
58209,1.174050100000001
58210,1.4836699999999998
58211,3.664021699999999
58212,2.045459999999999
58213,1.89309
58214,1.10571
58215,2.17479
58216,1.9804300000000004
58217,2.1394701999999994
58218,2.36552
58219,2.304320100000001
58220,2.9580911999999997
58221,1.1355099999999994
58222,3.0093601999999997
58223,1.8690141333333328
58224,2.6681224999999995
58225,2.797091099999997
58226,2.1730101999999984
58227,2.2155402999999994
58228,2.409360000000001
58229,2.1674700000000002
58230,1.6562104000000009
58231,1.8621301
58232,3.0525600999999973
58233,2.9393243000000018
58234,1.5387699999999997
58235,3.0324715999999965
58236,1.8922699999999997
58237,1.4615500000000003
58238,4.348755899999995
58239,2.0148699999999984
58240,1.726
58241,1.5822999999999996
58242,2.0030399999999986
58243,3.9508933999999987
58244,1.9026603999999998
58245,1.8285499999999997
58246,1.7313900000000007
58247,1.861510500000002
58248,2.6513900999999964
58249,1.7198999999999993
58250,1.60839
58251,2.9650800999999998
58252,1.9438105000000008
58253,2.4020515999999996
58254,1.5207599999999997
58255,2.3045921999999996
58256,2.0706501000000004
58257,2.8626803
58258,2.6150303000000004
58259,1.8777299999999997
58260,1.6231603999999988
58261,3.375162999999997
58262,1.6324899999999993
58263,1.4018199999999996
58264,3.006730499999999
58265,1.6266599999999998
58266,2.853629999999998
58267,3.5019014000000004
58268,3.0062903
58269,2.2200608
58270,1.7978503999999997
58271,2.2380618
58272,3.3930001000000023
58273,1.4382099999999989
58274,1.8738503
58275,2.085040099999999
58276,1.5335599999999991
58277,1.32398
58278,1.4525101999999988
58279,1.5203501000000006
58280,1.2538800000000005
58281,2.4373811
58282,1.3037799999999993
58283,2.1878300000000004
58284,1.6230099999999994
58285,1.3510201000000004
58286,1.4555699999999996
58287,1.8544702000000004
58288,2.4186199999999993
58289,2.08424
58290,1.8986599999999996
58291,1.6897699999999996
58292,1.6902600000000003
58293,1.09834
58294,1.675750699999999
58295,1.7921600000000015
58296,1.5407300999999998
58297,1.803860000000001
58298,1.7769599999999994
58299,2.801529999999999
58300,2.2625305999999985
58301,2.8651005000000005
58302,2.3873101
58303,3.5983128000000004
58304,1.5713801000000007
58305,1.5837104000000004
58306,3.1288307999999976
58307,1.1789899999999998
58308,2.1659500000000014
58309,2.1217299999999986
58310,1.2783500000000008
58311,2.5250400000000006
58312,2.471560099999999
58313,1.8162599999999998
58314,3.8116512000000005
58315,1.4426001000000006
58316,2.7164029
58317,1.7077699999999998
58318,1.5473001999999993
58319,1.9367299999999998
58320,4.162387199999994
58321,1.4073800000000005
58322,1.9944202000000004
58323,1.6773205999999996
58324,1.8352708999999998
58325,1.8792300000000004
58326,1.3954600000000006
58327,2.321320000000002
58328,2.1336299999999992
58329,2.6865666666666677
58330,2.394170199999999
58331,2.1293599999999997
58332,3.4325701999999993
58333,2.55288
58334,1.6567999999999998
58335,1.3246399999999996
58336,4.8019080999999915
58337,1.4042400000000002
58338,2.3437003
58339,1.81539
58340,3.0198016000000014
58341,1.914760699999999
58342,2.239930999999999
58343,1.9152599999999997
58344,1.6606300000000007
58345,1.56747
58346,1.6077700000000004
58347,2.1328198999999994
58348,1.9462399999999986
58349,1.856829999999999
58350,2.357840100000001
58351,1.7245
58352,1.8359
58353,1.44442
58354,1.4097699999999997
58355,2.1532401
58356,1.5012001000000004
58357,2.4932725000000007
58358,2.2331405999999987
58359,2.0246399999999998
58360,1.8950801
58361,1.7357101
58362,1.8355501000000012
58363,3.053312
58364,4.096874599999996
58365,3.230740099999998
58366,1.5895800000000013
58367,1.1387499999999993
58368,1.39422
58369,1.3722999999999999
58370,2.240070000000001
58371,2.5319001
58372,1.4589601999999997
58373,2.1727814999999984
58374,1.7176900000000024
58375,1.7143999999999997
58376,1.821029600000001
58377,1.9948705000000013
58378,3.5518722999999977
58379,1.6652799999999999
58380,1.7639599999999982
58381,2.8052810999999993
58382,1.7639799999999985
58383,1.0130600999999992
58384,2.0645001
58385,3.9961620999999967
58386,1.9071005000000008
58387,2.1718502000000015
58388,1.668650100000001
58389,2.61785
58390,2.12856
58391,2.275910000000001
58392,1.5398204000000004
58393,3.111670000000002
58394,1.7821308000000011
58395,1.4605801999999994
58396,2.490670000000002
58397,2.09595
58398,2.5844114
58399,1.8469605999999996
58400,1.8338699999999997
58401,1.8878102
58402,2.12265
58403,2.20495
58404,1.8367101000000003
58405,1.6444204
58406,2.100170000000002
58407,1.7052800000000008
58408,1.8191600000000006
58409,2.0323400000000014
58410,1.9771003999999999
58411,1.8293899999999994
58412,1.8571399999999993
58413,1.3826100000000003
58414,1.787930599999999
58415,1.9488000000000003
58416,1.4283199999999987
58417,1.7569000000000006
58418,3.6979923999999973
58419,2.8283419999999997
58420,2.594300200000001
58421,1.69884
58422,1.7143299999999995
58423,2.9211011000000027
58424,1.8447300000000002
58425,2.6104302000000024
58426,2.1337303
58427,2.1010002
58428,2.0150401
58429,3.1861621999999996
58430,3.2624912
58431,2.5231902999999996
58432,2.0312110000000017
58433,2.106269999999999
58434,2.9668900000000002
58435,2.796991099999997
58436,1.8776399999999995
58437,1.189870099999999
58438,1.321160000000001
58439,1.2661600000000008
58440,1.6882599999999994
58441,1.32339
58442,1.78156
58443,2.0517907999999996
58444,1.4806899999999998
58445,1.6836600000000006
58446,2.185969999999999
58447,3.0867637999999995
58448,1.0497600000000005
58449,1.7369801000000007
58450,1.481169999999999
58451,2.0255402000000022
58452,2.3750610999999995
58453,1.4304400000000004
58454,1.7328099999999995
58455,1.6055104000000002
58456,1.685790399999999
58457,1.4441200000000012
58458,1.5363002999999997
58459,1.8403399999999999
58460,1.576529999999999
58461,1.9686600000000012
58462,1.6769000999999994
58463,2.0981502
58464,2.0221300000000024
58465,1.8771705000000005
58466,2.6897400000000022
58467,1.2779999999999994
58468,1.3310300000000004
58469,1.5360200000000004
58470,1.795230000000001
58471,1.6577102999999997
58472,1.23779
58473,2.1822199999999987
58474,3.095442899999999
58475,1.5940600999999994
58476,1.1386801999999987
58477,2.891872499999999
58478,1.7663399999999998
58479,1.712470700000001
58480,1.7044903000000005
58481,2.5647714000000006
58482,1.5202099999999987
58483,1.5561900000000006
58484,4.563316299999994
58485,2.405451800000002
58486,1.636260000000001
58487,2.19809
58488,1.9223502999999997
58489,2.8952609999999983
58490,3.007120300000001
58491,1.9465213000000023
58492,1.6403502000000003
58493,4.042466599999995
58494,2.2970903000000007
58495,2.514720100000001
58496,4.536276899999994
58497,1.4441200000000007
58498,2.311059999999999
58499,2.2339003000000006
58500,4.947189699999989
58501,1.9349404
58502,1.8890604999999991
58503,2.9557002999999984
58504,1.1890203999999993
58505,3.2084439000000007
58506,1.7068800000000004
58507,2.7075501000000006
58508,1.8831416000000007
58509,3.977671300000001
58510,1.9568199999999991
58511,1.4536401
58512,2.878860299999997
58513,2.3457601000000006
58514,1.6512799999999996
58515,2.1340905
58516,1.4186800000000008
58517,2.476979999999999
58518,1.2525203999999994
58519,1.5940901999999997
58520,1.21472
58521,2.0850099999999996
58522,1.8061804999999995
58523,2.3846501999999994
58524,1.4051699999999996
58525,1.6834001000000003
58526,2.4244711000000003
58527,1.780959999999999
58528,2.2188999999999997
58529,1.6536999999999988
58530,2.445930799999999
58531,2.0553000000000003
58532,2.2221103
58533,2.2982707000000007
58534,2.2447100000000018
58535,2.0348503000000004
58536,1.9382803999999993
58537,1.3488100999999997
58538,1.1284099999999986
58539,1.8970599999999993
58540,1.3079403000000003
58541,2.0071600000000003
58542,1.2180099999999994
58543,1.5819101
58544,2.3324901
58545,3.801502099999999
58546,2.079500899999999
58547,4.92034959999999
58548,3.5964210000000003
58549,1.5802201
58550,1.8254400999999996
58551,2.19361
58552,1.9185902000000001
58553,2.9836703999999985
58554,2.518781
58555,1.7845100000000007
58556,2.4049400000000007
58557,1.7707400000000004
58558,1.462640000000001
58559,1.8833799999999998
58560,1.6302101999999998
58561,1.9338599999999986
58562,1.9115303000000003
58563,3.479191499999997
58564,2.6503804000000017
58565,1.8138402999999996
58566,1.4807499999999993
58567,1.8610004000000004
58568,1.2784801000000003
58569,1.9685999999999995
58570,1.5863800000000012
58571,3.223724399999999
58572,1.3719100000000004
58573,1.9192799999999997
58574,1.2059499999999992
58575,2.0736601000000006
58576,1.40851
58577,1.9100203999999998
58578,1.5033699999999997
58579,2.2143004999999993
58580,1.5705500999999997
58581,1.4369799999999993
58582,2.439130400000001
58583,1.8294400000000008
58584,1.8207699999999987
58585,2.13642
58586,3.1989915
58587,1.4510400999999993
58588,1.5036501000000002
58589,2.0165200000000003
58590,2.07217
58591,1.9600803000000004
58592,1.4275400000000007
58593,2.3661517000000005
58594,4.152984799999996
58595,1.8353499999999996
58596,1.38491
58597,1.8842200999999994
58598,1.4179501
58599,3.445042499999997
58600,2.9311526000000003
58601,1.951940499999998
58602,1.383550000000001
58603,1.8162299999999993
58604,2.0159002000000004
58605,1.6949699999999999
58606,1.22259
58607,2.2230714000000003
58608,2.9124310999999996
58609,1.7862699999999996
58610,1.5826900000000008
58611,2.0956592023809524
58612,1.9787100000000004
58613,1.6287899999999993
58614,2.1527603
58615,1.8527500000000006
58616,1.8112199999999985
58617,1.3002501000000006
58618,2.9943902000000007
58619,2.728242800000001
58620,2.0299002999999995
58621,2.6122615999999987
58622,4.681196799999992
58623,1.716200100000001
58624,1.76676
58625,1.6163802999999997
58626,1.543440700000001
58627,2.0024300000000004
58628,1.59069
58629,1.5415200000000013
58630,1.1520001000000004
58631,1.5139302999999995
58632,2.1451116000000012
58633,1.4754199999999997
58634,1.9746000000000001
58635,2.542380500000002
58636,1.4018901999999998
58637,1.2525733333333335
58638,1.5201900000000002
58639,1.6595600000000008
58640,4.619425799999995
58641,1.7698299999999991
58642,2.5104900000000003
58643,2.733982
58644,2.3635899999999985
58645,1.56898
58646,1.3521301000000006
58647,1.4487199999999993
58648,1.0726600000000002
58649,1.4098499999999998
58650,4.402493499999995
58651,2.452320399999999
58652,2.8187600999999995
58653,2.8004605
58654,2.4011203000000005
58655,1.7949900000000005
58656,2.126501000000001
58657,3.983912
58658,1.672479999999999
58659,1.7027500000000007
58660,1.6594400000000005
58661,1.5076900000000015
58662,3.8151731999999976
58663,1.4507699999999997
58664,1.9624800000000002
58665,2.1601200000000005
58666,1.7686004999999991
58667,2.7641706999999998
58668,1.3119499999999986
58669,3.083640199999999
58670,1.7302799999999994
58671,1.892499999999998
58672,2.543701400000001
58673,2.1257899999999994
58674,1.9906104000000004
58675,1.9366314999999985
58676,2.154460199999999
58677,4.627015699999995
58678,1.4432700000000003
58679,1.2453299999999994
58680,1.8787700999999997
58681,2.591202300000001
58682,1.2337100000000005
58683,2.114880400000002
58684,2.1921507000000005
58685,2.9319102000000017
58686,2.0373402
58687,1.34005
58688,2.149679999999999
58689,1.8667003000000009
58690,2.1818202
58691,3.5861902000000008
58692,2.213820099999998
58693,2.591410100000001
58694,2.2133001999999995
58695,1.832330100000001
58696,1.53951
58697,1.8514299999999995
58698,2.360371699999999
58699,2.019630100000001
58700,2.6843401000000005
58701,3.9904937999999976
58702,1.8582701000000013
58703,1.75931
58704,1.8610299999999993
58705,1.7246199999999985
58706,1.7829599999999983
58707,1.2383599999999995
58708,2.0305603999999984
58709,1.6273905
58710,4.616855299999995
58711,1.5230800000000002
58712,3.592781099999998
58713,2.0511500999999996
58714,1.4542600000000006
58715,3.1215128999999986
58716,1.8974434333333332
58717,2.0245600999999995
58718,1.6378800000000013
58719,1.6206801
58720,1.6668099999999988
58721,1.6547900000000004
58722,1.6865710999999997
58723,1.6735200000000008
58724,2.0726603
58725,1.2527302000000005
58726,2.404019999999999
58727,1.4836700999999994
58728,1.5626201
58729,1.3800899999999998
58730,1.8238899999999998
58731,1.7254400999999995
58732,3.5911724999999968
58733,2.1433299999999993
58734,2.1381600000000014
58735,1.4253299999999995
58736,1.7230201999999997
58737,1.3037999999999994
58738,1.84196
58739,1.8515802
58740,1.9474002000000001
58741,1.4308699999999999
58742,2.440519999999999
58743,3.345180000000001
58744,2.8320799999999973
58745,2.2711099999999997
58746,2.4021602999999985
58747,1.9387500000000015
58748,2.0219500000000004
58749,1.9085999999999992
58750,2.0797204000000007
58751,1.3951700000000011
58752,1.0039600999999996
58753,2.026490000000001
58754,1.4345899999999991
58755,3.4870025999999994
58756,2.0253002
58757,2.2258199999999997
58758,1.9219499999999998
58759,1.2818199999999988
58760,2.7728712000000035
58761,2.1425800000000006
58762,2.2028100000000017
58763,1.4891799999999997
58764,1.5635100999999991
58765,1.1830899999999989
58766,1.5833200000000014
58767,2.0865105999999987
58768,1.9302499999999996
58769,1.9706200000000005
58770,2.1094900000000014
58771,1.9681701000000005
58772,3.3497407999999997
58773,2.51231
58774,4.0647935
58775,2.8128710999999993
58776,1.7918799999999993
58777,2.3178400000000012
58778,2.7535605999999997
58779,1.5810699999999998
58780,2.4165323999999995
58781,1.5907999999999998
58782,1.9105400000000023
58783,1.7869799999999991
58784,3.4656607999999984
58785,2.6314000999999987
58786,1.2576800000000004
58787,2.2760700000000016
58788,2.6453306000000003
58789,1.9660600999999993
58790,2.5860101000000015
58791,1.6081799999999995
58792,4.879679499999989
58793,2.369980000000001
58794,1.4111699999999998
58795,2.334090100000002
58796,1.54982
58797,1.9785801
58798,1.7482300999999996
58799,2.4458510000000007
58800,3.129611899999997
58801,1.8002100000000005
58802,2.672172000000001
58803,1.4892701000000006
58804,1.831800000000001
58805,1.1298900000000007
58806,1.860820099999999
58807,3.5605215000000014
58808,2.7964007
58809,2.1792001999999995
58810,1.742360099999999
58811,1.2858400999999995
58812,1.943380800000001
58813,1.8802000999999993
58814,2.217990099999999
58815,1.9926506000000015
58816,1.8342899999999989
58817,2.098419999999998
58818,1.8815997999999994
58819,2.2099799999999985
58820,1.8785100000000003
58821,2.2768
58822,2.1710800000000003
58823,1.5336600999999996
58824,2.6702999999999992
58825,3.2154112
58826,2.78672
58827,3.0003118000000017
58828,2.901950099999998
58829,1.5875801999999999
58830,2.5789400999999996
58831,2.3315902000000013
58832,1.8179204000000004
58833,1.6839202999999996
58834,1.3196804
58835,1.9078202999999994
58836,1.80479
58837,1.6329800000000003
58838,1.2186101
58839,1.8495801
58840,1.9816999999999996
58841,2.6771399999999996
58842,1.8426999999999987
58843,2.0634601000000004
58844,1.9187311000000005
58845,1.6456
58846,1.76116
58847,2.02382
58848,1.17079
58849,2.9195123000000005
58850,1.7500300999999994
58851,2.028530000000002
58852,1.300050000000001
58853,2.573740400000002
58854,4.0537831
58855,2.0158101000000013
58856,1.3715301000000009
58857,1.6552700000000005
58858,2.015490699999999
58859,1.8078000999999992
58860,1.70339
58861,1.589090100000001
58862,2.1474102000000004
58863,1.3265399999999994
58864,2.514750000000002
58865,2.05779
58866,3.1676835999999993
58867,0.8447799999999994
58868,1.7282999999999995
58869,2.092470000000001
58870,2.8279613
58871,1.545700400000001
58872,2.118969999999999
58873,1.8116500000000002
58874,1.3934500000000012
58875,2.7171100000000012
58876,1.4969402000000003
58877,2.0359999999999996
58878,2.0283803
58879,1.7586799999999985
58880,1.788320000000001
58881,1.8388101000000006
58882,1.8707901000000007
58883,1.2972699999999995
58884,2.7134419
58885,3.800423299999997
58886,1.3942399999999997
58887,1.281560000000001
58888,2.9112602000000023
58889,1.8374899999999987
58890,1.5954504999999997
58891,1.4748
58892,1.5507400000000007
58893,1.4729200000000002
58894,2.3657801999999992
58895,4.355806499999995
58896,1.9894605999999997
58897,1.750170399999999
58898,1.6791200999999996
58899,4.074424399999998
58900,1.9487200000000007
58901,2.9728827999999994
58902,1.6325700000000005
58903,1.6930500000000006
58904,2.962440899999999
58905,1.83216
58906,1.8052099999999986
58907,1.7854404000000006
58908,1.14745
58909,1.9332900000000002
58910,1.2540799999999985
58911,1.10371
58912,2.4526299999999996
58913,3.260701299999998
58914,2.2925021000000005
58915,4.055983899999999
58916,3.1132117000000012
58917,1.6419500000000005
58918,2.1577
58919,1.77894
58920,1.6703800000000004
58921,2.9620510000000007
58922,1.7055699999999998
58923,1.7960211999999998
58924,1.8656303000000005
58925,1.9748799999999997
58926,1.5844002000000004
58927,1.8120899999999986
58928,1.5036699999999996
58929,2.0514999999999994
58930,3.0048905000000015
58931,2.0733500000000014
58932,1.818159999999999
58933,1.7858699999999996
58934,1.5971199999999997
58935,2.0960199999999993
58936,2.5844911999999978
58937,1.8924499999999977
58938,2.088109999999999
58939,2.2570601999999984
58940,1.5969300000000006
58941,2.033950500000002
58942,1.6830300000000005
58943,2.2460700000000013
58944,3.221691600000001
58945,3.2976208000000007
58946,1.745440000000001
58947,1.6451899999999995
58948,2.159269999999999
58949,3.4780535999999995
58950,3.0755103999999993
58951,1.9506999999999994
58952,1.4623701
58953,1.1134400999999996
58954,1.6952900000000013
58955,1.4702201000000006
58956,1.775899999999999
58957,1.2415700000000003
58958,0.9405800000000007
58959,2.2165602999999963
58960,1.4279200000000003
58961,2.0159599999999993
58962,1.4938100999999997
58963,2.0647399999999982
58964,1.6949202000000008
58965,2.9372506999999985
58966,1.4584800000000002
58967,1.72585
58968,1.7385900000000003
58969,2.548471099999999
58970,2.156039999999999
58971,1.4071601999999999
58972,3.311543899999998
58973,2.072170100000001
58974,4.008814499999997
58975,1.7025101000000007
58976,1.682310000000001
58977,1.43536
58978,1.8195504000000002
58979,4.329975199999995
58980,1.8581900999999996
58981,3.2084115999999994
58982,1.4135399999999996
58983,1.5620902
58984,1.5615900000000003
58985,1.4924500000000012
58986,1.8935499999999985
58987,1.4485301999999995
58988,2.2995601
58989,1.625
58990,1.76455
58991,1.5105099999999998
58992,2.0321199999999986
58993,1.6907809
58994,2.3082101
58995,2.3023000999999996
58996,1.7981199999999995
58997,1.5741799999999992
58998,2.677230899999999
58999,3.3927609000000007
59000,2.7923415000000005
59001,2.123450100000004
59002,2.1645503000000015
59003,1.4697699999999987
59004,1.50435
59005,1.9114499999999999
59006,1.2650000000000006
59007,2.4126913999999995
59008,2.2008499999999995
59009,1.6625199999999998
59010,1.3769099999999996
59011,2.0789999999999984
59012,2.278769999999999
59013,2.9085105
59014,2.540890000000002
59015,1.4729099999999995
59016,1.7986799999999992
59017,1.6222800000000002
59018,1.5878499999999998
59019,2.04096
59020,4.078183899999997
59021,2.9989210999999982
59022,1.7915600000000003
59023,3.2233816000000006
59024,2.3981002
59025,1.6746299999999996
59026,1.3992900000000004
59027,1.7472100000000006
59028,3.1220520999999986
59029,1.41674
59030,1.7542102
59031,2.6036499999999996
59032,2.7940527000000004
59033,3.2387205999999975
59034,2.330270400000003
59035,1.6511499000000007
59036,2.4840305000000016
59037,2.4469601999999995
59038,2.396030299999998
59039,1.6608201000000005
59040,2.3432699999999995
59041,1.52542
59042,1.5821199999999995
59043,2.1517004999999987
59044,1.9751099999999986
59045,1.8820701000000006
59046,1.6676800000000003
59047,1.2840500000000004
59048,1.8049199999999994
59049,4.539487999999992
59050,3.9904649999999964
59051,1.4399600999999995
59052,1.3493001000000004
59053,1.540091
59054,1.5092
59055,3.1050402000000004
59056,1.7837300000000005
59057,1.652800000000001
59058,1.7158300000000006
59059,1.6334605000000002
59060,1.6256500000000003
59061,1.910370000000001
59062,1.4392500000000013
59063,2.1333005
59064,1.8463999999999998
59065,1.5475899999999996
59066,1.6817300000000004
59067,4.710038399999992
59068,1.7446499999999994
59069,1.9256500000000012
59070,2.6856212999999984
59071,1.1992601000000003
59072,2.13986
59073,1.6074000000000004
59074,2.876290600000001
59075,1.8284703
59076,2.49298
59077,1.5229799999999991
59078,2.1939901999999987
59079,2.1142900000000004
59080,2.3111699999999993
59081,1.8688601
59082,2.9108514
59083,2.7766508000000014
59084,3.3303611999999987
59085,1.155169999999999
59086,4.563845199999992
59087,4.00823
59088,2.5178609
59089,1.7110002
59090,2.2334499999999995
59091,2.936310499999998
59092,2.438170000000002
59093,1.8237599999999998
59094,2.455259999999998
59095,1.8575900000000007
59096,1.8137200999999985
59097,3.3756506000000015
59098,4.001252599999999
59099,1.3755000000000002
59100,0.8273999999999998
59101,4.80500869999999
59102,1.7391800000000006
59103,2.5115601999999995
59104,1.9193200000000001
59105,1.5699099999999995
59106,2.698891200000001
59107,1.9287001000000006
59108,3.5264622
59109,2.0366707999999987
59110,2.191950800000001
59111,2.161129999999999
59112,1.9796501999999991
59113,2.0857703999999995
59114,3.739731099999998
59115,2.2674700000000003
59116,2.1998802999999962
59117,1.5289900999999995
59118,1.7445499999999996
59119,1.8544999999999996
59120,1.8022700000000003
59121,1.4053700000000005
59122,2.372100099999999
59123,1.665269999999999
59124,2.0307307000000008
59125,2.7893101999999983
59126,1.8405706000000002
59127,1.4522699999999997
59128,1.423939999999999
59129,4.883008999999991
59130,2.4113431000000007
59131,2.1174899999999988
59132,1.7337600000000004
59133,1.3584500000000004
59134,2.4167199999999998
59135,1.7765301
59136,1.7808300000000006
59137,3.191230300000003
59138,2.4964505
59139,2.0375700000000014
59140,1.3348200000000008
59141,2.3652300000000004
59142,1.8961201
59143,3.3473201000000024
59144,1.8182599999999995
59145,2.050920599999999
59146,2.1174001
59147,1.7427500999999999
59148,1.847030099999999
59149,2.179979999999999
59150,1.5540099999999988
59151,2.6753801999999984
59152,2.5600512
59153,1.9084402000000003
59154,2.429260300000002
59155,1.5201999999999996
59156,2.5701604
59157,3.0589506999999974
59158,1.5048000000000004
59159,1.76359
59160,1.622000000000001
59161,3.3015515999999963
59162,2.5900502000000016
59163,1.8410299999999997
59164,1.7399703000000004
59165,2.3427911
59166,1.2618299999999991
59167,1.9140599999999985
59168,1.5587503000000016
59169,1.6606699999999999
59170,1.1534999999999997
59171,1.8255499999999998
59172,4.067874499999997
59173,1.4511100000000001
59174,1.8729299999999989
59175,1.4250001
59176,1.8435499999999996
59177,1.9128502999999994
59178,2.9695000000000005
59179,1.7632404
59180,2.0208999999999984
59181,2.4073502000000007
59182,2.8739804
59183,1.2945099999999994
59184,1.8327000000000004
59185,1.2920299999999998
59186,1.9167600000000018
59187,1.781640000000001
59188,1.1961000000000006
59189,4.90734929999999
59190,1.5769999999999995
59191,2.8361000000000014
59192,1.3967549999999997
59193,3.0637310999999996
59194,2.0555106999999997
59195,2.7734006000000018
59196,1.6790299999999987
59197,1.6473700999999994
59198,1.899059999999998
59199,1.5501499999999988
59200,1.6907700000000006
59201,2.024730200000001
59202,1.5768200000000006
59203,1.97597
59204,1.6770799999999997
59205,3.268992
59206,1.7572101999999998
59207,1.8576599999999999
59208,2.1529402000000006
59209,1.8625099999999994
59210,3.1111608999999993
59211,1.6277700999999996
59212,1.2982002000000008
59213,1.7882202000000005
59214,1.5025800999999999
59215,1.9079501000000008
59216,1.5090099999999993
59217,2.3051018
59218,1.4429503999999997
59219,1.6342305000000001
59220,1.40915
59221,3.019121300000001
59222,2.1224900999999985
59223,1.7046300000000005
59224,1.6372699999999996
59225,1.2868999999999988
59226,1.6899399999999998
59227,2.1723100000000013
59228,1.6557206000000002
59229,1.5543501
59230,1.7141300000000004
59231,1.3156199999999998
59232,1.3234899999999998
59233,1.6698600999999997
59234,4.317822199999995
59235,3.358821999999998
59236,1.8273699999999997
59237,2.027910100000001
59238,0.9894000000000004
59239,1.4268800000000001
59240,2.282150200000001
59241,2.9998408999999997
59242,4.684738399999992
59243,1.9306203999999993
59244,1.7044203000000013
59245,2.0016911
59246,4.649478099999992
59247,1.4995600000000004
59248,2.29366
59249,1.7271299999999998
59250,1.5856301000000002
59251,1.5331301999999993
59252,1.6909099999999992
59253,1.8252513000000001
59254,1.5329302
59255,1.7303499999999992
59256,2.6903208000000007
59257,3.149932499999999
59258,1.5061602000000003
59259,2.3619207999999987
59260,4.6266241999999975
59261,4.744027499999994
59262,2.4482299999999975
59263,2.0121801
59264,2.08004
59265,2.8811926
59266,1.7842502999999994
59267,2.5677499999999993
59268,3.032510499999999
59269,3.4582204999999995
59270,2.2163602000000013
59271,4.658435799999996
59272,1.46542
59273,1.8427400000000003
59274,2.3598209999999993
59275,1.235960000000001
59276,2.2162701999999994
59277,1.5313899999999991
59278,2.4849999999999985
59279,2.992540099999999
59280,1.9341199999999992
59281,1.9400302000000014
59282,2.908420299999999
59283,1.7777700999999986
59284,2.246850199999997
59285,2.4109800999999997
59286,1.6343202000000003
59287,1.5106600000000008
59288,2.133090700000001
59289,1.515030000000001
59290,2.5092199999999996
59291,1.6481304000000003
59292,4.527886499999995
59293,1.5701499999999995
59294,1.5890799999999987
59295,1.9854801000000015
59296,1.7762299999999995
59297,1.4976500000000001
59298,2.0770600999999993
59299,2.799070299999999
59300,1.481690000000001
59301,2.1834403999999994
59302,4.9500880999999906
59303,2.5880699
59304,1.9307400000000001
59305,2.289140300000001
59306,2.751939999999998
59307,1.9945899999999994
59308,1.8597500999999985
59309,0.8941499999999994
59310,1.7360900000000004
59311,4.90705929999999
59312,2.02357
59313,1.5325399999999996
59314,1.3820704000000006
59315,1.55009
59316,2.7734805000000016
59317,2.7915605000000014
59318,2.0524400000000016
59319,3.2084608999999977
59320,2.001250000000001
59321,2.4890601
59322,2.557420200000001
59323,1.7673999999999987
59324,2.3922001000000006
59325,2.282380100000001
59326,1.7971699999999984
59327,1.8512202999999992
59328,1.7884600000000013
59329,1.4302200000000003
59330,2.063660599999999
59331,2.1979301
59332,1.5837200000000002
59333,1.7316999999999998
59334,1.6703701000000013
59335,1.8181899999999993
59336,3.2701600000000006
59337,3.3045026
59338,2.37474
59339,1.9694601
59340,1.8510801000000006
59341,2.0954701000000004
59342,1.558140000000001
59343,1.7287799999999998
59344,1.336419999999999
59345,1.5440200000000013
59346,2.9597501
59347,1.7266103
59348,1.2111699999999999
59349,2.2888403999999998
59350,1.619619999999999
59351,4.1229647999999965
59352,2.1746608000000007
59353,1.8700100000000008
59354,1.5076203999999995
59355,1.6976900000000001
59356,1.2749402000000003
59357,2.1661501
59358,1.7683101
59359,1.7201800000000003
59360,1.5136200000000009
59361,2.3281
59362,1.2267100999999991
59363,1.9187699999999994
59364,4.1011450999999965
59365,2.5480604000000016
59366,2.355140599999998
59367,2.1578009000000007
59368,2.8976307999999995
59369,2.0943014000000004
59370,1.4902101999999997
59371,2.1607207000000015
59372,1.4819000000000004
59373,1.5376999999999987
59374,2.5546311999999998
59375,1.871989999999999
59376,1.48032
59377,1.6460000000000015
59378,1.4370503000000008
59379,1.4952602999999995
59380,1.568419999999999
59381,2.077439999999999
59382,2.707070100000001
59383,2.11316
59384,1.6330900000000008
59385,2.0335199999999993
59386,1.524650100000001
59387,1.5809303999999995
59388,1.5748201999999996
59389,1.3679299999999994
59390,2.1310202000000005
59391,2.0131304000000005
59392,1.8176603000000007
59393,1.8737399999999989
59394,3.4033917999999987
59395,1.8298600999999994
59396,1.7882400999999999
59397,1.9723007000000001
59398,1.2989104999999999
59399,2.1932999999999994
59400,4.688386499999996
59401,1.9221700999999993
59402,1.8311501
59403,2.4771207000000017
59404,1.5970700000000004
59405,1.9483000000000006
59406,1.782100000000001
59407,1.48669
59408,1.6504704000000001
59409,1.3059300000000003
59410,1.6507550999999996
59411,2.490350099999999
59412,1.8564200000000002
59413,2.0358601000000003
59414,1.4771086666666655
59415,1.779350600000001
59416,1.51355
59417,1.6563799999999997
59418,1.8942200999999996
59419,2.0752501000000008
59420,1.7361299999999995
59421,0.9780100000000002
59422,2.1705503999999984
59423,1.9505307999999995
59424,1.8866509
59425,3.4972103999999975
59426,1.3242100000000014
59427,2.5807401
59428,3.1197611
59429,1.879930000000001
59430,1.7284400000000018
59431,2.952100000000001
59432,1.6780500000000003
59433,1.6995699999999982
59434,3.434371399999999
59435,2.5748400999999985
59436,1.7962600000000004
59437,1.6292699999999993
59438,4.030022799999998
59439,2.8906601000000007
59440,1.0141000000000002
59441,1.5937203999999994
59442,1.5403799999999992
59443,1.5232200000000002
59444,1.8061500000000004
59445,3.6618531999999977
59446,1.6842599999999999
59447,2.6310205000000013
59448,4.508187299999994
59449,1.7146700000000004
59450,1.9539701000000005
59451,1.4396699999999998
59452,1.4777600000000004
59453,2.2714901
59454,1.24931
59455,2.3707500000000006
59456,3.372242399999999
59457,1.4557204000000004
59458,2.2626307000000008
59459,2.8233104999999994
59460,2.7568003999999995
59461,1.650240299999999
59462,3.4341918999999983
59463,1.4895699999999998
59464,1.3911502999999998
59465,2.3867203
59466,1.3923799999999995
59467,1.3298599999999996
59468,1.6996900000000001
59469,1.4882599999999995
59470,1.3050702000000007
59471,1.2110903000000002
59472,1.5796200999999994
59473,3.0293317000000006
59474,2.350660000000002
59475,1.349519999999999
59476,4.93486949999999
59477,1.5615299999999996
59478,1.7467799999999993
59479,1.1434333333333335
59480,1.6806400000000008
59481,1.7729900000000007
59482,2.392801099999997
59483,1.3129699999999997
59484,1.9199102
59485,2.2474000000000007
59486,2.1194401999999983
59487,2.131371866666665
59488,2.0758600999999994
59489,1.4914599999999993
59490,1.7486299999999997
59491,2.8511408
59492,2.060320099999999
59493,2.294380500000001
59494,4.246035899999995
59495,2.8802702000000004
59496,1.3555601
59497,1.8403100000000003
59498,2.5428813000000012
59499,1.57124
59500,1.9238815999999996
59501,1.878389999999999
59502,2.7178706999999998
59503,1.8321202999999997
59504,2.2546103000000004
59505,2.420010000000001
59506,1.3925899999999993
59507,2.1165803999999993
59508,2.3263299999999982
59509,3.575830099999997
59510,4.394707199999996
59511,1.4159099999999993
59512,1.8153000000000004
59513,1.72558
59514,1.8489066666666658
59515,1.4715000000000007
59516,1.95835
59517,1.6518499999999998
59518,1.4945802000000006
59519,1.59872
59520,1.7996605000000014
59521,2.0961302
59522,1.13419
59523,1.6691001000000005
59524,1.8882399999999973
59525,2.406030300000001
59526,1.7206599999999994
59527,1.7306301000000004
59528,1.8732613000000007
59529,1.4050700000000003
59530,1.3714800000000005
59531,1.9578199999999992
59532,1.8454100999999994
59533,4.306863999999997
59534,2.5214901000000003
59535,2.255541800000001
59536,1.9224602999999985
59537,2.476569999999998
59538,2.2583801999999995
59539,2.1248108999999995
59540,1.4540202
59541,2.8795406999999993
59542,1.8457002999999998
59543,1.6905800000000004
59544,2.3192900999999995
59545,1.8956301000000002
59546,1.3427699999999998
59547,2.3963506000000003
59548,1.4135299999999997
59549,1.2162700000000004
59550,2.4148901
59551,2.0584201000000006
59552,4.426866499999996
59553,2.0898801000000002
59554,1.7284100000000004
59555,2.4077806999999987
59556,1.84029
59557,2.4098714000000006
59558,1.6519699999999995
59559,1.4097099999999996
59560,4.367858833333329
59561,3.112940100000003
59562,2.6041817000000007
59563,1.6677201000000001
59564,1.5949499999999994
59565,1.5790299999999993
59566,4.007462299999995
59567,1.3448599000000003
59568,1.7524899999999999
59569,2.1611302
59570,1.46097
59571,2.0018800999999997
59572,1.6441502
59573,1.3695201
59574,2.350710000000001
59575,1.3851200000000004
59576,1.787849999999999
59577,1.5598599999999996
59578,1.7217200000000015
59579,2.948840999999999
59580,1.5824708000000012
59581,1.8291304000000006
59582,1.514710000000001
59583,1.7500300999999996
59584,1.2513404
59585,2.03399
59586,1.4031702
59587,1.4924308
59588,1.56464
59589,2.8355409000000016
59590,3.5417949999999987
59591,1.3010400000000004
59592,1.7550099999999988
59593,2.4533902999999997
59594,3.2159108000000005
59595,4.067141699999997
59596,1.69716
59597,2.288980799999999
59598,1.6971602000000001
59599,2.413049999999999
59600,1.6900099999999998
59601,1.4180399999999995
59602,1.2555300000000007
59603,1.817111000000001
59604,1.85553
59605,2.15725
59606,2.7031102999999996
59607,2.83055
59608,1.52733
59609,1.8261699999999994
59610,1.9351201999999978
59611,2.6200506000000017
59612,1.8228000000000002
59613,2.611700300000001
59614,2.0068
59615,1.60729
59616,1.5286100000000002
59617,2.0335299999999985
59618,1.7181699999999989
59619,1.4564302
59620,2.6124011999999976
59621,1.6293683333333333
59622,2.1856500999999993
59623,1.4759801999999995
59624,1.7244502
59625,1.9513500000000008
59626,1.6476300000000004
59627,1.7891905
59628,3.1571406
59629,1.1299800000000004
59630,1.9035101000000012
59631,1.6003599999999998
59632,3.941651900000001
59633,1.9484500000000018
59634,3.1620823999999987
59635,1.9056300999999993
59636,1.28899
59637,2.7261603
59638,2.8965702000000006
59639,1.5767704000000011
59640,2.6291502
59641,1.5872600000000003
59642,3.9698052999999964
59643,1.78784
59644,1.5470701999999992
59645,1.7409700000000004
59646,2.782450999999999
59647,1.7608802999999984
59648,1.8576600000000005
59649,1.3684801999999996
59650,1.9296103000000013
59651,1.6306903999999995
59652,1.8310300999999998
59653,3.1862612999999995
59654,2.2956302999999996
59655,2.7176004000000016
59656,3.1304000999999984
59657,1.6628500000000008
59658,1.9681306000000018
59659,1.9607804999999994
59660,2.0660605999999984
59661,2.7244310000000014
59662,1.4635300000000004
59663,1.7749000999999995
59664,1.1670900000000006
59665,1.544370199999999
59666,1.981960099999999
59667,1.6305701
59668,1.3974599999999997
59669,1.9079103000000002
59670,1.6272900000000001
59671,2.1514602999999983
59672,2.0142499999999997
59673,2.2107399999999986
59674,4.844575466666657
59675,1.6194099999999998
59676,3.4737207999999975
59677,1.4308199999999998
59678,1.3496900000000003
59679,1.2277400000000005
59680,1.7055600000000006
59681,1.8600002999999998
59682,1.6279701
59683,1.2143399999999998
59684,1.9893199999999995
59685,2.113350000000002
59686,1.7199000999999996
59687,1.698839999999999
59688,1.8197299999999998
59689,2.1931201999999983
59690,1.877040799999999
59691,1.3015402
59692,1.6850400000000005
59693,1.6313199999999997
59694,1.6083199999999993
59695,2.1764600000000005
59696,1.9275101999999995
59697,3.288660700000003
59698,3.3023202999999994
59699,2.3362999999999987
59700,2.275549999999998
59701,4.196501099999997
59702,1.7913699999999997
59703,1.472040000000001
59704,1.9896701999999997
59705,1.4515199999999995
59706,2.5888105000000015
59707,1.5934899999999985
59708,2.209785833333334
59709,1.20575
59710,2.8070601999999973
59711,1.9007305000000008
59712,1.6849700999999977
59713,3.213201199999999
59714,3.0726726
59715,2.2612200000000002
59716,1.993130200000001
59717,1.5075501
59718,2.1350100000000007
59719,1.6811699999999998
59720,1.886760000000001
59721,1.6459699999999986
59722,3.9006919000000035
59723,1.7841800000000003
59724,1.7852400999999996
59725,1.4793601000000003
59726,2.3480801000000016
59727,1.6710200000000004
59728,1.5016600999999996
59729,2.2835199999999993
59730,1.6662700000000001
59731,1.8958701999999996
59732,1.6788401999999993
59733,3.1410199999999997
59734,1.6677709000000005
59735,2.0864202000000005
59736,1.8021509
59737,1.62792
59738,1.3436100000000002
59739,1.4685000000000008
59740,4.430017299999994
59741,1.32117
59742,1.8974500000000005
59743,2.371769999999999
59744,1.6397500000000003
59745,1.7098612000000015
59746,2.4998111999999995
59747,2.1027101
59748,1.7571200999999985
59749,1.4352299999999998
59750,1.4690800000000002
59751,1.5518300000000005
59752,1.6233203000000005
59753,1.746390000000002
59754,1.7054999999999998
59755,1.7248800999999991
59756,3.360030999999998
59757,1.3904199999999998
59758,2.152860400000002
59759,1.2659302000000003
59760,1.2389700000000006
59761,2.0374014
59762,2.7299901000000006
59763,1.9233108000000003
59764,3.5439801000000015
59765,2.0418300000000005
59766,2.5681900999999994
59767,2.352030000000001
59768,1.7141100000000007
59769,1.9541601
59770,2.1885803
59771,1.7812500000000002
59772,2.182730100000001
59773,2.4096901999999982
59774,1.5425200000000001
59775,2.5260703000000007
59776,1.8169
59777,2.053630500000001
59778,2.0819600000000005
59779,1.3104917666666662
59780,3.831736399999995
59781,1.4287100000000006
59782,3.990531900000001
59783,2.0384905000000004
59784,1.1513899999999995
59785,1.2245100000000004
59786,1.6113200000000005
59787,1.9858600000000006
59788,2.3850000999999996
59789,2.58072
59790,2.3294200999999988
59791,2.9805400000000004
59792,2.8028216999999995
59793,2.00907
59794,1.8719700000000001
59795,3.102030800000001
59796,1.4479999999999993
59797,2.0751302000000003
59798,1.7256006000000002
59799,1.8881900000000003
59800,2.6060902000000006
59801,1.754150000000001
59802,1.7487699999999993
59803,1.6055100000000002
59804,2.263910000000001
59805,0.997470000000001
59806,1.651589999999999
59807,1.9055900999999997
59808,1.7126499999999996
59809,1.6183100000000004
59810,3.5607600000000033
59811,1.9842601000000013
59812,1.8721099999999986
59813,1.7009299999999998
59814,1.4600401000000003
59815,1.075749999999999
59816,1.7317506000000007
59817,2.1511299999999993
59818,1.8657502000000001
59819,1.4620099999999991
59820,2.4471400000000005
59821,2.894621599999998
59822,1.3490499999999994
59823,2.107792499999999
59824,1.4516599999999995
59825,3.208870000000003
59826,2.427941100000001
59827,1.726900100000001
59828,1.9820600000000004
59829,4.925209199999989
59830,1.6471800000000008
59831,1.3070199999999996
59832,1.2865201999999991
59833,2.2339001000000005
59834,1.76944
59835,2.098960000000001
59836,1.7978002000000008
59837,1.4322499999999996
59838,1.8051400000000013
59839,2.462709999999999
59840,1.7574209000000005
59841,1.3455600000000003
59842,1.3098899999999989
59843,2.589550000000001
59844,2.1797899999999997
59845,1.9533500000000015
59846,2.958870600000001
59847,1.3575099999999996
59848,3.651602099999999
59849,2.4155701
59850,1.881279999999998
59851,2.020380399999998
59852,2.212390299999999
59853,1.9217700000000002
59854,2.2688899999999994
59855,2.3709604000000017
59856,2.8852202999999976
59857,1.1047101000000015
59858,1.9566199999999996
59859,2.376730500000002
59860,1.4768399999999995
59861,1.80756
59862,1.2648199999999994
59863,2.8194506999999986
59864,0.8951601999999999
59865,1.9761000000000002
59866,2.5926299999999984
59867,3.3098932999999993
59868,1.9705199999999994
59869,1.6270600000000008
59870,2.265841199999999
59871,2.5605504000000003
59872,1.5434499999999998
59873,2.571490100000001
59874,3.156701200000001
59875,1.1142803999999997
59876,1.6360900000000003
59877,1.870590100000001
59878,2.6782814999999993
59879,1.5073200999999998
59880,2.628200099999999
59881,1.6289001000000005
59882,1.7632599999999994
59883,1.6964802000000014
59884,1.5277501000000009
59885,2.505310299999998
59886,4.8929273999999925
59887,1.8188000000000009
59888,2.3211799999999996
59889,3.0624906999999997
59890,2.781910099999998
59891,1.7615900999999987
59892,2.341432400000001
59893,1.4207299999999998
59894,1.4520602999999994
59895,2.4877900000000013
59896,2.2415915000000006
59897,2.0903601
59898,2.6794922999999984
59899,2.4549705
59900,1.9414800000000005
59901,1.8599399999999973
59902,2.3746001999999993
59903,2.21431
59904,2.0706599999999993
59905,3.0076002000000006
59906,2.37609
59907,1.5339399999999992
59908,1.0609199999999999
59909,2.1137499999999987
59910,2.9505436999999994
59911,2.299220000000002
59912,1.53297
59913,2.2861507999999997
59914,1.6409699999999996
59915,1.6600599999999996
59916,3.081231300000001
59917,1.9822600000000004
59918,1.3712700000000004
59919,3.3182604000000024
59920,2.6334601
59921,1.8336000999999993
59922,1.4038700000000004
59923,1.486710400000001
59924,1.108660100000001
59925,1.3166500000000005
59926,1.9749899999999991
59927,1.8202600000000009
59928,2.3198999999999983
59929,1.730270000000001
59930,1.4661799999999994
59931,1.7283804999999999
59932,2.7382600999999998
59933,1.5523199999999997
59934,1.6107701
59935,1.820120299999999
59936,1.5921100000000004
59937,1.926160200000002
59938,1.5228899999999996
59939,1.4862699999999993
59940,3.218651199999998
59941,1.9704901000000001
59942,1.9663803999999998
59943,1.7300299999999984
59944,2.471280599999999
59945,1.6756303000000004
59946,2.014250300000002
59947,1.4451900000000009
59948,1.7165899999999985
59949,2.233711600000003
59950,1.5396399999999997
59951,1.7929106000000008
59952,1.3902501999999992
59953,1.5713901
59954,1.4159200000000005
59955,1.3414100000000004
59956,1.9159799999999985
59957,1.620039999999999
59958,1.6488899999999997
59959,1.6560999999999995
59960,2.053590699999999
59961,3.0126799999999996
59962,4.785397399999991
59963,1.7033400000000005
59964,1.93732
59965,1.44976
59966,1.4828899999999996
59967,1.4826501000000016
59968,1.8640700000000003
59969,1.8989003000000009
59970,1.7032601999999997
59971,1.6067100000000003
59972,2.0408199999999996
59973,1.6462900000000003
59974,1.938770099999998
59975,2.3923703000000005
59976,2.2305099999999993
59977,2.5519711000000007
59978,1.5285
59979,4.303336199999994
59980,1.6560003000000003
59981,1.7204201000000003
59982,1.9000802999999988
59983,3.2720102000000026
59984,3.1764716999999987
59985,1.8356201999999993
59986,2.1095800999999996
59987,2.1702201000000003
59988,1.3326101000000006
59989,3.6829638999999967
59990,2.198940000000001
59991,2.395520000000001
59992,1.7140300000000004
59993,1.614340100000001
59994,1.6549399999999994
59995,2.102680000000001
59996,2.03249
59997,1.9922001
59998,2.1705901000000014
59999,2.5075499999999993
60000,1.5712001000000007
60001,1.6272600000000006
60002,1.3261699999999994
60003,1.3643100000000001
60004,1.976310200000001
60005,2.0046600999999993
60006,3.232313999999999
60007,1.8458300000000012
60008,3.7852750999999953
60009,2.2006099999999993
60010,1.6154500000000005
60011,2.4471803000000016
60012,1.5443399999999994
60013,1.571120199999999
60014,1.7222401000000005
60015,1.4120001
60016,3.626893599999997
60017,1.9818704000000003
60018,3.6970014999999985
60019,1.4467700999999997
60020,1.670719999999999
60021,2.07757
60022,2.247130300000003
60023,1.7354502000000005
60024,1.5656700000000003
60025,1.6069200999999995
60026,2.25448
60027,1.1419899999999996
60028,1.2701800000000008
60029,1.892390000000001
60030,1.778640000000001
60031,1.72055
60032,2.426850799999998
60033,1.7628499999999994
60034,3.2246736999999994
60035,2.46542
60036,1.6167302000000001
60037,2.246739999999999
60038,1.87713
60039,2.0384603
60040,2.191189999999999
60041,3.953102899999997
60042,3.3409203
60043,1.8602400000000003
60044,1.65442
60045,2.346540099999999
60046,2.609689999999999
60047,1.8981401999999996
60048,1.7423299999999988
60049,1.9217401999999992
60050,1.6566100000000004
60051,2.7503202
60052,2.4150203999999995
60053,4.591768199999991
60054,1.9730800000000008
60055,2.6614801999999993
60056,2.8986901000000005
60057,2.2680401
60058,2.7006005999999996
60059,1.6482499999999987
60060,1.5170499999999998
60061,1.1521299999999992
60062,1.7617000000000005
60063,1.3871999999999987
60064,3.278600199999998
60065,1.8309402999999995
60066,1.63201
60067,1.9510299999999998
60068,1.5180402000000002
60069,2.4543399999999984
60070,2.448041100000002
60071,2.279840000000001
60072,1.3077101999999994
60073,1.8095599999999996
60074,1.3348299999999997
60075,1.6504602999999998
60076,2.5290408
60077,1.4009299999999996
60078,1.7579701000000005
60079,2.2606099999999993
60080,1.7517803999999983
60081,1.5188000000000006
60082,1.6967500000000002
60083,1.8496804999999998
60084,2.0474000000000006
60085,1.6659100000000004
60086,2.60846
60087,1.2342399999999996
60088,1.8798509000000008
60089,3.179262
60090,1.63768
60091,1.4140199999999996
60092,2.302810299999999
60093,1.9333006000000006
60094,2.1791408000000008
60095,1.7586400000000009
60096,2.8640743571428566
60097,2.0631101000000007
60098,2.6949106000000014
60099,1.9650002999999998
60100,1.4506000000000001
60101,2.343260600000001
60102,1.3985304000000003
60103,1.6908900000000011
60104,3.175290099999998
60105,3.301353599999999
60106,1.4657300000000004
60107,1.47802
60108,2.9457299999999993
60109,1.5323307000000002
60110,1.7100700000000009
60111,2.0945200999999987
60112,1.9590200000000006
60113,1.9991299999999996
60114,2.4030001
60115,1.4594903000000001
60116,1.8947599999999987
60117,2.6920501000000003
60118,3.1745184333333323
60119,2.7331401
60120,1.39417
60121,1.5603699999999991
60122,2.25895
60123,2.0498100000000004
60124,1.5646806000000006
60125,2.661550600000001
60126,2.257552400000002
60127,1.8522599999999998
60128,1.62727
60129,1.5182699999999982
60130,1.35278
60131,2.303870000000001
60132,2.5264900000000012
60133,1.2161199999999999
60134,1.5987899999999993
60135,1.4606400000000002
60136,1.7101798000000006
60137,1.8465709
60138,2.38553
60139,1.8054601000000003
60140,1.7055602000000005
60141,1.488909999999999
60142,2.2059800000000003
60143,1.650600000000001
60144,2.1058900000000005
60145,3.9345930999999967
60146,2.1259701
60147,1.3476199999999998
60148,2.2323011999999993
60149,2.0355311999999994
60150,2.6912000000000003
60151,1.8426002000000017
60152,3.1563218999999987
60153,2.985355133333332
60154,1.7138099999999992
60155,1.3642400000000003
60156,1.7590199000000002
60157,1.6225800000000001
60158,1.9346500000000006
60159,1.39808
60160,2.2175202000000005
60161,1.3048305999999985
60162,2.2672106000000003
60163,2.27521
60164,1.5437600000000002
60165,2.1263300000000016
60166,2.0078499999999995
60167,2.0533405
60168,1.968380300000001
60169,1.772836666666666
60170,1.8419701000000006
60171,1.1708600000000007
60172,2.231539999999999
60173,1.8394200000000003
60174,1.9736804000000003
60175,1.8596999999999977
60176,2.2499306000000003
60177,2.7859400999999995
60178,1.8544202999999997
60179,3.2479645999999978
60180,1.9279600000000006
60181,3.604551999999997
60182,1.7401903999999997
60183,2.425870199999999
60184,1.9969600000000005
60185,1.755670000000001
60186,1.2955999999999996
60187,1.5903002000000002
60188,1.90641
60189,1.6517301
60190,1.1887299999999994
60191,1.998710100000001
60192,4.805608999999991
60193,1.9410800000000004
60194,2.0823907000000004
60195,1.6515300000000013
60196,1.8810641666666672
60197,2.0278199999999993
60198,1.5129899999999998
60199,2.6749706999999985
60200,1.7612700000000001
60201,1.9672803000000005
60202,2.645190100000001
60203,4.324196799999993
60204,1.5829500000000005
60205,1.4677
60206,1.67815
60207,1.745129999999999
60208,1.1992301000000005
60209,1.8927599999999987
60210,2.2319799999999983
60211,1.5409099999999993
60212,1.849691200000001
60213,1.9503899999999985
60214,1.7874105000000002
60215,2.4765701999999994
60216,4.626745799999992
60217,1.3110599999999994
60218,4.271224299999996
60219,1.8360299999999996
60220,1.7946200000000005
60221,3.4554341999999973
60222,1.63703
60223,2.709961600000001
60224,3.0740600000000007
60225,2.0577900000000002
60226,1.5436800999999998
60227,1.8649300999999996
60228,1.6800701999999992
60229,1.858510200000001
60230,2.23099
60231,2.0944100000000008
60232,1.7762599999999986
60233,4.932179399999991
60234,1.7202203
60235,3.3754818000000006
60236,1.264690399999999
60237,1.867130000000001
60238,1.5766699999999991
60239,4.087195099999998
60240,1.5271899999999996
60241,2.2779901999999996
60242,1.2874599999999987
60243,1.89632
60244,1.8624999999999998
60245,2.196859999999998
60246,1.4600699999999995
60247,1.8069108999999992
60248,2.1783799999999975
60249,2.3588305999999992
60250,2.453793733333335
60251,2.784950900000003
60252,2.3135100000000004
60253,1.7705399999999987
60254,1.6393299999999997
60255,2.773160600000001
60256,1.8293000999999989
60257,2.7567299999999992
60258,1.54429
60259,2.2015609000000005
60260,2.000139999999999
60261,1.7343305000000013
60262,1.4693003000000011
60263,1.5086099999999991
60264,1.9331200999999998
60265,1.7625500000000012
60266,1.5157300000000005
60267,2.504072700000002
60268,2.3572621999999996
60269,2.043080000000002
60270,1.7755302999999996
60271,2.525320099999999
60272,2.031190799999999
60273,2.2443299999999993
60274,2.217840400000001
60275,1.8429299999999995
60276,2.8661815000000006
60277,1.5205500000000012
60278,2.1826701
60279,1.5260599999999993
60280,1.92709
60281,3.409331499999999
60282,1.3593399999999998
60283,2.916311099999999
60284,1.9430000000000007
60285,4.256245899999995
60286,3.045810600000001
60287,1.6817800000000007
60288,1.5348600000000006
60289,2.080530100000001
60290,2.007109999999999
60291,1.372619999999999
60292,1.6794600999999991
60293,3.4069011999999996
60294,2.3915302000000005
60295,1.73794
60296,1.8427700000000007
60297,1.5343500000000008
60298,3.923254499999996
60299,1.8710500000000008
60300,1.6273501999999995
60301,1.8289999999999988
60302,2.0118705
60303,1.7408000000000001
60304,3.6118008999999978
60305,1.2336803000000003
60306,1.287629999999999
60307,1.8727599999999986
60308,3.6070004000000013
60309,1.6458303999999992
60310,2.457372600000001
60311,1.84971
60312,2.0947216
60313,2.5959204999999996
60314,1.2276700000000018
60315,2.0319704
60316,1.6759000999999996
60317,4.067143799999995
60318,1.5205799999999987
60319,1.7331899999999993
60320,2.5112500000000004
60321,3.6518005999999974
60322,1.9500404000000002
60323,1.494060200000001
60324,2.0234300000000003
60325,1.6130699999999987
60326,1.1215399999999995
60327,1.8920302999999987
60328,2.0608402
60329,2.5032301
60330,2.424230000000002
60331,2.2350306000000013
60332,1.9336901000000009
60333,4.188125399999995
60334,2.6711805999999996
60335,1.2506500000000005
60336,1.8268602
60337,2.2132083999999987
60338,1.3068300000000002
60339,1.5204800000000005
60340,2.407712300000002
60341,3.3550314999999995
60342,2.107639999999999
60343,1.52677
60344,2.2454318666666673
60345,3.0876713000000007
60346,1.9854599999999993
60347,1.1513900000000006
60348,2.3054704
60349,1.5467
60350,2.154170100000001
60351,2.3096015000000008
60352,1.0266600000000001
60353,2.1079899999999983
60354,1.1922399999999995
60355,1.6391999999999993
60356,1.8238900000000007
60357,1.6505499999999995
60358,2.1239203000000013
60359,1.6105902000000016
60360,1.7858900000000013
60361,1.7442900000000001
60362,1.8114400000000002
60363,1.4224099999999993
60364,1.5882706000000002
60365,2.592641300000001
60366,1.4070300000000002
60367,1.6392203000000007
60368,2.1705101999999994
60369,1.55157
60370,3.5236802999999988
60371,2.609760000000002
60372,3.783654899999996
60373,2.0199403999999994
60374,2.1610600000000004
60375,4.245444799999993
60376,2.1186001
60377,1.8897103
60378,1.4086900000000002
60379,1.7096400000000003
60380,1.65364
60381,1.5166700000000004
60382,3.5712530000000005
60383,2.0292301999999993
60384,2.4632299999999985
60385,1.8137602999999984
60386,3.7507817
60387,1.1354297000000002
60388,3.325741299999998
60389,2.1577206
60390,1.2921399999999996
60391,1.5264001000000005
60392,1.6644399999999993
60393,1.9338501000000001
60394,1.2014601999999994
60395,2.4558705
60396,1.5876299999999999
60397,3.0846305999999997
60398,1.8807401
60399,3.1818436999999995
60400,2.1033701999999996
60401,2.4947701
60402,1.5330000000000004
60403,2.0778499999999993
60404,1.9697502999999994
60405,1.2224599999999999
60406,4.018223499999995
60407,2.073299999999999
60408,2.513950600000002
60409,1.7252701000000012
60410,1.7640301999999997
60411,1.7975599999999998
60412,2.16878
60413,1.7092800000000004
60414,1.6739200000000007
60415,1.2759399999999992
60416,4.6636169999999915
60417,1.9409200000000002
60418,1.32296
60419,1.7500900000000004
60420,2.462950800000002
60421,2.690090300000001
60422,1.86428
60423,1.1149400999999997
60424,3.590085399999998
60425,1.9555099999999987
60426,1.5953300000000004
60427,1.5881099999999995
60428,3.312583699999998
60429,1.6359501999999992
60430,1.53754
60431,1.0046999999999993
60432,1.3055400000000008
60433,2.5547700000000013
60434,1.3643000000000007
60435,2.552512100000001
60436,1.82598
60437,1.7665700999999994
60438,2.200680099999999
60439,1.5482001000000003
60440,4.025883099999999
60441,1.1160878000000003
60442,1.9523700000000002
60443,1.9071203999999995
60444,2.3383100999999984
60445,1.4559900000000006
60446,2.0387101000000003
60447,1.7668710000000005
60448,1.1748799999999995
60449,1.8723900999999992
60450,2.8659716
60451,2.14103
60452,1.3897799999999998
60453,2.977741000000001
60454,2.2026299999999996
60455,1.990390000000001
60456,1.9157203000000007
60457,2.235791999999999
60458,1.9460899999999979
60459,1.4145801999999998
60460,2.377490200000001
60461,2.9593814
60462,1.6795199999999997
60463,2.1284400000000003
60464,2.5622905000000005
60465,1.53261
60466,2.7672599999999985
60467,1.4631699999999992
60468,1.6020402999999994
60469,1.6084399999999999
60470,1.7631301999999989
60471,1.6192401
60472,1.9052403999999996
60473,1.6862899999999998
60474,3.021030399999999
60475,1.4996801000000013
60476,1.4474403
60477,1.6179200999999999
60478,1.3735993333333332
60479,2.7274399999999996
60480,1.4842801000000003
60481,3.274022299999999
60482,2.6214709
60483,1.8646600000000004
60484,1.7577506
60485,1.8025902000000005
60486,1.9978300000000002
60487,2.4672409
60488,2.4945500000000016
60489,1.9645300000000003
60490,1.5485101000000014
60491,2.658170100000001
60492,2.172480800000001
60493,1.16662
60494,1.2998699999999994
60495,1.4054699999999998
60496,3.076951299999997
60497,1.95248
60498,4.261024899999995
60499,2.05035
60500,3.790382199999998
60501,1.6238200999999999
60502,1.5979599999999996
60503,2.6807415
60504,1.369560000000001
60505,1.7038200000000001
60506,3.2442905999999994
60507,2.282090099999999
60508,4.549655399999993
60509,1.4810800999999998
60510,1.7598107000000018
60511,1.690819999999999
60512,2.309770100000003
60513,2.147420400000001
60514,2.4594406
60515,1.6415000000000008
60516,1.960750000000001
60517,1.6509401999999995
60518,1.8598002000000016
60519,1.57839
60520,1.8747099999999997
60521,1.9692000000000005
60522,1.8580100999999976
60523,1.4688499999999995
60524,2.1330201
60525,4.122115099999997
60526,1.984550000000001
60527,2.4468900000000016
60528,1.4896509000000016
60529,1.4601499999999996
60530,1.9310899999999995
60531,1.7095899999999997
60532,1.8494700999999987
60533,1.8122900000000002
60534,1.4492500000000004
60535,1.6505499999999993
60536,2.2807200000000005
60537,2.1000701
60538,1.4849300000000007
60539,1.8814099999999994
60540,1.2418700000000014
60541,1.270920000000001
60542,4.987009899999989
60543,1.41901
60544,2.0409299999999995
60545,1.5058
60546,1.909470000000001
60547,2.0285499999999996
60548,1.7948599999999972
60549,2.2205603000000007
60550,1.8868501
60551,2.0355701000000006
60552,4.939198899999991
60553,2.6309704000000007
60554,1.75258
60555,1.7713299999999996
60556,1.4744304
60557,1.8308699999999987
60558,1.4352598000000003
60559,1.7195001999999995
60560,2.556300400000001
60561,1.6337099999999998
60562,1.8021699999999998
60563,1.5115299999999994
60564,2.302300200000001
60565,1.7475100000000001
60566,3.816703099999998
60567,1.9654100000000017
60568,2.6230205999999985
60569,2.3245306999999986
60570,1.951970099999999
60571,1.3211000000000015
60572,2.7975900000000014
60573,2.127851200000002
60574,1.1570300000000016
60575,1.9110600999999994
60576,1.9499712000000011
60577,2.4050099999999985
60578,1.6224501999999996
60579,2.1376999999999997
60580,1.7132202
60581,1.5702099999999992
60582,1.3995
60583,1.7360204
60584,4.1822449999999955
60585,2.4045900000000002
60586,2.2167899999999983
60587,2.3005407999999976
60588,1.6171399999999998
60589,1.6861302000000002
60590,1.6133807000000004
60591,1.78848
60592,1.907129999999998
60593,3.350921500000001
60594,1.4076499999999996
60595,1.6307004
60596,3.036710000000002
60597,2.07438
60598,1.6162200000000015
60599,3.1178002999999976
60600,1.7922600000000002
60601,3.1895321999999995
60602,1.7339699999999996
60603,2.714763000000001
60604,1.5511301
60605,1.8852802
60606,1.1822001999999996
60607,1.9819199999999975
60608,1.9723903
60609,1.8201701000000008
60610,2.4092123000000005
60611,2.523532200000002
60612,1.0249000000000001
60613,1.981920199999999
60614,2.7911102000000003
60615,3.917294
60616,1.5116500000000002
60617,1.743160199999999
60618,1.6696699999999998
60619,1.2303601
60620,2.626420599999997
60621,2.0563202
60622,1.6419001000000002
60623,2.352310200000002
60624,1.7710299999999999
60625,1.6496300000000006
60626,2.3781399999999984
60627,2.213809999999998
60628,3.2908100000000022
60629,1.4953400000000008
60630,1.7147401000000004
60631,1.3632399999999993
60632,3.386620799999999
60633,1.4804801999999995
60634,1.6449599999999995
60635,2.077390099999999
60636,1.5084599999999997
60637,1.5220800000000003
60638,2.5492614000000002
60639,1.5350802
60640,1.7715500000000008
60641,2.7530810000000008
60642,1.9536100000000005
60643,3.0862500999999996
60644,1.8934906000000011
60645,2.653832099999999
60646,2.3746101
60647,2.0520399999999994
60648,3.279290100000001
60649,2.6979399999999973
60650,1.6475600000000006
60651,2.2231400000000003
60652,1.6758203
60653,1.4727300000000012
60654,1.472869999999999
60655,2.21598
60656,2.1978601999999996
60657,3.045002899999998
60658,2.0729399999999996
60659,2.5502105999999993
60660,3.1035906
60661,2.2803703
60662,2.015310000000001
60663,2.0390107
60664,1.9769905000000005
60665,2.0917700000000004
60666,2.214920700000001
60667,1.643140199999999
60668,1.2503102000000013
60669,1.4551900000000009
60670,1.9652601000000012
60671,1.3594799999999998
60672,2.647440099999999
60673,1.6327105000000004
60674,2.2848409000000016
60675,1.696629999999999
60676,2.1276199999999985
60677,3.4164723999999973
60678,1.7534899999999993
60679,2.8807201999999994
60680,1.9528201000000016
60681,1.6970500000000013
60682,2.2656100000000006
60683,1.3977499999999998
60684,1.60974
60685,2.0786802000000018
60686,1.9925900999999984
60687,1.8869308000000005
60688,2.673240100000001
60689,1.7650200999999996
60690,4.413257099999994
60691,1.446130000000001
60692,1.7622004000000013
60693,1.6171700000000002
60694,1.7467200000000005
60695,1.5995602000000004
60696,2.233419999999999
60697,1.4293199999999997
60698,2.3995409
60699,2.333470200000002
60700,1.7195907999999998
60701,2.1859799999999994
60702,2.019989999999999
60703,1.85227
60704,1.3536803999999998
60705,2.1742099999999995
60706,1.6643099999999997
60707,1.1848101
60708,2.944631200000002
60709,2.590430400000001
60710,1.7836901000000003
60711,1.7127201000000005
60712,2.042709999999999
60713,1.623370299999999
60714,2.0581199999999997
60715,3.730181299999998
60716,2.6170610999999995
60717,3.1686704
60718,1.5600000999999997
60719,1.4239103
60720,1.6821599999999999
60721,1.3010600000000003
60722,1.6320606000000009
60723,4.137633899999996
60724,1.1573002000000003
60725,1.4403705
60726,1.39011
60727,1.3064200000000008
60728,1.1811501
60729,1.7194801000000004
60730,1.851650699999999
60731,2.7906025999999984
60732,4.153526999999996
60733,2.27182
60734,1.3863499999999995
60735,2.1165599999999993
60736,2.359890200000002
60737,3.2009621
60738,1.8805600000000007
60739,2.719449999999999
60740,3.001270699999998
60741,2.1133399999999987
60742,4.136894899999996
60743,2.546300200000003
60744,1.86218
60745,2.26441
60746,2.1671600000000013
60747,1.9110700999999986
60748,1.803430100000001
60749,1.7689100000000002
60750,3.1157239000000003
60751,1.6887000000000003
60752,2.0974
60753,3.072190799999999
60754,2.5471406999999986
60755,2.6509601000000007
60756,1.8192308000000006
60757,3.5119326999999974
60758,1.63611
60759,1.8558404999999993
60760,3.2673706999999985
60761,1.984520500000001
60762,1.4248500999999987
60763,1.8749599999999995
60764,2.161849999999999
60765,1.8651200000000006
60766,2.147860100000001
60767,3.1199500999999996
60768,1.6113099999999982
60769,2.0284908000000015
60770,2.24725
60771,1.6502601999999982
60772,2.541060199999998
60773,1.5326600999999997
60774,2.3627801000000006
60775,1.5762499999999995
60776,1.6135401999999999
60777,2.4280600000000003
60778,2.417540199999998
60779,1.9496706000000004
60780,2.154659999999999
60781,1.9394306000000008
60782,1.3898499999999998
60783,2.1794099999999994
60784,2.1327407000000003
60785,1.9350300000000002
60786,1.3393099999999998
60787,1.64998
60788,1.2505700000000004
60789,4.6262572999999945
60790,1.7643600999999998
60791,1.8541000000000005
60792,1.6779599999999995
60793,1.3859100000000004
60794,4.699677299999993
60795,2.478689999999999
60796,1.9595800999999997
60797,2.058430099999998
60798,1.76891
60799,2.186124733333335
60800,1.7793300000000003
60801,1.4609200999999996
60802,4.783827099999994
60803,2.2717100999999986
60804,1.9304402999999997
60805,1.7629202000000008
60806,3.130652
60807,1.2841199999999995
60808,1.773289999999999
60809,2.2015301000000007
60810,1.4326300000000005
60811,1.9528800000000002
60812,2.243560799999999
60813,1.9163206999999987
60814,2.0590005
60815,1.79528
60816,1.8239205
60817,1.4976300000000007
60818,1.7578199999999986
60819,1.5184799999999998
60820,2.8714502
60821,3.133930099999999
60822,1.9985899999999974
60823,1.4644099999999995
60824,2.1849701000000024
60825,2.359699999999998
60826,2.1191199999999992
60827,1.8625200000000017
60828,4.459006799999994
60829,1.7846803999999994
60830,1.9559999999999997
60831,2.0228000000000006
60832,1.4330699999999994
60833,1.7140199999999985
60834,2.2281106000000004
60835,4.77921859999999
60836,2.8269310000000014
60837,1.8735200000000003
60838,1.5549899999999994
60839,2.0845399999999996
60840,1.540560000000001
60841,1.9277801000000003
60842,1.4910401999999991
60843,1.9826300000000001
60844,2.636320099999998
60845,3.2139802999999993
60846,1.5931899999999992
60847,1.6737674999999999
60848,1.740240100000001
60849,3.3448004000000005
60850,1.7707102000000015
60851,2.1646401
60852,1.53387
60853,1.7698999999999998
60854,1.6674799999999994
60855,2.0643899999999986
60856,1.8913399999999996
60857,1.674819999999999
60858,2.3769108999999977
60859,1.6937605999999994
60860,2.0195200000000018
60861,1.7403600000000006
60862,1.9535399999999996
60863,1.6521701
60864,1.9294702000000001
60865,1.3683404999999995
60866,1.42131
60867,2.3201800999999995
60868,2.20864
60869,1.3733499999999994
60870,1.5497799999999993
60871,2.2600200000000013
60872,1.9910313
60873,1.2510400000000004
60874,1.9186400000000006
60875,2.0164817000000004
60876,2.6703916999999997
60877,2.213960099999998
60878,1.3168302000000012
60879,1.945130700000001
60880,3.825753999999996
60881,2.2325803999999985
60882,2.379330400000001
60883,1.4726201999999988
60884,2.996580000000001
60885,2.9819705
60886,1.4873700000000005
60887,1.6499099999999995
60888,1.7229100000000008
60889,3.0851406999999984
60890,2.9076812000000016
60891,1.4804899999999999
60892,1.72825
60893,1.0263799999999996
60894,1.1478
60895,1.9341701999999998
60896,1.2647100000000011
60897,1.9752901000000012
60898,1.0259401000000004
60899,2.236780099999999
60900,1.860420100000001
60901,2.7661510999999996
60902,2.0810099999999987
60903,1.55079
60904,1.6247701
60905,3.964552200000002
60906,2.2022704999999987
60907,2.43659
60908,1.8826004000000003
60909,1.3354800000000007
60910,1.6949911000000002
60911,2.2679399999999963
60912,1.6858200000000008
60913,1.3338500000000004
60914,2.0588004000000004
60915,1.70994
60916,1.4861300000000006
60917,3.5264830999999974
60918,1.679490000000001
60919,3.297471299999998
60920,1.4089899999999997
60921,2.1891700000000003
60922,1.66931
60923,1.7706201000000001
60924,4.076275499999995
60925,1.7003801000000005
60926,1.781309999999999
60927,1.363340599999999
60928,1.4425200999999985
60929,1.498670000000001
60930,1.2967099999999991
60931,1.4251199999999997
60932,4.662006799999993
60933,3.361320900000001
60934,3.2682507999999983
60935,2.1168100999999986
60936,2.1145807
60937,3.0100925000000016
60938,1.1207300000000011
60939,1.6752099999999996
60940,2.2502199999999983
60941,2.146340000000001
60942,1.22102
60943,1.47765
60944,1.6912900000000002
60945,1.3060800999999995
60946,1.52817
60947,1.7181901
60948,4.803017899999992
60949,1.9244714000000007
60950,4.494196899999992
60951,1.9466901000000005
60952,1.6822103000000004
60953,1.6794199999999995
60954,1.9690500000000006
60955,1.7271600000000005
60956,1.8407699999999985
60957,2.0217807000000003
60958,1.9515903999999997
60959,2.031860000000003
60960,2.090519999999999
60961,1.6487900000000009
60962,1.2834000000000003
60963,3.0802014999999985
60964,1.6617004000000002
60965,1.3887900000000015
60966,2.2849100000000004
60967,2.85406575
60968,2.4307299999999983
60969,1.8672499999999987
60970,1.972360100000002
60971,3.1289516999999996
60972,2.1150015
60973,1.4657499999999999
60974,1.4389500000000004
60975,3.1660603
60976,3.6862227999999986
60977,3.7925112999999993
60978,1.12156
60979,2.231490499999999
60980,1.8157599999999994
60981,1.8496107000000015
60982,1.8332802000000004
60983,1.9913107000000008
60984,1.7080100000000018
60985,4.605347599999993
60986,0.9733199999999997
60987,2.203850000000001
60988,1.72607
60989,2.1641299999999997
60990,1.294850000000001
60991,2.2295601
60992,2.088390200000001
60993,1.9163802999999995
60994,1.8656899000000002
60995,2.004939999999998
60996,1.7636301999999993
60997,1.9184600000000005
60998,1.7631601000000006
60999,2.1708200000000013
61000,1.6796801
61001,1.7892600000000014
61002,3.4258603
61003,1.5620000000000003
61004,4.277134699999995
61005,1.76679
61006,1.4033800000000005
61007,4.476946299999995
61008,1.5226
61009,2.062770199999999
61010,1.6033000000000004
61011,1.7506899999999999
61012,2.0152705
61013,2.043250200000001
61014,1.9750400999999989
61015,2.3112299999999992
61016,4.88396899999999
61017,1.013090000000001
61018,2.972770999999999
61019,2.9859907000000008
61020,3.4904634999999984
61021,1.7769199999999992
61022,1.9366900000000016
61023,1.62239
61024,2.479630100000002
61025,1.2302999999999997
61026,1.435710000000001
61027,1.5631099999999996
61028,2.976490699999999
61029,1.3756100000000009
61030,2.1404407000000005
61031,2.6314125000000015
61032,1.15918
61033,1.6129199999999995
61034,4.582306699999991
61035,1.6724600000000003
61036,1.8948502000000007
61037,1.8845200000000013
61038,3.187840099999998
61039,1.7864600000000004
61040,1.7083600000000003
61041,2.5032000999999986
61042,1.45071
61043,1.9093099999999996
61044,3.681681099999998
61045,2.8665101000000006
61046,1.8065999999999987
61047,2.034919999999999
61048,1.415140099999999
61049,1.8513499999999998
61050,1.3908833333333328
61051,1.7631833333333338
61052,3.583142799999997
61053,1.1943900000000003
61054,2.5529210000000018
61055,2.4855403
61056,1.474690299999999
61057,2.16473
61058,1.4886300000000006
61059,1.5508100000000005
61060,2.0323700999999996
61061,1.322160000000001
61062,1.3735700000000002
61063,1.899270399999999
61064,1.2406103000000006
61065,2.6135513999999995
61066,1.5137
61067,1.6515699999999995
61068,2.1117600999999997
61069,3.6067132999999982
61070,1.6237301999999998
61071,1.8722800999999984
61072,1.5750103000000002
61073,2.9173906999999986
61074,1.6450907
61075,1.8694804000000018
61076,2.4460399999999978
61077,1.6311499999999999
61078,1.7254600000000002
61079,1.953230000000002
61080,1.9409301999999997
61081,1.6677100000000016
61082,1.6078204999999997
61083,1.9635099999999996
61084,1.6095699999999993
61085,3.793502999999996
61086,1.1548499999999995
61087,1.8826512000000002
61088,2.0017402
61089,1.6763199999999998
61090,2.03045
61091,1.5291899999999992
61092,1.8152700000000004
61093,3.1533119000000016
61094,2.1143899999999993
61095,1.7845299999999997
61096,1.7402903000000003
61097,2.2352900000000004
61098,1.6099100000000002
61099,1.7916200000000007
61100,1.9318601000000004
61101,1.8827199999999997
61102,2.140699999999999
61103,1.1419099999999998
61104,1.5983300000000005
61105,1.9170100000000008
61106,2.0372401
61107,1.4528800000000002
61108,2.1667308000000003
61109,2.2827300999999993
61110,2.3640214
61111,1.7876900000000004
61112,1.0764801999999993
61113,1.7612003999999999
61114,2.4378802000000004
61115,1.7561399999999978
61116,2.1817121000000004
61117,2.4987800999999967
61118,2.0924302
61119,2.768921
61120,2.3424700999999986
61121,1.3959399999999997
61122,3.031851899999998
61123,1.8315801999999988
61124,2.0521999999999996
61125,1.8762405999999996
61126,1.9096899999999994
61127,3.9864136999999964
61128,2.7191001999999997
61129,1.3376106000000005
61130,1.6531500000000015
61131,1.838219999999999
61132,1.9151805999999985
61133,1.6317900999999995
61134,2.1752706
61135,3.6189517999999965
61136,1.5227099999999996
61137,1.584400000000001
61138,1.4197399999999996
61139,2.2279199999999992
61140,1.39846
61141,2.057640100000001
61142,1.34257
61143,1.5420699999999996
61144,1.8785700000000003
61145,2.4233707
61146,2.5122114999999994
61147,2.060540299999999
61148,1.4428900000000002
61149,1.3037900000000002
61150,2.6364300000000016
61151,2.495729999999999
61152,2.628150000000001
61153,1.9049299999999996
61154,1.314989999999999
61155,1.9764800000000005
61156,2.2614010999999996
61157,3.1375715999999993
61158,2.386980700000002
61159,2.2003501
61160,3.5506200999999966
61161,1.5606400000000007
61162,2.1035011
61163,2.6274401999999974
61164,2.0335000000000005
61165,1.7302001999999985
61166,2.0734400000000006
61167,1.7058099999999998
61168,2.2460700000000005
61169,1.5420199999999995
61170,1.5649100999999999
61171,1.3795699999999993
61172,4.7949982999999925
61173,1.827210200000001
61174,2.344489999999999
61175,3.1160127999999996
61176,2.3002902
61177,1.337309999999999
61178,1.6375201000000001
61179,2.0024006000000014
61180,1.5344400000000005
61181,1.5081101000000003
61182,1.6843200999999994
61183,1.83338
61184,1.5789500000000003
61185,2.67319
61186,2.7144423000000013
61187,1.3521504000000006
61188,3.1753399999999967
61189,4.411485799999993
61190,1.8095500000000004
61191,1.6962000000000002
61192,3.6846914
61193,1.8189201
61194,1.9964700000000002
61195,3.3009522999999983
61196,2.6364807000000003
61197,1.3979400000000004
61198,1.4989803000000002
61199,2.586870000000002
61200,2.3143200000000004
61201,1.5898701000000002
61202,2.537569999999998
61203,2.1715405000000003
61204,1.7598607999999998
61205,4.1150329999999995
61206,1.3233800000000002
61207,1.0696300000000007
61208,1.444399999999999
61209,3.6724435999999976
61210,3.659421947619046
61211,1.7568699999999995
61212,4.559366999999993
61213,1.3604899999999998
61214,2.6486104999999984
61215,1.3898800000000002
61216,2.2114600999999996
61217,1.9260801999999995
61218,4.328350200000005
61219,2.0258599999999998
61220,2.0559800999999998
61221,2.01592
61222,1.7924801000000001
61223,2.6768801999999994
61224,1.4219499999999996
61225,2.093980100000001
61226,2.7100102000000006
61227,2.4881403000000013
61228,1.8814300999999989
61229,2.6910602
61230,2.6632504000000012
61231,1.4487999999999999
61232,2.287681899999999
61233,3.1601917999999984
61234,2.1497100000000002
61235,1.4202600000000012
61236,1.7031701000000006
61237,1.5638099999999997
61238,2.4893713
61239,1.704180100000001
61240,2.341890099999999
61241,2.020730100000001
61242,0.8727238000000006
61243,1.9417399999999998
61244,2.26923
61245,1.9656705999999995
61246,1.68922
61247,3.5045057333333323
61248,2.7647810999999978
61249,2.1070311999999998
61250,1.7110500999999996
61251,1.2061899999999997
61252,2.713800299999998
61253,2.6555405000000003
61254,1.2563000000000004
61255,3.5723421999999987
61256,1.423859999999999
61257,2.5626218000000005
61258,2.0988599999999997
61259,4.4651652999999945
61260,1.2319900000000004
61261,1.944130000000001
61262,1.1429
61263,2.6102171999999983
61264,1.5683700000000005
61265,2.1334900999999986
61266,1.93993
61267,4.096773499999998
61268,1.7435199999999995
61269,1.3735401999999997
61270,1.5234204
61271,2.174969999999999
61272,1.7878000000000003
61273,1.8010300999999995
61274,1.9102199999999996
61275,3.776832699999998
61276,1.7919602999999995
61277,2.6478406000000003
61278,1.6239400999999993
61279,1.5296000000000003
61280,1.194430099999999
61281,2.0391505999999984
61282,3.1915302000000003
61283,1.7706600999999993
61284,1.2270704000000003
61285,1.9164302000000006
61286,1.8078200000000002
61287,1.0536800999999996
61288,1.8393800000000005
61289,1.7220600000000001
61290,2.3328601000000004
61291,2.6703804000000004
61292,2.2682700999999987
61293,1.7333299999999991
61294,1.7849302999999992
61295,1.7942405000000008
61296,2.065850400000001
61297,3.155062099999999
61298,1.5713002000000005
61299,1.1638999999999997
61300,1.381599999999999
61301,1.6108499999999992
61302,2.0172801
61303,3.393372099999998
61304,1.4433699999999998
61305,1.9527099999999984
61306,1.66142
61307,2.204791500000001
61308,1.9431505999999994
61309,1.83534
61310,1.6506699999999999
61311,1.7633199999999982
61312,2.6348917999999992
61313,1.7372599999999998
61314,1.7724305000000005
61315,1.6718703999999993
61316,1.9742599999999977
61317,3.7968102999999966
61318,1.3918800000000007
61319,1.1613099999999994
61320,1.7238502000000002
61321,1.5425801999999995
61322,1.9535199999999995
61323,1.8526699999999996
61324,2.04057
61325,3.4074530999999983
61326,2.048050000000001
61327,1.9847302000000002
61328,2.200530000000001
61329,1.6975200000000004
61330,1.3648939999999996
61331,2.6004626
61332,1.5578999999999998
61333,2.2357300000000007
61334,2.0744801000000006
61335,1.7041302999999999
61336,3.0214925999999984
61337,2.1937699999999993
61338,1.8906908999999994
61339,2.6340307000000003
61340,3.818981599999999
61341,2.146850400000001
61342,2.8307127
61343,1.8785499999999984
61344,3.2453228999999966
61345,2.3478600000000016
61346,4.477235799999995
61347,2.1522207000000004
61348,2.3151201000000015
61349,2.1503299999999994
61350,1.3301400000000003
61351,1.974990900000001
61352,1.4997400000000005
61353,2.470171700000001
61354,2.1109701999999984
61355,2.1981803000000006
61356,3.2567832999999995
61357,2.0228201000000006
61358,2.409
61359,1.8576700000000002
61360,2.7188808000000004
61361,1.7610300999999995
61362,3.5034902999999984
61363,1.5249604999999995
61364,1.5213400000000004
61365,1.9495603000000004
61366,1.2468499999999998
61367,2.334075
61368,2.2931210000000006
61369,2.0289807
61370,2.4140810000000017
61371,1.6213300000000006
61372,2.5784701
61373,1.5191799999999998
61374,1.9038202999999998
61375,1.8905599999999998
61376,1.9692115000000001
61377,1.5507000000000004
61378,2.2859004999999994
61379,1.3252602000000002
61380,1.7924599999999995
61381,2.6109601999999996
61382,1.81779
61383,1.0573057000000008
61384,2.1209103000000002
61385,2.3350308999999982
61386,2.8014302000000004
61387,2.0089600000000005
61388,1.817470000000001
61389,2.6844106999999973
61390,1.6032100999999992
61391,1.9716017
61392,1.094339999999999
61393,2.884909999999999
61394,2.8632799999999996
61395,2.0902800999999993
61396,1.537020000000002
61397,1.4983700000000004
61398,1.9885115000000007
61399,3.9422529999999973
61400,3.040140699999999
61401,1.7930901
61402,1.657210000000001
61403,1.7255602000000008
61404,1.265560099999999
61405,1.7068102000000003
61406,3.5466220999999987
61407,1.4368800999999995
61408,2.49774
61409,1.5866502
61410,1.5769101
61411,2.0941300000000003
61412,1.6612501000000015
61413,2.5056999999999974
61414,1.8983301000000015
61415,1.7155600000000002
61416,2.1433499999999994
61417,1.7875899999999987
61418,2.463710700000001
61419,1.8778200999999999
61420,1.2883281
61421,3.338702499999999
61422,1.5896399999999997
61423,2.4005702999999996
61424,2.435210199999999
61425,1.5414800000000008
61426,1.7757401000000008
61427,3.1945312
61428,1.7061302999999999
61429,2.2415502000000016
61430,1.9387299999999998
61431,4.264247499999994
61432,1.8272599999999992
61433,2.0690406999999995
61434,3.5118115999999993
61435,2.7024005
61436,1.907940599999999
61437,1.6255699999999988
61438,2.3299101000000007
61439,1.9301201999999997
61440,2.597933
61441,2.495002099999999
61442,1.62243
61443,3.7368232999999993
61444,1.9471101000000013
61445,1.3210502000000008
61446,1.98613
61447,1.7609001
61448,1.3365301
61449,2.486135149999998
61450,2.1418399999999997
61451,3.311932099999998
61452,1.4210300000000005
61453,3.0049433999999993
61454,1.5892702000000005
61455,1.6536699999999995
61456,1.4481900000000008
61457,1.4813001000000003
61458,2.0422104000000005
61459,1.7533999999999985
61460,1.820439999999999
61461,2.144790099999999
61462,1.3916701000000002
61463,2.4476603000000003
61464,1.7954100999999998
61465,2.035399999999999
61466,2.0469100000000005
61467,2.17738
61468,2.450404733333334
61469,2.5598299999999976
61470,2.0761999999999987
61471,1.398980200000001
61472,2.6715307999999993
61473,1.5509200000000007
61474,3.6694425999999982
61475,1.8538906000000004
61476,1.6465100999999995
61477,1.9780001000000005
61478,1.9161903
61479,1.4269700000000005
61480,3.4072615999999987
61481,1.6989900000000002
61482,1.8254800000000015
61483,1.9828800999999985
61484,1.8606199999999993
61485,1.9678799999999987
61486,1.9505100000000002
61487,1.6388199999999997
61488,2.3908600000000004
61489,2.018290799999999
61490,1.6437602
61491,1.0028799999999998
61492,2.3034500999999996
61493,1.664280000000002
61494,1.5231199999999987
61495,2.3330963000000007
61496,1.99376
61497,1.6257198999999998
61498,2.801910999999998
61499,1.68299
61500,1.8731201
61501,2.06814
61502,2.2625005999999988
61503,2.6360100000000015
61504,3.342702299999998
61505,1.3768300000000002
61506,1.6596499999999985
61507,2.925894699999999
61508,2.2162999999999995
61509,1.8320300999999992
61510,3.7193942999999967
61511,2.594409999999999
61512,1.5825201000000004
61513,2.1857200999999993
61514,1.8780199999999996
61515,2.7390805999999994
61516,2.103800300000002
61517,2.1837107000000016
61518,2.2156099999999985
61519,1.2648399999999986
61520,2.5014101000000015
61521,2.17996
61522,3.650750600000001
61523,2.4271410000000007
61524,3.362611899999999
61525,2.32732
61526,1.9911999999999994
61527,1.8579599999999983
61528,2.3295101
61529,1.29142
61530,1.7870299999999997
61531,1.2917100000000012
61532,1.5750400000000004
61533,1.6010000000000013
61534,1.5130100000000004
61535,1.5862600000000007
61536,4.709327799999992
61537,1.2887600000000006
61538,1.8906400000000014
61539,2.271899999999999
61540,3.2724330999999984
61541,2.6321800999999994
61542,2.7594303999999994
61543,2.5865910000000003
61544,1.6847899999999993
61545,1.9031300000000004
61546,2.1981815000000013
61547,3.3935312999999985
61548,1.6943601
61549,1.616600000000001
61550,1.6957499999999988
61551,2.0077699999999994
61552,1.4376299999999995
61553,1.6998899999999997
61554,1.4294199999999984
61555,1.8789499999999992
61556,1.8190300000000001
61557,3.1336927999999995
61558,1.7325699999999995
61559,3.5884321999999997
61560,2.220129999999999
61561,1.6866800999999987
61562,2.5856803000000026
61563,3.5806126999999996
61564,1.9007883333333329
61565,1.5905101000000001
61566,1.8493201000000001
61567,1.5194600000000005
61568,1.9484812999999994
61569,2.2345206999999996
61570,1.6931800000000004
61571,1.7023099999999998
61572,2.3140600000000004
61573,2.8605345
61574,1.1214699999999997
61575,1.8148199999999997
61576,2.501492400000001
61577,1.3800399999999993
61578,1.26742
61579,1.7802599999999993
61580,2.0777899999999994
61581,2.5624600999999996
61582,1.75716
61583,1.7027701000000002
61584,1.6377099999999996
61585,2.4854011999999988
61586,2.716940399999999
61587,2.6927499999999998
61588,2.7007199999999965
61589,1.4918
61590,1.5526205999999996
61591,2.1452401000000005
61592,2.6934436
61593,2.08804
61594,1.767550099999999
61595,1.8903608000000005
61596,2.15692
61597,2.8507204999999987
61598,2.1978299999999997
61599,2.4854518999999997
61600,1.7251503999999995
61601,1.6223500000000006
61602,2.3101902000000005
61603,1.8762699999999999
61604,1.4699802000000006
61605,1.3261900000000002
61606,1.5981801000000004
61607,1.9812701000000001
61608,2.4574703
61609,2.5384710000000017
61610,2.0202807999999997
61611,1.164290099999999
61612,3.508711099999999
61613,1.5843300999999996
61614,2.462089999999999
61615,2.0050399999999984
61616,1.198
61617,2.1483401
61618,1.780580099999999
61619,2.462490000000001
61620,2.2438901999999987
61621,1.5059000999999992
61622,2.510420500000002
61623,2.187533333333333
61624,1.8486902999999995
61625,2.797350099999999
61626,2.2619407000000002
61627,3.2438017000000015
61628,1.6519402000000014
61629,1.4002202000000004
61630,3.799184699999998
61631,1.9523700000000006
61632,0.9693700000000001
61633,1.6790000000000003
61634,2.1625500000000013
61635,2.9369809999999985
61636,2.505200000000001
61637,3.399030200000004
61638,1.8569404000000003
61639,1.5262599999999995
61640,3.1616701999999997
61641,1.246989999999999
61642,2.06829
61643,1.873460299999999
61644,2.0073502000000003
61645,3.8386119000000014
61646,1.7296301
61647,2.387011400000004
61648,3.9055010999999964
61649,1.7527200000000007
61650,2.652139999999999
61651,2.0945102999999983
61652,2.24754
61653,1.8945999999999998
61654,2.3139007000000014
61655,1.4071602999999997
61656,1.56334
61657,1.1866900000000005
61658,1.8413199999999998
61659,2.193400800000001
61660,1.8963302000000002
61661,1.4896300000000011
61662,1.4696699999999994
61663,1.8112012999999998
61664,2.1698500000000003
61665,3.512972299999997
61666,1.8756599999999994
61667,3.1807816999999976
61668,1.476200199999999
61669,2.325219999999999
61670,1.8980100999999987
61671,1.5579700000000012
61672,2.1075704999999996
61673,2.0080700000000014
61674,2.4401407
61675,1.8309600999999995
61676,1.9030805000000006
61677,4.9393892999999895
61678,1.7006299999999988
61679,1.6211999999999986
61680,2.9969800999999974
61681,2.123500000000003
61682,3.9575413000000013
61683,2.9044801999999987
61684,1.3315800000000022
61685,1.6289699999999998
61686,1.6637500000000016
61687,1.2194102000000004
61688,1.6570699999999994
61689,2.111490200000001
61690,4.057903199999994
61691,1.907581000000001
61692,1.5328102999999995
61693,1.786419999999999
61694,1.9893400000000003
61695,2.7287300000000023
61696,1.9040703999999993
61697,1.8229300999999998
61698,1.90199
61699,1.9116500000000014
61700,3.533161099999997
61701,1.35444
61702,1.6970099999999997
61703,2.1860999999999997
61704,2.5117906
61705,1.3914500000000003
61706,1.8443900000000002
61707,1.528880000000001
61708,1.4588799999999995
61709,1.2738599999999995
61710,1.7317814000000007
61711,2.037760100000001
61712,1.16662
61713,1.5161202000000003
61714,1.7069299999999996
61715,3.6212654999999985
61716,1.506380000000001
61717,2.025809999999999
61718,1.4346799999999993
61719,1.41716
61720,1.2482400000000002
61721,2.0796600000000014
61722,1.9030001000000005
61723,1.5819099999999988
61724,2.102930000000001
61725,2.2169999999999983
61726,1.8904699999999997
61727,1.3767499999999995
61728,2.301131499999997
61729,1.5915099999999998
61730,1.9972601999999997
61731,1.5800401000000006
61732,2.1750803999999992
61733,1.4821700000000007
61734,2.4896800999999997
61735,1.5086300000000006
61736,2.07792
61737,2.142841866666666
61738,3.139040200000001
61739,1.6990899999999995
61740,1.7153600000000002
61741,2.287810099999998
61742,1.6077800999999996
61743,2.3573216000000023
61744,1.1847301000000001
61745,1.4327101000000002
61746,3.2928203999999983
61747,2.2504100999999994
61748,1.5605000000000004
61749,1.8784799999999988
61750,1.8849199999999997
61751,1.3481899999999996
61752,1.683610000000001
61753,3.869623499999997
61754,2.10078
61755,2.294800100000001
61756,1.852360700000001
61757,1.8667000000000007
61758,1.6323500000000004
61759,1.3583601
61760,1.6804800000000009
61761,3.465893599999997
61762,2.7626506999999987
61763,3.2879110999999988
61764,1.5849799999999998
61765,2.3921923999999994
61766,1.69158
61767,1.5750899999999999
61768,1.353369999999999
61769,1.5989003999999993
61770,1.3173104000000007
61771,1.6128000999999992
61772,2.04774
61773,2.0117199999999995
61774,2.675161300000001
61775,2.5838202999999997
61776,1.5940300000000003
61777,1.7598800000000006
61778,1.4084400000000008
61779,2.00903
61780,2.884260099999999
61781,1.8695999999999993
61782,2.4085505999999994
61783,2.839490600000002
61784,1.9571801000000015
61785,1.8322899999999993
61786,1.5846799999999999
61787,1.5599300999999988
61788,1.8951901
61789,1.939190300000001
61790,1.7893001000000004
61791,1.9964005999999999
61792,1.7860299999999996
61793,3.8024227999999995
61794,3.539331999999998
61795,1.459779999999999
61796,1.8211500000000007
61797,1.8280200000000004
61798,1.5185400000000002
61799,2.2888906999999996
61800,1.4579103
61801,1.6203502999999995
61802,1.6763600000000003
61803,1.66269
61804,4.84585889999999
61805,2.1530703999999976
61806,3.1122211999999996
61807,2.1081212000000003
61808,4.768318199999991
61809,1.8563802999999999
61810,1.9996200000000002
61811,1.3551502000000002
61812,1.9661900000000005
61813,2.3148700000000013
61814,1.5962502999999992
61815,2.12087
61816,2.4673499999999975
61817,2.5048099999999986
61818,2.0518900000000007
61819,2.202491299999999
61820,2.10726
61821,2.008100000000001
61822,2.731350200000002
61823,1.6480800000000002
61824,2.956050000000001
61825,2.8693000999999985
61826,2.184490000000001
61827,2.1145905000000003
61828,1.888839999999999
61829,3.1343799999999997
61830,2.9271801000000006
61831,4.028295399999997
61832,2.4962725999999997
61833,2.0552499999999987
61834,1.8294400000000002
61835,1.8220499999999995
61836,4.030713899999999
61837,2.1476303000000003
61838,2.1886505000000005
61839,3.885182799999999
61840,1.6132801000000003
61841,4.060583899999995
61842,1.2523601999999998
61843,2.458499999999998
61844,2.3843200999999987
61845,1.7333900000000002
61846,2.613671000000001
61847,3.065012999999999
61848,1.840767500000001
61849,1.5842100000000001
61850,2.973511199999998
61851,1.5678000000000005
61852,1.7318602000000005
61853,3.0202904000000017
61854,2.463080600000001
61855,3.191770599999998
61856,1.8706502000000018
61857,1.5772799999999991
61858,4.1980146999999945
61859,1.4815643666666667
61860,3.9040057999999953
61861,1.3326900000000008
61862,1.4866799999999996
61863,2.313721
61864,1.8953902
61865,1.57343
61866,2.5623008000000005
61867,1.9276399999999987
61868,1.6119699999999995
61869,2.817610500000001
61870,1.8624500000000004
61871,1.8041100000000008
61872,3.3859306999999985
61873,1.7612500999999994
61874,1.4651600000000002
61875,1.3198199999999993
61876,1.8758600999999993
61877,2.775810499999998
61878,1.500219999999999
61879,4.867528899999989
61880,3.9972702000000013
61881,3.387641100000002
61882,1.2173199999999995
61883,1.2250799999999997
61884,1.5171900000000011
61885,1.4244400000000002
61886,1.9367759333333336
61887,1.6900799999999998
61888,3.9075552999999963
61889,1.9985299999999997
61890,2.3316800000000004
61891,1.7393099999999995
61892,2.1538699999999995
61893,1.6967501000000005
61894,3.277381399999998
61895,2.19757079047619
